calendar_year,month,dollars_per_gallon
1994,4,1.087
1994,5,1.082
1994,6,1.086
1994,7,1.094
1994,8,1.110
1994,9,1.102
1994,10,1.094
1994,11,1.101
1994,12,1.087
1995,1,1.074
1995,2,1.065
1995,3,1.068
1995,4,1.084
1995,5,1.101
1995,6,1.097
1995,7,1.075
1995,8,1.085
1995,9,1.099
1995,10,1.088
1995,11,1.098
1995,12,1.110
1996,1,1.119
1996,2,1.123
1996,3,1.172
1996,4,1.260
1996,5,1.247
1996,6,1.164
1996,7,1.145
1996,8,1.186
1996,9,1.249
1996,10,1.307
1996,11,1.314
1996,12,1.298
1997,1,1.267
1997,2,1.257
1997,3,1.204
1997,4,1.188
1997,5,1.189
1997,6,1.167
1997,7,1.141
1997,8,1.148
1997,9,1.132
1997,10,1.161
1997,11,1.167
1997,12,1.140
1998,1,1.086
1998,2,1.060
1998,3,1.049
1998,4,1.049
1998,5,1.048
1998,6,1.022
1998,7,1.009
1998,8,0.985
1998,9,1.009
1998,10,1.020
1998,11,1.003
1998,12,0.950
1999,1,0.944
1999,2,0.939
1999,3,0.973
1999,4,1.047
1999,5,1.047
1999,6,1.043
1999,7,1.091
1999,8,1.146
1999,9,1.204
1999,10,1.220
1999,11,1.260
1999,12,1.287
2000,1,1.324
2000,2,1.429
2000,3,1.463
2000,4,1.414
2000,5,1.426
2000,6,1.428
2000,7,1.420
2000,8,1.436
2000,9,1.610
2000,10,1.601
2000,11,1.580
2000,12,1.515
2001,1,1.501
2001,2,1.474
2001,3,1.375
2001,4,1.402
2001,5,1.537
2001,6,1.495
2001,7,1.350
2001,8,1.409
2001,9,1.555
2001,10,1.367
2001,11,1.266
2001,12,1.160
2002,1,1.128
2002,2,1.126
2002,3,1.208
2002,4,1.294
2002,5,1.287
2002,6,1.264
2002,7,1.287
2002,8,1.313
2002,9,1.400
2002,10,1.461
2002,11,1.421
2002,12,1.430
2003,1,1.473
2003,2,1.639
2003,3,1.661
2003,4,1.495
2003,5,1.436
2003,6,1.409
2003,7,1.408
2003,8,1.464
2003,9,1.450
2003,10,1.482
2003,11,1.470
2003,12,1.460
2004,1,1.520
2004,2,1.544
2004,3,1.596
2004,4,1.648
2004,5,1.677
2004,6,1.659
2004,7,1.693
2004,8,1.801
2004,9,1.889
2004,10,2.105
2004,11,2.112
2004,12,1.972
2005,1,1.930
2005,2,1.973
2005,3,2.163
2005,4,2.236
2005,5,2.138
2005,6,2.264
2005,7,2.341
2005,8,2.445
2005,9,2.753
2005,10,3.098
2005,11,2.541
2005,12,2.416
2006,1,2.425
2006,2,2.420
2006,3,2.512
2006,4,2.694
2006,5,2.845
2006,6,2.851
2006,7,2.934
2006,8,3.051
2006,9,2.714
2006,10,2.475
2006,11,2.541
2006,12,2.562
2007,1,2.429
2007,2,2.443
2007,3,2.650
2007,4,2.817
2007,5,2.763
2007,6,2.774
2007,7,2.854
2007,8,2.864
2007,9,2.973
2007,10,3.061
2007,11,3.373
2007,12,3.304
2008,1,3.270
2008,2,3.346
2008,3,3.855
2008,4,4.040
2008,5,4.382
2008,6,4.604
2008,7,4.630
2008,8,4.222
2008,9,3.984
2008,10,3.548
2008,11,2.824
2008,12,2.430
2009,1,2.264
2009,2,2.146
2009,3,2.039
2009,4,2.165
2009,5,2.170
2009,6,2.501
2009,7,2.512
2009,8,2.606
2009,9,2.605
2009,10,2.656
2009,11,2.769
2009,12,2.719
2010,1,2.810
2010,2,2.739
2010,3,2.885
2010,4,3.033
2010,5,3.038
2010,6,2.916
2010,7,2.878
2010,8,2.931
2010,9,2.923
2010,10,3.039
2010,11,3.124
2010,12,3.222
2011,1,3.353
2011,2,3.533
2011,3,3.855
2011,4,4.025
2011,5,4.001
2011,6,3.885
2011,7,3.880
2011,8,3.840
2011,9,3.808
2011,10,3.754
2011,11,3.952
2011,12,3.807
2012,1,3.723
2012,2,3.843
2012,3,4.019
2012,4,4.013
2012,5,3.877
2012,6,3.676
2012,7,3.682
2012,8,3.971
2012,9,4.062
2012,10,4.058
2012,11,3.950
2012,12,3.937
2013,1,3.854
2013,2,4.078
2013,3,4.031
2013,4,3.911
2013,5,3.907
2013,6,3.871
2013,7,3.850
2013,8,3.873
2013,9,3.942
2013,10,3.855
2013,11,3.812
2013,12,3.867
2014,1,3.862
2014,2,3.982
2014,3,3.992
2014,4,3.942
2014,5,3.910
2014,6,3.860
2014,7,3.828
2014,8,3.782
2014,9,3.731
2014,10,3.631
2014,11,3.735
2014,12,3.460
2015,1,2.951
2015,2,2.788
2015,3,2.803
2015,4,2.665
2015,5,2.764
2015,6,2.762
2015,7,2.682
2015,8,2.509
2015,9,2.459
2015,10,2.566
2015,11,2.478
2015,12,2.258
2016,1,2.059
2016,2,1.927
2016,3,2.054
2016,4,2.104
2016,5,2.282
2016,6,2.382
2016,7,2.371
2016,8,2.317
2016,9,2.372
2016,10,2.425
2016,11,2.381
2016,12,2.461
2017,1,2.528
2017,2,2.493
2017,3,2.479
2017,4,2.516
2017,5,2.494
2017,6,2.439
2017,7,2.440
2017,8,2.562
2017,9,2.736
2017,10,2.766
2017,11,2.876
2017,12,2.862
2018,1,2.973
2018,2,2.995
2018,3,2.913
2018,4,3.013
2018,5,3.179
2018,6,3.185
2018,7,3.163
2018,8,3.143
2018,9,3.203
2018,10,3.325
2018,11,3.237
2018,12,3.010
2019,1,2.826
2019,2,2.890
2019,3,3.003
2019,4,3.017
2019,5,3.049
2019,6,2.978
2019,7,2.947
2019,8,2.914
2019,9,2.920
2019,10,2.964
2019,11,2.967
2019,12,2.973
2020,1,2.945
2020,2,2.782
2020,3,2.587
2020,4,2.340
2020,5,2.237
2020,6,2.262
2020,7,2.307
2020,8,2.310
2020,9,2.295
2020,10,2.266
2020,11,2.322
2020,12,2.514
2021,1,2.622
2021,2,2.805
2021,3,3.118
2021,4,3.064
2021,5,3.162
2021,6,3.231
2021,7,3.262
2021,8,3.253
2021,9,3.296
2021,10,3.554
2021,11,3.624
2021,12,3.505
2022,1,3.594
2022,2,3.891
2022,3,4.912
2022,4,4.936
2022,5,5.320
2022,6,5.662
2022,7,5.460
2022,8,5.000
2022,9,5.023
2022,10,5.226
2022,11,5.253
2022,12,4.609
2023,1,4.427
2023,2,4.242
2023,3,4.055
2023,4,3.983
2023,5,3.832
2023,6,3.731
2023,7,3.818
2023,8,4.300
2023,9,4.435
2023,10,4.425
2023,11,4.241
2023,12,3.882
2024,1,3.716
2024,2,3.938
2024,3,3.943
2024,4,3.948
2024,5,3.725
2024,6,3.597
2024,7,3.747
2024,8,3.678
2024,9,3.531
2024,10,3.588
2024,11,3.505
2024,12,3.463
2025,1,3.570
2025,2,3.592
2025,3,3.504
2025,4,3.505
2025,5,3.439
2025,6,3.569
2025,7,3.764
2025,8,3.735
2025,9,3.730
2025,10,3.639
2025,11,3.857
2025,12,3.573
2026,1,3.444
2026,2,3.681
2026,3,4.785
2026,4,5.246
2026,5,5.732
2026,6,4.984
2026,7,4.825
2026,8,5.417
