irn,district,enrolled_adm_fy24,headcount_kindergarten,headcount_grades_1_3,headcount_grades_4_8,headcount_grades_9_12
045187,Ada Exempted Village (045187) - Hardin County,847.8230,68,202,349,229
061903,Adams County Ohio Valley Local (061903) - Adams County,3273.8026,245,766,1215,1126
049494,Adena Local (049494) - Ross County,1067.8596,78,266,455,297
043489,Akron City (043489) - Summit County,19094.5748,1528,4588,7348,5933
045906,Alexander Local (045906) - Athens County,1400.5706,117,358,539,383
045757,Allen East Local (045757) - Allen County,1003.5369,101,219,422,258
043497,Alliance City (043497) - Stark County,2592.6485,191,586,995,929
046847,Amanda-Clearcreek Local (046847) - Fairfield County,1453.2647,127,362,557,419
045195,Amherst Exempted Village (045195) - Lorain County,3493.8542,256,780,1410,1050
049759,Anna Local (049759) - Shelby County,1081.9378,91,256,434,300
046623,Ansonia Local (046623) - Darke County,690.5768,49,168,264,212
048207,Anthony Wayne Local (048207) - Lucas County,3932.1055,216,925,1710,1283
048991,Antwerp Local (048991) - Paulding County,596.1966,47,133,232,173
047415,Arcadia Local (047415) - Hancock County,581.5033,39,134,210,200
046631,Arcanum-Butler Local (046631) - Darke County,1049.4693,90,265,388,307
047043,Archbold-Area Local (047043) - Fulton County,1134.9384,81,258,449,338
047423,Arlington Local (047423) - Hancock County,598.7093,61,148,222,164
043505,Ashland City (043505) - Ashland County,2901.7068,205,677,1184,858
043513,Ashtabula Area City (043513) - Ashtabula County,2698.2555,208,591,1107,845
043521,Athens City School District (043521) - Athens County,2233.8287,167,505,894,670
049171,Aurora City (049171) - Portage County,2819.3417,198,636,1149,961
048298,Austintown Local Schools (048298) - Mahoning County,4109.7154,335,926,1578,1228
048124,Avon Lake City (048124) - Lorain County,3296.3372,209,733,1370,1066
048116,Avon Local (048116) - Lorain County,4133.7908,234,934,1705,1386
046706,Ayersville Local (046706) - Defiance County,662.1700,50,135,280,207
043539,Barberton City (043539) - Summit County,3228.3032,245,757,1240,1186
045203,Barnesville Exempted Village (045203) - Belmont County,1229.0851,87,283,523,364
046300,Batavia Local (046300) - Clermont County,2288.5314,176,534,938,657
045765,Bath Local (045765) - Allen County,1603.6758,120,379,677,434
043547,Bay Village City (043547) - Cuyahoga County,2318.8431,161,509,892,745
043554,Beachwood City (043554) - Cuyahoga County,1365.5798,89,281,532,573
046425,Beaver Local (046425) - Columbiana County,1679.9952,114,380,680,517
047241,Beavercreek City (047241) - Greene County,7527.1837,526,1887,3126,2087
043562,Bedford City (043562) - Cuyahoga County,2633.9287,188,594,1003,948
043570,Bellaire Local (043570) - Belmont County,1084.8568,94,246,434,287
047274,Bellbrook-Sugarcreek Local (047274) - Greene County,2559.0618,190,605,1073,819
043588,Bellefontaine City (043588) - Logan County,2117.3309,172,497,815,652
043596,Bellevue City (043596) - Huron County,1706.1468,121,406,670,526
043604,Belpre City (043604) - Washington County,892.9651,73,223,354,245
048074,Benjamin Logan Local (048074) - Logan County,1603.7671,117,357,646,505
048926,Benton Carroll Salem Local (048926) - Ottawa County,1264.3139,87,272,527,414
043612,Berea City (043612) - Cuyahoga County,4946.3534,353,1134,1892,1769
047167,Berkshire Local (047167) - Geauga County,1295.6223,101,325,496,415
046854,Berne Union Local (046854) - Fairfield County,788.9505,71,172,319,237
048611,Bethel Local (048611) - Miami County,1927.5259,180,436,818,490
046318,Bethel-Tate Local (046318) - Clermont County,1317.3839,94,335,504,391
043620,Bexley City (043620) - Franklin County,2534.1021,170,587,998,760
046748,Big Walnut Local (046748) - Delaware County,3884.6538,269,949,1597,1246
048462,Black River Local (048462) - Medina County,936.8950,61,238,366,270
046383,Blanchester Local (046383) - Clinton County,1071.2206,89,261,429,304
046862,Bloom-Carroll Local (046862) - Fairfield County,2262.0645,154,519,919,666
049593,Bloom-Vernon Local (049593) - Scioto County,767.8029,97,196,297,181
050096,Bloomfield-Mespo Local (050096) - Trumbull County,198.4961,23,47,76,44
045211,Bluffton Exempted Village (045211) - Allen County,1144.6487,97,250,475,345
048306,Boardman Local (048306) - Mahoning County,3649.4317,305,831,1414,1100
049767,Botkins Local (049767) - Shelby County,614.9956,43,150,253,164
043638,Bowling Green City School District (043638) - Wood County,2389.3772,179,538,936,765
045229,Bradford Exempted Village (045229) - Miami County,488.6351,52,118,193,116
043646,Brecksville-Broadview Heights City (043646) - Cuyahoga County,3434.9921,252,823,1317,1212
045237,Bridgeport Exempted Village (045237) - Belmont County,695.0723,61,180,282,170
047613,Bright Local (047613) - Highland County,651.5814,52,163,278,166
050112,Bristol Local (050112) - Trumbull County,456.8354,43,112,164,132
050120,Brookfield Local (050120) - Trumbull County,968.1107,67,230,399,269
043653,Brooklyn City (043653) - Cuyahoga County,972.1736,72,201,401,363
048678,Brookville Local (048678) - Montgomery County,1480.1816,119,326,609,406
046177,Brown Local (046177) - Carroll County,577.5154,46,137,219,166
043661,Brunswick City (043661) - Medina County,5759.2772,353,1270,2294,1875
043679,Bryan City (043679) - Williams County,1710.6612,171,383,675,490
046508,Buckeye Central Local (046508) - Crawford County,590.7343,44,111,256,179
045856,Buckeye Local (045856) - Ashtabula County,1642.4119,124,379,665,485
047787,Buckeye Local (047787) - Jefferson County,1248.7128,87,294,485,359
048470,Buckeye Local (048470) - Medina County,2017.4109,149,452,825,659
046755,Buckeye Valley Local (046755) - Delaware County,2157.0224,184,520,891,612
043687,Bucyrus City (043687) - Crawford County,972.6628,84,243,409,262
045252,Caldwell Exempted Village (045252) - Noble County,734.4791,72,148,276,231
043695,Cambridge City (043695) - Guernsey County,1743.3935,144,439,656,488
043703,Campbell City (043703) - Mahoning County,1047.2834,93,278,410,289
046946,Canal Winchester Local (046946) - Franklin County,3556.9347,212,830,1467,1132
048314,Canfield Local (048314) - Mahoning County,2441.7429,172,581,969,718
043711,Canton City (043711) - Stark County,7293.2894,584,1682,2732,2441
049833,Canton Local (049833) - Stark County,1609.6231,124,328,614,823
047175,Cardinal Local (047175) - Geauga County,726.5563,34,158,324,234
048793,Cardington-Lincoln Local (048793) - Morrow County,909.6457,63,215,369,260
045260,Carey Exempted Village Schools (045260) - Wyandot County,813.1210,60,161,295,292
050419,Carlisle Local (050419) - Warren County,1474.6468,125,379,594,427
045278,Carrollton Exempted Village (045278) - Carroll County,1712.7457,121,363,690,528
047258,Cedar Cliff Local (047258) - Greene County,552.0832,33,125,242,167
043729,Celina City (043729) - Mercer County,2330.0156,186,520,903,1142
047829,Centerburg Local (047829) - Knox County,1021.7020,66,253,395,297
043737,Centerville City (043737) - Montgomery County,7848.6372,552,1744,3110,2735
046714,Central Local (046714) - Defiance County,909.4867,82,213,351,265
045286,Chagrin Falls Exempted Village (045286) - Cuyahoga County,1516.0223,98,326,633,548
050138,Champion Local (050138) - Trumbull County,1218.1874,89,286,472,369
047183,Chardon Local (047183) - Geauga County,2418.5648,140,505,902,903
045294,Chesapeake Union Exempted Village (045294) - Lawrence County,1083.5533,81,276,466,292
043745,Chillicothe City (043745) - Ross County,2469.9866,183,535,962,839
050534,Chippewa Local (050534) - Wayne County,1152.6957,102,257,436,377
043752,Cincinnati Public Schools (043752) - Hamilton County,32808.4156,2684,7742,12257,10301
043760,Circleville City (043760) - Pickaway County,1890.2724,158,489,768,551
046284,Clark-Shawnee Local (046284) - Clark County,1651.4883,152,399,676,410
049601,Clay Local (049601) - Scioto County,573.8286,52,145,236,142
043778,Claymont City (043778) - Tuscarawas County,1501.2055,126,384,610,378
049411,Clear Fork Valley Local (049411) - Richland County,1474.0137,107,346,559,457
048132,Clearview Local (048132) - Lorain County,1261.4784,97,281,558,353
046326,Clermont Northeastern Local (046326) - Clermont County,1264.0714,81,262,523,404
043794,Cleveland Heights-University Heights City (043794) - Cuyahoga County,4625.6843,307,1014,1771,1666
043786,Cleveland Municipal (043786) - Cuyahoga County,32743.6392,2488,7274,11812,10658
046391,Clinton-Massie Local (046391) - Clinton County,1618.3587,123,393,671,459
048488,Cloverleaf Local (048488) - Medina County,2211.2311,175,478,970,588
045302,Clyde-Green Springs Exempted Village (045302) - Sandusky County,1870.6163,134,434,768,577
045310,Coldwater Exempted Village (045310) - Mercer County,1439.3927,139,383,539,377
046516,Colonel Crawford Local (046516) - Crawford County,869.1372,61,213,385,223
048140,Columbia Local (048140) - Lorain County,965.7821,64,218,400,275
045328,Columbiana Exempted Village (045328) - Columbiana County,934.8091,67,204,366,303
043802,Columbus City Schools District (043802) - Franklin County,43018.6033,3708,10987,16247,12669
049312,Columbus Grove Local (049312) - Putnam County,715.5929,60,153,275,238
043810,Conneaut Area City (043810) - Ashtabula County,1476.5505,127,373,590,391
047548,Conotton Valley Union Local (047548) - Harrison County,454.1434,40,117,184,107
049320,Continental Local (049320) - Putnam County,471.6923,55,109,180,123
049981,Copley-Fairlawn City (049981) - Summit County,2675.5726,175,623,1016,922
047431,Cory-Rawson Local (047431) - Hancock County,494.2305,29,86,211,170
043828,Coshocton City (043828) - Coshocton County,1458.0903,133,343,607,387
049999,Coventry Local (049999) - Summit County,1393.7407,79,284,520,534
045336,Covington Exempted Village (045336) - Miami County,745.6120,61,196,288,205
045344,Crestline Exempted Village (045344) - Crawford County,523.7301,46,136,219,150
046433,Crestview Local (046433) - Columbiana County,1118.1211,77,271,461,322
049429,Crestview Local (049429) - Richland County,850.8344,64,169,339,259
050351,Crestview Local (050351) - Van Wert County,835.7755,65,191,333,242
049189,Crestwood Local (049189) - Portage County,1287.8345,87,258,537,390
045351,Crooksville Exempted Village (045351) - Perry County,1011.8248,90,237,397,283
043836,Cuyahoga Falls City (043836) - Summit County,3888.1144,318,920,1546,1235
046557,Cuyahoga Heights Local (046557) - Cuyahoga County,732.1652,53,156,287,255
050542,Dalton Local (050542) - Wayne County,886.2096,74,206,349,259
048934,Danbury Local (048934) - Ottawa County,470.5143,35,106,184,142
047837,Danville Local (047837) - Knox County,558.8835,38,138,212,164
047928,Dawson-Bryant Local (047928) - Lawrence County,1101.0724,90,259,452,303
043844,Dayton City (043844) - Montgomery County,11744.2124,877,2661,4103,4014
043851,Deer Park Community City (043851) - Hamilton County,1077.7022,85,220,449,325
043869,Defiance City (043869) - Defiance County,2347.4748,229,492,897,706
043877,Delaware City (043877) - Delaware County,5256.4043,401,1280,2085,1603
043885,Delphos City (043885) - Allen County,823.5053,73,198,308,257
043893,Dover City (043893) - Tuscarawas County,2555.0800,174,586,987,816
047027,Dublin City (047027) - Franklin County,15806.2083,966,3740,6446,5202
043901,East Cleveland City School District (043901) - Cuyahoga County,1135.8740,79,215,399,440
046409,East Clinton Local (046409) - Clinton County,1081.3163,103,288,443,265
069682,East Guernsey Local (069682) - Guernsey County,950.3569,63,220,399,258
047688,East Holmes Local (047688) - Holmes County,1478.4475,153,419,658,269
047845,East Knox Local (047845) - Knox County,914.1996,73,227,346,268
043919,East Liverpool City (043919) - Columbiana County,1878.4490,147,432,737,564
048835,East Muskingum Local (048835) - Muskingum County,2026.2789,145,485,831,532
043927,East Palestine City (043927) - Columbiana County,869.7769,48,210,337,263
048512,Eastern Local (048512) - Meigs County,718.3811,62,149,297,203
046037,Eastern Local School District (046037) - Brown County,1056.4260,94,278,435,264
049122,Eastern Local School District (049122) - Pike County,727.3935,70,156,312,167
050674,Eastwood Local (050674) - Wood County,1377.2011,103,347,587,336
043935,Eaton Community City (043935) - Preble County,1805.9120,141,437,728,526
050617,Edgerton Local (050617) - Williams County,495.7475,49,105,184,167
046094,Edgewood City School District (046094) - Butler County,3238.1419,218,737,1331,1074
047795,Edison Local (047795) - Jefferson County,1272.9246,80,280,502,400
046789,Edison Local (formerly Berlin-Milan) (046789) - Erie County,1334.3898,124,323,529,368
050625,Edon Northwest Local (050625) - Williams County,489.0956,45,120,191,131
048413,Elgin Local (048413) - Marion County,981.1051,67,239,408,260
045773,Elida Local (045773) - Allen County,2031.0218,173,527,791,564
050682,Elmwood Local (050682) - Wood County,1081.8899,84,236,434,312
043943,Elyria City Schools (043943) - Lorain County,5412.9269,449,1338,2048,1600
043950,Euclid City (043950) - Cuyahoga County,4165.7042,313,902,1545,1642
047050,Evergreen Local (047050) - Fulton County,1091.5016,120,240,423,317
050328,Fairbanks Local (050328) - Union County,1036.2107,83,214,405,353
043968,Fairborn City (043968) - Greene County,3980.6842,357,1040,1630,973
046102,Fairfield City (046102) - Butler County,8686.2152,603,2082,3633,2880
047621,Fairfield Local (047621) - Highland County,852.9553,64,210,344,247
046870,Fairfield Union Local (046870) - Fairfield County,1915.0901,152,438,765,558
047936,Fairland Local (047936) - Lawrence County,1310.6461,94,306,556,356
049775,Fairlawn Local (049775) - Shelby County,497.0229,39,124,224,134
049841,Fairless Local (049841) - Stark County,1243.3469,102,306,499,311
045369,Fairport Harbor Exempted Village (045369) - Lake County,562.6557,45,124,230,194
043976,Fairview Park City (043976) - Cuyahoga County,1404.1516,101,293,568,496
047068,Fayette Local (047068) - Fulton County,308.2073,22,84,105,96
046045,Fayetteville-Perry Local (046045) - Brown County,731.8299,57,179,305,221
045914,Federal Hocking Local (045914) - Athens County,816.4535,69,209,325,212
046334,Felicity-Franklin Local (046334) - Clermont County,646.3656,52,140,273,172
049197,Field Local (049197) - Portage County,1918.8226,150,476,752,531
043984,Findlay City (043984) - Hancock County,4840.4930,365,1116,1805,1996
047332,Finneytown Local (047332) - Hamilton County,1167.5571,110,242,462,360
048157,Firelands Local (048157) - Lorain County,1697.4153,123,408,679,497
047340,Forest Hills Local (047340) - Hamilton County,6482.9040,454,1476,2636,2157
050484,Fort Frye Local (050484) - Washington County,907.1740,54,206,383,246
049783,Fort Loramie Local (049783) - Shelby County,670.7972,58,172,272,186
048595,Fort Recovery Local (048595) - Mercer County,934.6796,84,220,330,298
043992,Fostoria City (043992) - Seneca County,1667.2140,147,438,619,502
044008,Franklin City (044008) - Warren County,2592.5176,239,650,1032,674
048843,Franklin Local (048843) - Muskingum County,1737.9558,134,417,733,454
046649,Franklin Monroe Local (046649) - Darke County,477.6126,38,115,182,149
047852,Fredericktown Local (047852) - Knox County,1165.8502,92,297,435,327
044016,Fremont City (044016) - Sandusky County,3136.4416,228,755,1284,974
050492,Frontier Local (050492) - Washington County,536.2928,53,125,214,140
046961,Gahanna-Jefferson City (046961) - Franklin County,7868.2993,577,1791,3072,2425
044024,Galion City (044024) - Crawford County,1460.5967,113,372,588,402
065680,Gallia County Local (065680) - Gallia County,1967.8244,163,483,798,555
044032,Gallipolis City (044032) - Gallia County,1774.4627,141,451,728,485
050278,Garaway Local (050278) - Tuscarawas County,1063.2900,94,276,406,277
044040,Garfield Heights City Schools (044040) - Cuyahoga County,2740.4641,157,564,1043,1067
044057,Geneva Area City (044057) - Ashtabula County,1953.8710,137,414,774,647
048942,Genoa Area Local (048942) - Ottawa County,1212.8823,100,292,454,381
045377,Georgetown Exempted Village (045377) - Brown County,929.7659,77,249,362,253
045385,Gibsonburg Exempted Village (045385) - Sandusky County,670.7928,47,159,282,215
044065,Girard City School District (044065) - Trumbull County,1520.0388,130,381,574,430
046342,Goshen Local (046342) - Clermont County,2616.4246,182,592,1050,808
046193,Graham Local (046193) - Champaign County,1454.7445,119,338,591,469
045864,Grand Valley Local (045864) - Ashtabula County,815.3730,60,199,306,244
044073,Grandview Heights Schools (044073) - Franklin County,1127.7074,82,277,447,327
045393,Granville Exempted Village (045393) - Licking County,2446.1752,133,552,1034,805
049619,Green Local (049619) - Scioto County,469.1341,36,112,205,125
050013,Green Local (050013) - Summit County,3730.5313,240,847,1512,1223
050559,Green Local (050559) - Wayne County,1021.2107,92,270,406,275
047266,Greeneview Local (047266) - Greene County,1256.0166,82,335,528,304
045401,Greenfield Exempted Village (045401) - Highland County,1803.9444,134,438,668,543
046235,Greenon Local (046235) - Clark County,1564.0915,133,372,629,428
044099,Greenville City (044099) - Darke County,2307.6764,168,498,854,813
046979,Groveport Madison Local (046979) - Franklin County,6122.0477,435,1491,2404,1796
044107,Hamilton City (044107) - Butler County,8379.5936,656,1895,3383,2601
046953,Hamilton Local (046953) - Franklin County,2950.0394,263,714,1163,822
047498,Hardin Northern Local (047498) - Hardin County,374.9963,23,86,170,90
049791,Hardin-Houston Local (049791) - Shelby County,697.7899,61,174,280,173
045245,Harrison Hills City (045245) - Harrison County,1279.5662,102,293,514,354
044115,Heath City (044115) - Licking County,1611.7980,117,378,671,482
045419,Hicksville Exempted Village School District (045419) - Defiance County,873.8941,84,219,353,208
048496,Highland Local (048496) - Medina County,3292.0491,238,725,1321,1029
048801,Highland Local (048801) - Morrow County,1607.6059,121,363,631,489
047019,Hilliard City (047019) - Franklin County,15612.7182,1066,3462,5923,5237
044123,Hillsboro City (044123) - Highland County,2121.2750,195,522,809,627
045823,Hillsdale Local (045823) - Ashland County,791.3953,71,186,345,196
047571,Holgate Local (047571) - Henry County,394.7088,26,81,162,124
049700,Hopewell-Loudon Local (049700) - Seneca County,725.2493,54,161,304,237
050161,Howland Local (050161) - Trumbull County,2295.8291,172,512,891,728
045427,Hubbard Exempted Village (045427) - Trumbull County,1738.8854,138,387,646,552
048751,Huber Heights City (048751) - Montgomery County,5631.4618,420,1275,2254,1729
050021,Hudson City (050021) - Summit County,4256.4910,286,982,1709,1414
049502,Huntington Local (049502) - Ross County,1018.9730,75,263,382,296
044131,Huron City Schools (044131) - Erie County,1120.6355,86,237,432,366
046565,Independence Local (046565) - Cuyahoga County,962.3537,62,241,379,298
047803,Indian Creek Local (047803) - Jefferson County,1784.0475,151,396,655,567
045435,Indian Hill Exempted Village (045435) - Hamilton County,2127.0062,149,530,885,651
048082,Indian Lake Local (048082) - Logan County,1348.8924,101,312,500,458
050286,Indian Valley Local (050286) - Tuscarawas County,1657.9240,127,438,653,429
044149,Ironton City School District (044149) - Lawrence County,1263.6407,97,277,505,393
049809,Jackson Center Local (049809) - Shelby County,475.9981,30,133,203,126
044156,Jackson City (044156) - Jackson County,2185.4168,194,535,900,590
049858,Jackson Local (049858) - Stark County,5776.4401,372,1324,2199,1893
048322,Jackson-Milton Local (048322) - Mahoning County,772.0154,60,202,324,180
049205,James A Garfield Local (049205) - Portage County,1144.0482,70,246,456,364
045872,Jefferson Area Local (045872) - Ashtabula County,1680.2562,130,403,722,422
048256,Jefferson Local (048256) - Madison County,930.1520,67,234,377,271
048686,Jefferson Township Local (048686) - Montgomery County,247.3625,17,57,105,71
049338,Jennings Local (049338) - Putnam County,346.5406,24,83,136,96
047985,Johnstown-Monroe Local (047985) - Licking County,1633.3376,121,380,680,455
048264,Jonathan Alder Local (048264) - Madison County,2164.4117,165,508,884,661
050179,Joseph Badger Local (050179) - Trumbull County,579.0085,42,137,218,170
049346,Kalida Local (049346) - Putnam County,606.3064,55,126,265,159
047191,Kenston Local (047191) - Geauga County,2405.4420,170,565,984,786
044164,Kent City (044164) - Portage County,2794.9724,191,617,1054,1240
044172,Kenton City (044172) - Hardin County,1685.0728,155,377,685,521
044180,Kettering City School District (044180) - Montgomery County,7301.5710,537,1622,2700,2474
048165,Keystone Local (048165) - Lorain County,1477.1521,107,363,573,427
050435,Kings Local (050435) - Warren County,4684.5632,368,1115,1886,1386
047878,Kirtland Local (047878) - Lake County,1069.6801,64,223,431,361
050245,LaBrae Local (050245) - Trumbull County,1009.1909,74,243,387,291
049866,Lake Local (049866) - Stark County,3234.5758,191,691,1312,1060
050690,Lake Local (050690) - Wood County,1483.1950,112,347,611,427
050187,Lakeview Local (050187) - Trumbull County,1482.2105,116,332,617,410
044198,Lakewood City (044198) - Cuyahoga County,4066.3842,287,910,1536,1429
047993,Lakewood Local (047993) - Licking County,1583.3877,110,389,646,463
046110,Lakota Local (046110) - Butler County,16898.7797,1199,3978,6804,5293
049569,Lakota Local (049569) - Sandusky County,874.5246,78,199,351,278
044206,Lancaster City (044206) - Fairfield County,5981.7696,428,1379,2310,1909
044214,Lebanon City (044214) - Warren County,4895.1747,314,1156,2086,1520
045443,Leetonia Exempted Village School District (045443) - Columbiana County,493.5729,45,120,178,150
049353,Leipsic Local (049353) - Putnam County,641.1656,52,149,236,215
049437,Lexington Local (049437) - Richland County,2251.6953,172,508,897,648
047589,Liberty Center Local (047589) - Henry County,1000.9985,90,237,358,309
050195,Liberty Local (050195) - Trumbull County,1129.3191,81,259,408,365
046888,Liberty Union-Thurston Local (046888) - Fairfield County,1171.1622,97,276,451,351
047449,Liberty-Benton Local (047449) - Hancock County,1533.3759,126,362,549,495
048009,Licking Heights Local (048009) - Licking County,4980.3168,371,1215,2008,1406
048017,Licking Valley Local (048017) - Licking County,2032.3261,141,459,856,587
044222,Lima City (044222) - Allen County,3100.8382,270,748,1115,1001
050369,Lincolnview Local (050369) - Van Wert County,819.1586,52,184,309,266
045450,Lisbon Exempted Village (045450) - Columbiana County,688.8348,51,154,283,217
050443,Little Miami Local (050443) - Warren County,5161.0570,399,1324,2175,1497
044230,Lockland Local (044230) - Hamilton County,466.1813,35,87,160,185
049080,Logan Elm Local (049080) - Pickaway County,1620.7635,117,390,686,493
044248,Logan-Hocking Local (044248) - Hocking County,3291.8255,233,745,1267,1004
044255,London City (044255) - Madison County,1987.3660,167,476,789,642
044263,Lorain City (044263) - Lorain County,5677.6969,425,1357,2041,1910
050203,Lordstown Local (050203) - Trumbull County,403.0394,35,96,162,109
045468,Loudonville-Perrysville Exempted Village (045468) - Ashland County,861.9172,72,219,346,230
049874,Louisville City (049874) - Stark County,2674.8780,195,650,1031,775
044271,Loveland City (044271) - Hamilton County,3857.2660,289,931,1582,1239
048330,Lowellville Local (048330) - Mahoning County,445.3876,24,110,182,127
049445,Lucas Local (049445) - Richland County,400.5472,29,92,190,105
047639,Lynchburg-Clay Local (047639) - Highland County,998.1157,70,234,413,276
048702,Mad River Local (048702) - Montgomery County,3587.2970,281,849,1361,1137
044289,Madeira City (044289) - Hamilton County,1602.3082,133,448,664,439
046128,Madison Local (046128) - Butler County,1402.0257,101,334,552,429
047886,Madison Local (047886) - Lake County,2491.8667,173,573,992,813
049452,Madison Local (049452) - Richland County,2511.7343,166,558,933,877
048272,Madison-Plains Local (048272) - Madison County,1081.4104,92,236,451,320
000442,Manchester Local (000442) - Adams County,687.2855,49,135,276,208
050005,Manchester Local (050005) - Summit County,1197.7481,81,274,463,392
044297,Mansfield City (044297) - Richland County,2973.5023,255,711,1186,863
044305,Maple Heights City (044305) - Cuyahoga County,2910.2441,185,661,1122,996
045831,Mapleton Local (045831) - Ashland County,787.9663,70,181,308,242
050211,Maplewood Local (050211) - Trumbull County,611.7922,52,151,234,164
046805,Margaretta Local (046805) - Erie County,958.2271,77,212,412,269
044313,Mariemont City (044313) - Hamilton County,1501.3566,116,344,625,452
044321,Marietta City (044321) - Washington County,2086.6827,143,469,814,669
044339,Marion City (044339) - Marion County,3812.2928,330,943,1636,964
048553,Marion Local (048553) - Mercer County,936.9357,85,258,334,258
049882,Marlington Local (049882) - Stark County,1858.9986,140,389,676,677
044347,Martins Ferry City (044347) - Belmont County,1273.8980,93,289,518,380
045476,Marysville Exempted Village (045476) - Union County,5324.7178,453,1313,2087,1660
050450,Mason City (050450) - Warren County,9743.7151,530,2076,3978,3428
044354,Massillon City (044354) - Stark County,3937.7107,309,917,1462,1228
050153,Mathews Local (050153) - Trumbull County,583.4405,47,143,225,169
044362,Maumee City (044362) - Lucas County,2106.6620,152,515,841,605
044370,Mayfield City (044370) - Cuyahoga County,3771.3726,259,850,1476,1532
048850,Maysville Local (048850) - Muskingum County,1707.4458,115,363,748,462
047456,McComb Local (047456) - Hancock County,601.0792,37,143,213,202
050229,McDonald Local (050229) - Trumbull County,699.8243,56,160,283,199
045484,Mechanicsburg Exempted Village (045484) - Champaign County,818.7488,58,198,331,261
044388,Medina City SD (044388) - Medina County,5842.9928,394,1278,2350,1894
048520,Meigs Local (048520) - Meigs County,1515.1857,117,353,563,516
045492,Mentor Exempted Village (045492) - Lake County,6753.0647,460,1444,2651,2311
048629,Miami East Local (048629) - Miami County,1301.0165,93,299,533,379
046920,Miami Trace Local (046920) - Fayette County,2344.9659,164,561,1010,697
044396,Miamisburg City (044396) - Montgomery County,4544.4479,340,1022,1846,1444
044404,Middletown City (044404) - Butler County,5720.6696,485,1399,2370,1639
048173,Midview Local (048173) - Lorain County,2502.0943,144,568,1027,737
045500,Milford Exempted Village (045500) - Clermont County,5678.1730,382,1284,2401,1847
050633,Millcreek-West Unity Local (050633) - Williams County,511.2440,55,121,194,134
049361,Miller City-New Cleveland Local (049361) - Putnam County,528.4764,45,131,189,187
045518,Milton-Union Exempted Village (045518) - Miami County,1293.4576,133,304,538,336
049890,Minerva Local (049890) - Stark County,1652.3853,107,372,718,430
049627,Minford Local (049627) - Scioto County,1149.4400,78,278,447,341
045948,Minster Local (045948) - Auglaize County,872.5944,81,206,329,247
046672,Mississinawa Valley Local (046672) - Darke County,549.3316,37,123,249,163
050039,Mogadore Local (050039) - Summit County,727.4856,45,167,304,198
050740,Mohawk Local (050740) - Wyandot County,731.0703,53,192,296,234
139303,Monroe Local (139303) - Butler County,2670.8994,180,658,1095,804
047712,Monroeville Local (047712) - Huron County,521.9569,43,118,204,157
045526,Montpelier Exempted Village (045526) - Williams County,772.3566,81,180,314,195
048777,Morgan Local (048777) - Morgan County,1523.4830,106,331,588,512
045534,Mount Gilead Exempted Village (045534) - Morrow County,939.4837,88,213,370,271
044420,Mount Vernon City (044420) - Knox County,3417.5144,281,832,1369,943
044412,Mt Healthy City (044412) - Hamilton County,2698.8356,189,570,1096,889
044438,Napoleon Area City (044438) - Henry County,1689.6367,155,379,641,509
049270,National Trail Local (049270) - Preble County,881.2461,64,224,371,247
044446,Nelsonville-York City (044446) - Athens County,1003.4308,69,239,393,294
046995,New Albany-Plain Local (046995) - Franklin County,4630.6694,293,1026,1922,1538
044461,New Boston Local (044461) - Scioto County,342.0234,28,80,146,84
045955,New Bremen Local (045955) - Auglaize County,822.0140,74,185,304,255
045963,New Knoxville Local (045963) - Auglaize County,393.2892,34,105,164,92
048710,New Lebanon Local School District (048710) - Montgomery County,1009.5440,76,249,401,286
044479,New Lexington School District (044479) - Perry County,1725.2243,144,437,654,491
047720,New London Local (047720) - Huron County,804.3122,51,213,317,225
046136,New Miami Local (046136) - Butler County,531.5716,40,134,207,155
044487,New Philadelphia City (044487) - Tuscarawas County,2712.5710,215,635,1102,743
045559,New Richmond Exempted Village (045559) - Clermont County,1897.2551,144,423,751,582
049718,New Riegel Local (049718) - Seneca County,394.1971,27,104,143,139
044453,Newark City (044453) - Licking County,5492.5087,485,1383,2136,1616
045542,Newcomerstown Exempted Village (045542) - Tuscarawas County,832.8074,75,192,337,239
045567,Newton Falls Exempted Village (045567) - Trumbull County,838.1830,53,175,357,259
048637,Newton Local (048637) - Miami County,586.1158,48,162,243,142
044495,Niles City (044495) - Trumbull County,1891.6978,117,436,789,549
048900,Noble Local (048900) - Noble County,935.0773,79,234,375,251
050047,Nordonia Hills City (050047) - Summit County,3221.8317,231,670,1258,1262
050708,North Baltimore Local (050708) - Wood County,594.7329,57,154,271,116
044503,North Canton City (044503) - Stark County,4160.0880,281,864,1570,1514
050641,North Central Local (050641) - Williams County,530.3002,53,126,187,164
044511,North College Hill City (044511) - Hamilton County,1305.0378,75,273,580,441
048025,North Fork Local (048025) - Licking County,1466.2936,104,378,563,422
044529,North Olmsted City (044529) - Cuyahoga County,3359.8772,257,741,1352,1112
044537,North Ridgeville City (044537) - Lorain County,4179.2883,315,927,1827,1247
044545,North Royalton City (044545) - Cuyahoga County,3848.9536,243,866,1492,1393
050336,North Union Local School District (050336) - Union County,1354.8182,93,299,575,383
046250,Northeastern Local (046250) - Clark County,2853.8188,228,668,1117,828
046722,Northeastern Local (046722) - Defiance County,950.5749,90,195,388,283
049056,Northern Local (049056) - Perry County,2193.8075,184,454,870,689
048728,Northmont City (048728) - Montgomery County,4499.9358,343,1009,1762,1367
048819,Northmor Local (048819) - Morrow County,992.5850,66,216,425,279
048033,Northridge Local (048033) - Licking County,1109.1558,80,256,454,327
048736,Northridge Local (048736) - Montgomery County,1583.5640,132,353,614,492
047365,Northwest Local (047365) - Hamilton County,7740.1580,581,1797,3175,2615
049635,Northwest Local (049635) - Scioto County,1148.3906,98,275,456,344
049908,Northwest Local (049908) - Stark County,1663.1010,105,399,646,495
046268,Northwestern Local (046268) - Clark County,1498.7561,124,361,650,402
050575,Northwestern Local (050575) - Wayne County,1191.8657,117,289,483,316
050716,Northwood Local Schools (050716) - Wood County,816.1833,51,194,350,232
044552,Norton City (044552) - Summit County,2066.0235,136,440,849,703
044560,Norwalk City (044560) - Huron County,2367.8267,178,571,922,692
050567,Norwayne Local (050567) - Wayne County,1276.2611,93,278,511,401
044578,Norwood City (044578) - Hamilton County,1560.9235,145,374,596,441
047761,Oak Hill Union Local (047761) - Jackson County,1069.3873,86,252,432,317
047373,Oak Hills Local (047373) - Hamilton County,7088.1449,515,1619,2892,2275
044586,Oakwood City (044586) - Montgomery County,1934.5712,115,398,780,638
044594,Oberlin City Schools (044594) - Lorain County,742.5412,56,157,300,225
049726,Old Fort Local (049726) - Seneca County,618.9430,45,150,245,208
046763,Olentangy Local (046763) - Delaware County,22324.9526,1498,5223,9223,7176
046573,Olmsted Falls City (046573) - Cuyahoga County,3235.4418,205,733,1279,1133
049478,Ontario Local (049478) - Richland County,1851.7043,125,404,769,532
046581,Orange City (046581) - Cuyahoga County,1959.3698,142,483,763,569
044602,Oregon City (044602) - Lucas County,3288.4160,250,729,1206,1103
044610,Orrville City (044610) - Wayne County,1434.3716,97,315,597,421
049916,Osnaburg Local (049916) - Stark County,850.0257,65,199,316,255
050724,Otsego Local (050724) - Wood County,1451.4950,105,353,615,443
048215,Ottawa Hills Local (048215) - Lucas County,1031.0217,52,247,396,338
049379,Ottawa-Glandorf Local (049379) - Putnam County,1413.6180,107,280,547,502
049387,Ottoville Local (049387) - Putnam County,486.3862,44,111,202,129
044628,Painesville City Local (044628) - Lake County,2547.5013,192,606,971,831
049510,Paint Valley Local (049510) - Ross County,722.5450,44,170,289,222
049395,Pandora-Gilboa Local (049395) - Putnam County,512.7103,40,103,193,178
048579,Parkway Local (048579) - Mercer County,939.1764,80,206,376,265
044636,Parma City (044636) - Cuyahoga County,8675.5925,627,1839,3129,3112
047597,Patrick Henry Local (047597) - Henry County,828.8563,73,186,344,244
045575,Paulding Exempted Village (045575) - Paulding County,1235.0949,111,297,483,343
046813,Perkins Local (046813) - Erie County,1759.2938,144,418,669,534
045781,Perry Local (045781) - Allen County,687.4589,57,164,322,173
047902,Perry Local (047902) - Lake County,1404.2945,85,294,530,505
049924,Perry Local (049924) - Stark County,4060.2102,268,875,1502,1452
045583,Perrysburg Exempted Village (045583) - Wood County,5137.2556,377,1216,2147,1588
047076,Pettisville Local (047076) - Fulton County,478.8608,32,113,192,139
046896,Pickerington Local (046896) - Fairfield County,10989.9893,687,2612,4428,3575
047084,Pike-Delta-York Local (047084) - Fulton County,1112.7746,91,206,446,356
044644,Piqua City (044644) - Miami County,2965.6484,252,774,1174,834
049932,Plain Local (049932) - Stark County,5760.5113,414,1293,2099,2091
048421,Pleasant Local (048421) - Marion County,1246.9594,104,289,509,339
049460,Plymouth-Shiloh Local (049460) - Richland County,628.7895,55,155,253,162
048348,Poland Local (048348) - Mahoning County,1695.0359,137,412,672,478
044651,Port Clinton City (044651) - Ottawa County,1337.0594,104,276,513,457
044669,Portsmouth City (044669) - Scioto County,1493.8298,123,387,577,402
049288,Preble Shawnee Local (049288) - Preble County,1251.4990,88,267,544,358
044677,Princeton City (044677) - Hamilton County,5633.8922,393,1280,2154,1931
045880,Pymatuning Valley Local (045880) - Ashtabula County,1029.6321,93,222,390,323
044685,Ravenna City (044685) - Portage County,1843.8561,190,437,671,551
044693,Reading Community City (044693) - Hamilton County,1374.6461,105,303,573,411
050054,Revere Local (050054) - Summit County,2698.8996,190,649,1078,920
047001,Reynoldsburg City (047001) - Franklin County,7193.2410,491,1596,2847,2229
046599,Richmond Heights Local (046599) - Cuyahoga County,790.1674,52,157,286,292
048439,Ridgedale Local (048439) - Marion County,595.9788,47,140,261,143
047506,Ridgemont Local (047506) - Hardin County,457.0230,29,107,201,128
046474,Ridgewood Local (046474) - Coshocton County,1170.2238,90,296,479,304
046078,Ripley-Union-Lewis-Huntington Local (046078) - Brown County,712.5213,59,167,264,231
045591,Rittman Exempted Village (045591) - Wayne County,793.3326,52,192,314,218
048447,River Valley Local (048447) - Marion County,1803.7750,113,442,791,475
046482,River View Local (046482) - Coshocton County,1504.9107,109,332,628,451
047514,Riverdale Local (047514) - Hancock County,945.0731,72,210,372,294
047894,Riverside Local (047894) - Lake County,3971.0914,292,897,1469,1367
048090,Riverside Local (048090) - Logan County,516.0104,38,108,211,189
047944,Rock Hill Local (047944) - Lawrence County,1178.8440,112,318,469,311
044701,Rocky River City (044701) - Cuyahoga County,2462.7863,196,562,963,826
047308,Rolling Hills Local (047308) - Guernsey County,1448.8502,110,351,561,412
049213,Rootstown Local (049213) - Portage County,949.6108,65,213,369,289
046144,Ross Local (046144) - Butler County,2312.6164,155,551,1053,812
045609,Rossford Exempted Village (045609) - Wood County,1522.8125,128,377,608,405
049817,Russia Local (049817) - Shelby County,409.7329,39,100,156,119
044735,Salem City (044735) - Columbiana County,1914.5550,130,443,710,650
044743,Sandusky City (044743) - Erie County,2941.6659,199,624,1133,991
049940,Sandy Valley Local (049940) - Stark County,1247.7488,85,268,457,412
049130,Scioto Valley Local (049130) - Pike County,1178.5454,95,300,461,298
048355,Sebring Local (048355) - Mahoning County,374.0794,40,83,133,121
049684,Seneca East Local (049684) - Seneca County,767.5521,59,160,313,276
046003,Shadyside Local (046003) - Belmont County,651.6947,66,163,237,197
044750,Shaker Heights City (044750) - Cuyahoga County,4349.5318,294,961,1611,1473
045799,Shawnee Local (045799) - Allen County,2231.9281,175,514,898,634
044768,Sheffield-Sheffield Lake City (044768) - Lorain County,1457.6766,94,328,580,455
044776,Shelby City (044776) - Richland County,1761.8929,138,396,725,517
044784,Sidney City (044784) - Shelby County,2728.1650,217,674,1055,898
046607,Solon City (046607) - Cuyahoga County,4405.9436,234,939,1831,1479
047738,South Central Local (047738) - Huron County,699.8833,61,183,268,191
044792,South Euclid-Lyndhurst City (044792) - Cuyahoga County,3074.3672,239,720,1140,1001
047951,South Point Local (047951) - Lawrence County,1296.2786,114,333,508,345
048363,South Range Local (048363) - Mahoning County,1219.5096,92,279,491,348
044800,South-Western City (044800) - Franklin County,21101.4037,1530,4681,8201,6775
049221,Southeast Local (049221) - Portage County,1408.7277,99,330,581,397
050583,Southeast Local (050583) - Wayne County,1157.2966,95,278,478,321
046276,Southeastern Local (046276) - Clark County,671.9598,48,160,281,179
049528,Southeastern Local (049528) - Ross County,899.3065,59,233,364,251
046441,Southern Local (046441) - Columbiana County,756.8999,61,182,256,288
048538,Southern Local (048538) - Meigs County,649.5143,60,143,247,206
049064,Southern Local (049064) - Perry County,563.1533,60,129,240,128
050237,Southington Local (050237) - Trumbull County,401.2830,39,85,161,111
048041,Southwest Licking Local (048041) - Licking County,4659.7930,342,1105,1854,1428
047381,Southwest Local (047381) - Hamilton County,4149.9901,326,1105,1766,1184
045807,Spencerville Local (045807) - Allen County,964.4358,82,203,376,301
050427,Springboro Community City (050427) - Warren County,5677.4886,348,1315,2377,1929
044818,Springfield City School District (044818) - Clark County,6835.1734,643,1634,2731,1804
048223,Springfield Local (048223) - Lucas County,3126.9482,235,724,1271,920
048371,Springfield Local (048371) - Mahoning County,889.9191,73,221,352,248
050062,Springfield Local (050062) - Summit County,1662.6507,130,360,643,571
044719,St Bernard-Elmwood Place City (044719) - Hamilton County,717.6341,54,151,281,221
045997,St Clairsville-Richland City (045997) - Belmont County,1570.1552,114,356,652,505
048587,St Henry Consolidated Local (048587) - Mercer County,964.9945,96,220,362,283
044727,St Marys City (044727) - Auglaize County,1926.4663,156,417,724,617
044826,Steubenville City (044826) - Jefferson County,2518.8839,251,611,1004,716
044834,Stow-Munroe Falls City School District (044834) - Summit County,4982.0621,352,1057,1927,1711
050294,Strasburg-Franklin Local (050294) - Tuscarawas County,522.3954,37,125,212,145
049239,Streetsboro City (049239) - Portage County,1874.1115,114,414,751,572
044842,Strongsville City (044842) - Cuyahoga County,5201.2600,348,1167,2169,1809
044859,Struthers City (044859) - Mahoning County,1609.4456,116,390,629,467
050658,Stryker Local (050658) - Williams County,354.5382,25,87,138,103
047092,Swanton Local (047092) - Fulton County,1129.0029,88,269,457,314
048652,Switzerland of Ohio Local (048652) - Monroe County,1915.4985,113,404,767,627
044867,Sycamore Community City (044867) - Hamilton County,5570.2306,425,1422,2301,1639
044875,Sylvania Schools (044875) - Lucas County,7625.1091,528,1699,2920,2465
047969,Symmes Valley Local (047969) - Lawrence County,685.3108,49,183,284,166
046151,Talawanda City (046151) - Butler County,2738.8681,205,632,1092,845
044883,Tallmadge City (044883) - Summit County,2451.2381,150,529,986,785
049098,Teays Valley Local (049098) - Pickaway County,4327.5876,298,994,1759,1280
046243,Tecumseh Local (046243) - Clark County,2586.1268,202,653,1036,708
047399,Three Rivers Local (047399) - Hamilton County,1833.3284,128,394,764,578
044891,Tiffin City (044891) - Seneca County,2283.2452,182,537,851,835
045617,Tipp City Exempted Village (045617) - Miami County,2356.4787,150,508,948,732
044909,Toledo City (044909) - Lucas County,19639.9901,1733,4601,7442,6127
044917,Toronto City (044917) - Jefferson County,752.2855,64,170,294,213
091397,Tri-County North Local (091397) - Preble County,693.9261,54,173,284,188
048876,Tri-Valley Local (048876) - Muskingum County,2766.8348,203,669,1165,711
046680,Tri-Village Local (046680) - Darke County,726.7755,65,172,290,208
046201,Triad Local (046201) - Champaign County,743.6131,60,193,288,234
045922,Trimble Local (045922) - Athens County,705.2514,61,144,301,202
050591,Triway Local (050591) - Wayne County,1411.1831,101,335,600,367
048694,Trotwood-Madison City (048694) - Montgomery County,2386.9468,156,476,868,867
044925,Troy City (044925) - Miami County,3975.0238,310,957,1568,1186
050302,Tuscarawas Valley Local (050302) - Tuscarawas County,1229.5328,87,316,472,354
049957,Tuslaw Local (049957) - Stark County,1226.3254,80,288,534,316
049296,Twin Valley Community Local (049296) - Preble County,711.6759,58,177,280,195
050070,Twinsburg City (050070) - Summit County,3676.4312,240,836,1447,1209
046011,Union Local (046011) - Belmont County,1258.4142,77,264,519,392
049536,Union-Scioto Local (049536) - Ross County,1983.6901,148,488,824,557
046458,United Local (046458) - Columbiana County,990.4008,56,236,396,299
044933,Upper Arlington City (044933) - Franklin County,6395.0156,488,1506,2475,1936
045625,Upper Sandusky Exempted Village (045625) - Wyandot County,1491.1152,107,315,596,526
047522,Upper Scioto Valley Local (047522) - Hardin County,402.4939,48,94,177,124
044941,Urbana City (044941) - Champaign County,1697.7757,123,402,687,519
049643,Valley Local (049643) - Scioto County,957.4948,103,233,379,249
048744,Valley View Local (048744) - Montgomery County,1639.7783,114,418,657,461
047464,Van Buren Local (047464) - Hancock County,1034.1789,75,249,404,295
044966,Van Wert City (044966) - Van Wert County,1791.1577,136,444,648,579
044958,Vandalia-Butler City (044958) - Montgomery County,2693.1087,179,612,1103,896
047472,Vanlue Local (047472) - Hancock County,149.8833,12,12,31,56
046821,Vermilion Local (046821) - Erie County,1581.2123,97,353,636,504
045633,Versailles Exempted Village (045633) - Darke County,1246.3536,91,280,474,397
050393,Vinton County Local (050393) - Vinton County,1583.7064,106,371,620,489
044974,Wadsworth City (044974) - Medina County,4108.1514,265,877,1541,1571
046904,Walnut Township Local (046904) - Fairfield County,475.0114,27,114,198,143
044982,Wapakoneta City (044982) - Auglaize County,2745.3728,224,653,1062,816
044990,Warren City (044990) - Trumbull County,4268.2613,363,1059,1666,1172
050500,Warren Local (050500) - Washington County,1993.4889,136,474,804,567
045005,Warrensville Heights City (045005) - Cuyahoga County,1761.9698,121,424,685,613
045013,Washington Court House City (045013) - Fayette County,1804.5336,129,411,734,568
048231,Washington Local (048231) - Lucas County,6686.8625,486,1463,2585,2227
049650,Washington-Nile Local (049650) - Scioto County,1115.3275,89,281,474,294
049247,Waterloo Local (049247) - Portage County,745.0022,61,162,289,226
045641,Wauseon Exempted Village (045641) - Fulton County,1677.1099,98,371,659,533
049148,Waverly City (049148) - Pike County,1649.9702,120,418,642,452
050468,Wayne Local (050468) - Warren County,1458.0714,131,353,645,419
049031,Wayne Trace Local (049031) - Paulding County,869.8148,90,190,343,240
045971,Waynesfield-Goshen Local (045971) - Auglaize County,429.8434,34,103,163,129
050252,Weathersfield Local (050252) - Trumbull County,886.1038,65,191,358,269
045658,Wellington Exempted Village (045658) - Lorain County,889.8555,70,204,362,257
045021,Wellston City (045021) - Jackson County,1170.1294,93,266,480,355
045039,Wellsville Local (045039) - Columbiana County,608.5943,51,174,223,173
048389,West Branch Local (048389) - Mahoning County,1660.8693,142,363,668,488
045054,West Carrollton City (045054) - Montgomery County,3108.2738,264,739,1173,899
046359,West Clermont Local (046359) - Clermont County,7475.1495,645,1849,2939,2103
047225,West Geauga Local (047225) - Geauga County,2053.0678,139,442,818,649
047696,West Holmes Local (047696) - Holmes County,1747.1130,122,432,684,535
046219,West Liberty-Salem Local (046219) - Champaign County,1138.8773,71,251,460,351
048884,West Muskingum Local (048884) - Muskingum County,1576.6519,128,425,649,374
046060,Western Brown Local (046060) - Brown County,2723.7901,223,641,1113,767
049155,Western Local (049155) - Pike County,661.5855,63,154,250,180
047746,Western Reserve Local (047746) - Huron County,926.7729,74,208,356,280
048397,Western Reserve Local (048397) - Mahoning County,548.0492,33,137,243,124
045047,Westerville City (045047) - Franklin County,13599.7978,965,3288,5450,4479
049106,Westfall Local (049106) - Pickaway County,1258.5259,87,280,533,402
045062,Westlake City (045062) - Cuyahoga County,3088.2684,206,683,1213,1058
049668,Wheelersburg Local (049668) - Scioto County,1488.9343,125,343,597,421
045070,Whitehall City (045070) - Franklin County,3208.8821,262,708,1339,889
045088,Wickliffe City (045088) - Lake County,1233.2533,70,294,452,440
045096,Willard City (045096) - Huron County,1188.0797,81,274,495,344
046367,Williamsburg Local (046367) - Clermont County,930.2683,63,191,385,287
045104,Willoughby-Eastlake City (045104) - Lake County,6499.9694,426,1417,2467,2423
045112,Wilmington City (045112) - Clinton County,2032.7790,173,499,747,613
045666,Windham Exempted Village (045666) - Portage County,451.4056,37,102,204,104
044081,Winton Woods City (044081) - Hamilton County,3806.2797,263,806,1496,1252
050518,Wolf Creek Local (050518) - Washington County,590.3392,40,130,237,180
049577,Woodmore Local (049577) - Sandusky County,894.9891,72,208,358,268
049973,Woodridge Local (049973) - Summit County,1840.4459,127,424,763,646
045120,Wooster City (045120) - Wayne County,3090.5896,180,749,1206,926
045138,Worthington City (045138) - Franklin County,10121.4002,736,2501,3984,3170
046524,Wynford Local (046524) - Crawford County,992.1395,85,277,398,247
045146,Wyoming City (045146) - Hamilton County,1836.5099,118,427,763,585
045153,Xenia Community City (045153) - Greene County,3441.6783,292,900,1361,907
045674,Yellow Springs Exempted Village (045674) - Greene County,603.0933,37,123,241,226
045161,Youngstown City (045161) - Mahoning County,4322.2893,252,933,1514,1586
049544,Zane Trace Local (049544) - Ross County,1187.3293,105,275,477,357
045179,Zanesville City (045179) - Muskingum County,2802.9832,287,760,1082,651
