irn,district,county,typology,enrollment_2013,median_income_2013,student_poverty_2013,pct_minority_2013
064964,College Corner Local,Preble,0,88,,,0.02
046797,Kelleys Island Local,Erie,0,,,,0
048959,Middle Bass Local,Ottawa,0,,,,
048967,North Bass Local,Ottawa,0,,,,
048975,Put-In-Bay Local,Ottawa,0,71,,,0
061903,Adams County/Ohio Valley Local,Adams,1,3962.1629892650699,25268,0.64309816820562504,1.9288674068250078E-2
000442,Manchester Local (Adams),Adams,1,842.09621085324795,22901,0.73242766382938296,3.083414648400563E-2
045468,Loudonville-Perrysville Exempted Village,Ashland,1,1185.6968920212801,27227,0.45523120033927,2.656156803109317E-2
045880,Pymatuning Valley Local,Ashtabula,1,1370.4042737366799,26857,0.55211505596815402,3.5723853287557721E-2
045864,Grand Valley Local,Ashtabula,1,1431.91240474493,29251,0.49067512868803198,4.78865547503739E-2
045914,Federal Hocking Local,Athens,1,1057.52081715601,27767,0.64424280699178205,7.9765468433036502E-2
045922,Trimble Local,Athens,1,870.58260159582505,25599,0.63838136391564904,1.5722645096037602E-2
044446,Nelsonville-York City,Athens,1,1287.0555428571399,22857,0.61267019578508997,3.1103463977489802E-2
044982,Wapakoneta City,Auglaize,1,3027.4227110659799,31317,0.41428915112959502,2.7630208704302012E-2
045203,Barnesville Exempted Village,Belmont,1,1131.9281193412701,26921,0.41606037367062698,2.5587976317561351E-2
046011,Union Local,Belmont,1,1535.78086911643,29787,0.41580438485617499,1.5707949148428699E-2
045377,Georgetown Exempted Village,Brown,1,1064.43755063766,27067,0.46332066985451997,3.3966404377044762E-2
046078,Ripley-Union-Lewis-Huntington Local,Brown,1,1123.8744970206801,25858,0.53825642253538397,7.8667544450380295E-2
046060,Western Brown Local,Brown,1,3337.88055513879,29608,0.49994287200561699,1.2340521062956791E-2
046136,New Miami Local,Butler,1,770.28468072084297,24031,0.783955457516887,9.9986072879366047E-2
046128,Madison Local (Butler),Butler,1,1568.2537977296199,35097,0.27738957529179298,4.172828194673979E-2
045278,Carrollton Exempted Village,Carroll,1,2386.94625956236,29935,0.46998527340379198,1.8748395187125347E-2
046177,Brown Local,Carroll,1,687.51611003906999,30395,0.49501679177997199,4.3444665672063773E-2
046193,Graham Local,Champaign,1,2303.4922794437498,34364,0.30787842793578402,3.2123202513534024E-2
046318,Bethel-Tate Local,Clermont,1,1872.87981613749,31695,0.43422013110859298,3.3168540298162998E-2
046334,Felicity-Franklin Local,Clermont,1,1034.24096028342,29171,0.53663655202562999,4.6358423411969482E-2
046367,Williamsburg Local,Clermont,1,1043.2692174958499,31580,0.40207289512646999,3.2274587589158729E-2
046383,Blanchester Local,Clinton,1,1690.4215762537301,29967,0.457122442886153,3.4517138770993973E-2
045450,Lisbon Exempted Village,Columbiana,1,1004.9128550543001,27255,0.53859996817015998,1.7103109405437199E-2
045443,Leetonia Exempted Village,Columbiana,1,732.10162273629999,27944,0.47215742721760101,3.0414103655551989E-2
046441,Southern Local (Columbiana),Columbiana,1,909.86240909938499,29004,0.55823723462459096,3.4268028264083768E-2
043927,East Palestine City,Columbiana,1,1264.7457952638399,28743,0.51244662314118805,2.6055695882886219E-2
046425,Beaver Local,Columbiana,1,2063.67961588663,30554,0.45548140894205402,2.4083349277745358E-2
046474,Ridgewood Local,Coshocton,1,1343.7007272727301,28654,0.51700525924932506,2.230286552289263E-2
046482,River View Local,Coshocton,1,2163.6146793694202,29811,0.46887294219402198,2.6556225905975651E-2
046516,Colonel Crawford Local,Crawford,1,936.413341512888,32226,0.33860097443703402,1.7827621893484059E-2
046524,Wynford Local,Crawford,1,1132.94230997405,31377,0.40010589304251198,5.0372025071622126E-2
045344,Crestline Exempted Village,Crawford,1,702.38157163742699,25712,0.65060515044773404,7.9694116475451937E-2
046672,Mississinawa Valley Local,Darke,1,704.76017744320495,25096,0.53427982228491899,9.31227209977641E-2
046623,Ansonia Local,Darke,1,667.78059073753798,29389,0.39031977988898903,2.1085458255927461E-2
045419,Hicksville Exempted Village,Defiance,1,1060.7051358312401,29224,0.46369691429195597,8.6057661768484658E-2
046805,Margaretta Local,Erie,1,1229.4636092875601,31681,0.34326751175967102,5.2327179657247452E-2
046854,Berne Union Local,Fairfield,1,928.30127253972296,31867,0.33078269129813898,2.165027500042143E-2
046920,Miami Trace Local,Fayette,1,2436.69284883721,29430,0.42433016042020499,6.4804285698231337E-2
047068,Fayette Local,Fulton,1,446.71318939136302,29587,0.41462759590623299,0.14158481318714056
047084,Pike-Delta-York Local,Fulton,1,1310.53752377401,31575,0.37763134838321999,8.2111475428234437E-2
065680,Gallia County Local,Gallia,1,2434.7482491143001,27929,0.50526948274295802,4.3060701335625062E-2
047175,Cardinal Local,Geauga,1,1512.78947800994,28993,0.38069628340200801,2.5338152887965551E-2
047308,Rolling Hills Local,Guernsey,1,1878.61345142644,25474,0.59081638433582595,4.6103527379861217E-2
047415,Arcadia Local,Hancock,1,574.565694573933,34103,0.30847903207709299,6.6136910642008939E-2
044172,Kenton City,Hardin,1,1951.7649019184601,27425,0.49293906899289303,4.833743148725967E-2
045245,Harrison Hills City,Harrison,1,1630.5538594847901,27603,0.50496629811027804,6.3081735597719429E-2
047548,Conotton Valley Union Local,Harrison,1,542.91496995755199,30766,0.51023275450110295,1.052975755342923E-2
045401,Greenfield Exempted Village,Highland,1,2080.2614600413499,24997,0.53960663406937504,3.8145393422904933E-2
047621,Fairfield Local,Highland,1,921.13520900935305,30039,0.35000451197242999,2.4224032746998241E-2
044248,Logan-Hocking Local,Hocking,1,4009.7674561465301,27734,0.55759758945958304,2.4425057489031409E-2
047696,West Holmes Local,Holmes,1,2565.4588153069599,27343,0.45679643134503001,1.1695605617060944E-2
047688,East Holmes Local,Holmes,1,1896.8066370382201,26345,0.355948531244831,1.7547080302021199E-2
047720,New London Local,Huron,1,1101.7141328254399,30481,0.43768806322197301,3.4427577519407566E-2
047746,Western Reserve Local (Huron),Huron,1,1304.6813694717,31537,0.40015405679188498,1.5275861374648921E-2
047738,South Central Local,Huron,1,873.63289017341003,30565,0.43347660810955602,2.907267367829337E-2
047712,Monroeville Local,Huron,1,660.13344210330001,34042,0.26698928379046499,3.1375656437054929E-2
043596,Bellevue City,Huron,1,2103.4350292397698,30623,0.41133087818285802,5.8889276046068723E-2
045021,Wellston City,Jackson,1,1547.69430850086,26624,0.59568198812553597,2.120894948951272E-2
047795,Edison Local (Jefferson),Jefferson,1,1949.44242188155,31169,0.42532227546131002,1.3740404367407217E-2
047787,Buckeye Local (Jefferson),Jefferson,1,1994.2049999999999,27627,0.54719083025825899,2.6418501631465689E-2
047852,Fredericktown Local,Knox,1,1140.5344364595201,32760,0.32554844512169701,3.6409200918199998E-2
048389,West Branch Local,Mahoning,1,2325.3342639502798,29737,0.348029010568847,2.8155566977746467E-2
048413,Elgin Local,Marion,1,1240.20917543209,32763,0.49140089530533398,7.2632664960148627E-2
048439,Ridgedale Local,Marion,1,805.41704505888401,35121,0.46792653600837902,4.6978501955533214E-2
048520,Meigs Local,Meigs,1,1881.2662036173799,25565,0.68515364945096202,3.4705272596776263E-2
048538,Southern Local (Meigs),Meigs,1,706.40404455261501,29125,0.69890675011804104,2.9948054893714961E-2
045229,Bradford Exempted Village,Miami,1,608.59601901920598,28526,0.50528404136835703,2.114560816338619E-2
048652,Switzerland of Ohio Local,Monroe,1,2541.2222381060901,27755,0.56824445778108701,2.0401179345288678E-2
048710,New Lebanon Local,Montgomery,1,1160.1101663455399,29609,0.48810567111949299,5.2833691830927121E-2
048777,Morgan Local,Morgan,1,2091.9941176470602,25648,0.58636151105073198,0.10784615860465238
048793,Cardington-Lincoln Local,Morrow,1,1213.0133092763899,31413,0.38543300714616902,3.3284431982250902E-2
048843,Franklin Local,Muskingum,1,2320.2845082040899,28635,0.54987459815280504,2.7223083330687767E-2
048876,Tri-Valley Local,Muskingum,1,3158.8553216374298,30050,0.37703529293108001,3.7193686231665891E-2
045252,Caldwell Exempted Village,Noble,1,860.78670667666904,26321,0.41843327682902298,4.0052598301795975E-3
048991,Antwerp Local,Paulding,1,676.77688950322499,31672,0.33815444384169702,4.6497043275874506E-2
049031,Wayne Trace Local,Paulding,1,987.38279134812603,31231,0.419195733022245,4.9308543037657117E-2
045575,Paulding Exempted Village,Paulding,1,1559.08268976916,28393,0.40147973803560499,7.3127122956367127E-2
044479,New Lexington City,Perry,1,1896.09561403509,27110,0.582076773030205,2.0473219282406543E-2
045351,Crooksville Exempted Village,Perry,1,1126.75038134233,28107,0.57614730281834603,4.437540100091536E-3
049064,Southern Local (Perry),Perry,1,792.45894319131196,27305,0.63289530729017796,1.4980259486626631E-2
049130,Scioto Valley Local,Pike,1,1544.4933493087599,25162,0.54401141292879895,2.181999003632519E-2
049205,James A Garfield Local,Portage,1,1547.6849277717199,31991,0.35900107031830097,1.2570145644262669E-2
045666,Windham Exempted Village,Portage,1,654.73361662139303,25797,0.73291639986974699,5.8533299959170337E-2
049270,National Trail Local,Preble,1,1084.5216141190101,29201,0.41732623414526998,1.9655670963567129E-2
043935,Eaton Community City,Preble,1,2167.3683617884399,31642,0.27939446494862302,3.7742071509220099E-2
091397,Tri-County North Local,Preble,1,1040.9983669467799,31721,0.36113759336436502,2.281421333367338E-2
049460,Plymouth-Shiloh Local,Richland,1,877.69887617797599,26169,0.56888159829163598,4.9120537315319845E-2
049411,Clear Fork Valley Local,Richland,1,1832.49824488737,32203,0.42851334959121801,2.9795715609970803E-2
049528,Southeastern Local (Ross),Ross,1,1235.5838304147501,30262,0.47166786780285702,6.00937892338642E-2
049569,Lakota Local (Sandusky),Sandusky,1,1024.7729423829901,30861,0.48100106689633498,5.5201062180419168E-2
049619,Green Local (Scioto),Scioto,1,602.22022857142895,32269,0.57982205655377705,1.8246765729936058E-2
049601,Clay Local,Scioto,1,586.85936416184995,29600,0.186583781384734,1.8566550050346381E-2
049692,Bettsville Local,Seneca,1,175.099854740561,28289,0.56722893346266001,0.11652209568436189
049809,Jackson Center Local,Shelby,1,555.02654793855902,35347,0.348837281223212,2.5792471343761728E-2
049791,Hardin-Houston Local,Shelby,1,891.94926446929605,31925,0.332482034132557,3.7135484951035413E-2
049940,Sandy Valley Local,Stark,1,1451.0375617186701,28851,0.46299906393589702,2.024967630808264E-2
049890,Minerva Local,Stark,1,2010.7300760103799,29072,0.488187842916393,2.442619392060414E-2
049841,Fairless Local,Stark,1,1752.9436836274699,29162,0.568461589921059,1.5185168567215903E-2
049916,Osnaburg Local,Stark,1,868.97981097795605,29225,0.41543011164530103,5.0900059584615687E-2
050096,Bloomfield-Mespo Local,Trumbull,1,297.068244728487,26484,0.60743909944649599,6.1836489008264606E-2
050245,LaBrae Local,Trumbull,1,1537.1069986794901,27184,0.52369916718231302,8.6968661231426422E-2
050203,Lordstown Local,Trumbull,1,590.16336947109301,33411,0.32656215696906599,5.3820480410589011E-2
045567,Newton Falls Exempted Village,Trumbull,1,1410.2338054985801,28274,0.49480861643618501,3.0026956336338274E-2
050278,Garaway Local,Tuscarawas,1,1267.7232852617601,28557,0.33174466606844399,1.5383372366317448E-2
050286,Indian Valley Local,Tuscarawas,1,1870.4440574305399,29248,0.50707806646314801,2.2682948526469571E-2
043778,Claymont City,Tuscarawas,1,2128.0872250644102,24614,0.60987277903196901,4.5674137689860839E-2
045542,Newcomerstown Exempted Village,Tuscarawas,1,1133.0769092037799,24929,0.65862684122658999,6.170580258534214E-2
050294,Strasburg-Franklin Local,Tuscarawas,1,644.14592922700797,31675,0.32043186460784001,5.3035085307578028E-2
050393,Vinton County Local,Vinton,1,2316.4757825002798,26475,0.64634866585676198,9.3973726345938993E-3
050484,Fort Frye Local,Washington,1,1072.73671027051,28474,0.47081285194521399,1.0862815698301321E-2
050518,Wolf Creek Local,Washington,1,646.69028949266306,29847,0.33393615391596998,1.7349392205038668E-2
050500,Warren Local,Washington,1,2563.03642565375,32315,0.35376244614693098,3.3227374055258149E-2
050583,Southeast Local (Wayne),Wayne,1,1634.89884172798,28159,0.44133316955358798,2.4394806527307189E-2
050575,Northwestern Local (Wayne),Wayne,1,1440.7143632602999,30251,0.46424180759327999,2.2877252637072854E-2
045591,Rittman Exempted Village,Wayne,1,1128.0406404332,28509,0.51029850670910804,3.2433412613608048E-2
045526,Montpelier Exempted Village,Williams,1,1064.0212777777799,25646,0.553232514199408,3.536113495641767E-2
050617,Edgerton Local,Williams,1,603.72903594469994,29805,0.39729261213842898,4.4297639895227885E-2
050633,Millcreek-West Unity Local,Williams,1,642.31977997389504,29939,0.40577442037792699,7.0652507216915766E-2
050625,Edon-Northwest Local,Williams,1,618.93725895421005,30680,0.36178993980179802,2.0935990407208154E-2
050641,North Central Local,Williams,1,621.49441743011505,30227,0.450735293296393,7.9934463965568692E-2
050658,Stryker Local,Williams,1,431.566173533084,30032,0.27270039193686202,9.5848380592008328E-2
050708,North Baltimore Local,Wood,1,703.89327707710095,30490,0.44886072263249899,0.10479784594342559
045260,Carey Exempted Village,Wyandot,1,854.22984742955498,30036,0.37504873342683798,6.2014895239116075E-2
045757,Allen East Local,Allen,2,1060.1792706093199,34093,0.31585266502732001,3.5220086611679122E-2
045807,Spencerville Local,Allen,2,950.31934193548398,31661,0.41885721255382102,5.6287845791378202E-2
045831,Mapleton Local,Ashland,2,978.20707096774197,33906,0.347417005575682,1.8733982639876669E-2
045823,Hillsdale Local,Ashland,2,1050.4965578747599,34239,0.33027742120313502,2.14520399412233E-2
045906,Alexander Local,Athens,2,1631.7915435666901,30677,0.50784452622449106,2.830322983370601E-2
045971,Waynesfield-Goshen Local,Auglaize,2,582.47229553571401,33219,0.26038798525259699,2.663533180213136E-2
045963,New Knoxville Local,Auglaize,2,445.23031152073702,32987,0.14193617118843099,4.0377176467926809E-2
046037,Eastern Local (Brown),Brown,2,1352.45743800112,29919,0.48468201730240601,3.3088985892854451E-2
046045,Fayetteville-Perry Local,Brown,2,943.773342240886,33755,0.339577240608679,2.9091329531076602E-2
045484,Mechanicsburg Exempted Village,Champaign,2,943.77135371993302,35023,0.31226225110775002,2.9657296911036499E-2
046201,Triad Local,Champaign,2,1037.47036546709,36654,0.31932614239985502,4.1938559886293275E-2
046409,East Clinton Local,Clinton,2,1443.3527906976699,28841,0.48582652438597002,4.3147392396840158E-2
046391,Clinton-Massie Local,Clinton,2,1795.6827167630099,37408,0.27745931788675798,3.3869417885434933E-2
046433,Crestview Local (Columbiana),Columbiana,2,1219.63885138915,30988,0.408464300014801,1.1820044068519529E-2
046458,United Local,Columbiana,2,1325.90171545777,29856,0.37174945827908301,2.4003732120059577E-2
046508,Buckeye Central Local,Crawford,2,705.99710418984102,31443,0.40586992043624098,4.3054782439963628E-2
046649,Franklin Monroe Local,Darke,2,756.63979767131104,33935,0.21900324111595501,3.2485578649779676E-2
046680,Tri-Village Local,Darke,2,778.13008002000504,31416,0.43880569750634002,4.4651244870642696E-2
046631,Arcanum-Butler Local,Darke,2,1024.70298847033,31623,0.20291815945411401,3.324924235607514E-2
045633,Versailles Exempted Village,Darke,2,1332.26950575363,33596,0.114526551250051,1.2639313861313901E-2
046714,Central Local,Defiance,2,1192.09706968409,31858,0.37926700173431699,4.9301432339591916E-2
046847,Amanda-Clearcreek Local,Fairfield,2,1715.0842312965101,32649,0.34512405611950497,2.3345529257637172E-2
046870,Fairfield Union Local,Fairfield,2,2042.2451746439001,34605,0.34775077879295901,2.1171866027939301E-2
046904,Walnut Township Local,Fairfield,2,628.82767595307905,31237,0.47439467346577002,2.015836269360094E-2
047050,Evergreen Local,Fulton,2,1328.07159703753,35696,0.29359479877783901,8.4713629624442885E-2
047076,Pettisville Local,Fulton,2,498.18848592205899,33510,0.23367381172177801,0.13943201302305461
047209,Ledgemont Local,Geauga,2,580.02414964412401,38709,0.28484890736860002,2.69347117055336E-2
047266,Greeneview Local,Greene,2,1338.14372366213,35555,0.27642297120501902,3.9943664239729337E-2
069682,East Guernsey Local,Guernsey,2,1214.9602531104799,26811,0.52328745109598196,2.4358095313236419E-2
047423,Arlington Local,Hancock,2,597.111989558083,36920,0.23079006427731799,2.1265482097369941E-2
047456,McComb Local,Hancock,2,724.45005780346798,34220,0.40499127661995299,0.1128123018728338
047472,Vanlue Local,Hancock,2,246.58759508493799,36633,0.25728775677090099,0.1068430250179612
047498,Hardin Northern Local,Hardin,2,494.67614394928199,33171,0.32606000111212102,2.9855615422202556E-2
047506,Ridgemont Local,Hardin,2,571.45373671452501,31921,0.37091285602729501,2.274899815117359E-2
047514,Riverdale Local,Hardin,2,979.45797128472896,32415,0.347216933277397,2.4102041239421831E-2
047522,Upper Scioto Valley Local,Hardin,2,649.26823819764502,29680,0.49117249086991599,3.9379715281424144E-2
047571,Holgate Local,Henry,2,469.52566820276502,34547,0.31821427390148699,0.1150656309971422
047597,Patrick Henry Local,Henry,2,1038.4115410138299,32312,0.41058479881158899,8.6592662663117048E-2
047589,Liberty Center Local,Henry,2,1200.45902865068,36023,0.33711211893811099,5.2273308013561802E-2
047613,Bright Local,Highland,2,726.40648514754696,27094,0.53066101906093399,2.7966900321499441E-2
047639,Lynchburg-Clay Local,Highland,2,1272.7743453918999,30041,0.42860973036369199,2.47570328496583E-2
047761,Oak Hill Union Local,Jackson,2,1335.4591681326999,27561,0.51917526086043198,1.7370830374782268E-2
047837,Danville Local,Knox,2,687.22018511368799,27867,0.495435623802786,4.819617933334959E-2
047845,East Knox Local,Knox,2,1224.6877831971899,33100,0.38853459732075202,7.0777093835036498E-2
047928,Dawson-Bryant Local,Lawrence,2,1214.6486705202301,26357,0.59358885002166695,1.095490301389274E-2
047944,Rock Hill Local,Lawrence,2,1517.2314204545501,26516,0.540144273700082,2.2370141667652482E-2
047969,Symmes Valley Local,Lawrence,2,798.86343464478796,28716,0.61256348113063697,1.9275216799477799E-3
045294,Chesapeake Union Exempted Village,Lawrence,2,1441.5611560693601,28600,0.471708658179187,3.920765412962697E-2
048025,North Fork Local,Licking,2,1799.05633227671,32809,0.40695027768359598,3.397735053282136E-2
048090,Riverside Local (Logan),Logan,2,727.45803468208101,32107,0.45834636469505302,6.1438102938858166E-2
048272,Madison-Plains Local,Madison,2,1331.4452972991201,34648,0.39268767841171898,3.0659140263885408E-2
048397,Western Reserve Local (Mahoning),Mahoning,2,751.85486891385801,35066,0.24155898565728101,1.3150137232173101E-2
048462,Black River Local,Medina,2,1503.98741176471,32986,0.36684482575065402,2.2444884355649727E-2
048512,Eastern Local (Meigs),Meigs,2,835.207210626186,30409,0.439021029448316,1.4494238610014412E-2
048579,Parkway Local,Mercer,2,1049.29576024127,30255,0.33067595596968402,1.6289483095979381E-2
048595,Fort Recovery Local,Mercer,2,963.17549768237802,35037,0.156357010757536,2.549686444672122E-2
048553,Marion Local,Mercer,2,889.01624254809803,36646,5.61430480267123E-2,2.0040232226757209E-3
048587,St Henry Consolidated Local,Mercer,2,937.61552698047899,35495,9.8141897729781893E-2,1.1896777286931939E-2
045518,Milton-Union Exempted Village,Miami,2,1740.11958701348,30559,0.39736521226622001,2.590642450609083E-2
048637,Newton Local,Miami,2,598.51593320535699,34582,0.27428948329997199,6.5313325084232265E-2
048629,Miami East Local,Miami,2,1211.6108409472299,37661,0.19273033383157201,2.0991497560121648E-2
048801,Highland Local (Morrow),Morrow,2,1910.54636347933,31872,0.40193001188282401,3.2461681321655417E-2
048819,Northmor Local,Morrow,2,1124.8452888105401,32349,0.34542459288500699,3.203910458578349E-2
048900,Noble Local,Noble,2,1051.7182546911899,30284,0.472270224744121,1.7910889364430331E-3
049056,Northern Local,Perry,2,2313.8522115988399,33274,0.43530799976717999,1.7187664838127219E-2
049106,Westfall Local,Pickaway,2,1615.04445086705,34997,0.45399298052570602,2.689566088286411E-2
049122,Eastern Local (Pike),Pike,2,795.88653472559497,26552,0.735920534415757,4.3038298272018397E-2
049155,Western Local,Pike,2,813.84585952179498,24223,0.81547454915085804,1.5045274878186431E-2
049221,Southeast Local (Portage),Portage,2,1950.8066353720301,32947,0.38819762207610098,1.9158575014944917E-2
049247,Waterloo Local,Portage,2,1249.5361889266201,33554,0.32448614791744002,2.0194878416078421E-2
049296,Twin Valley Community Local,Preble,2,913.37714091364103,32438,0.34647757971208298,1.417962536669219E-2
049288,Preble Shawnee Local,Preble,2,1432.6837100990999,32294,0.42963958094363103,6.536098500808136E-3
049320,Continental Local,Putnam,2,515.32426788270902,31165,0.35035079370640498,4.6684207647683801E-2
049312,Columbus Grove Local,Putnam,2,896.60147465437797,34165,0.285850327185318,8.380216292428784E-2
049338,Jennings Local,Putnam,2,381.41575632602502,38675,0.12943865421839501,8.8013259282755593E-3
049395,Pandora-Gilboa Local,Putnam,2,543.40023102021598,34344,0.23941211872766399,8.7984294820088502E-2
049361,Miller City-New Cleveland Local,Putnam,2,448.44721238112999,39107,9.5187304700363698E-2,1.337950116389771E-2
049387,Ottoville Local,Putnam,2,483.30842778953797,37282,0.11499560302484201,1.410141956610576E-2
049429,Crestview Local (Richland),Richland,2,1245.84044309454,32775,0.38625105898867901,3.1634793187488498E-2
049445,Lucas Local,Richland,2,590.82918465301395,32387,0.33416778089694898,1.35801169274954E-2
049502,Huntington Local,Ross,2,1308.02598894009,26368,0.51808904221112695,2.5443116838590827E-2
049510,Paint Valley Local,Ross,2,1035.4110580645199,30212,0.49002222050330602,2.5155417292636321E-2
049494,Adena Local,Ross,2,1230.10948571429,31808,0.37023631253078698,6.7903177584750202E-2
045385,Gibsonburg Exempted Village,Sandusky,2,1024.66361684558,32255,0.359297440190049,0.12724040414173379
049593,Bloom-Vernon Local,Scioto,2,883.19338235294094,30156,0.45865688550703099,4.2281631507893472E-3
049635,Northwest Local (Montgomery),Scioto,2,1718.5445286627,28017,0.67687460677909494,1.403350552474684E-2
049650,Washington-Nile Local,Scioto,2,1494.17302325581,27390,0.27867484136826698,1.6957346243017837E-2
049627,Minford Local,Scioto,2,1530.4879880992901,31541,0.42777980967018397,3.5097592274026014E-2
049643,Valley Local,Scioto,2,1088.0732520977799,30093,0.60689665360904499,2.3547338324319236E-2
049718,New Riegel Local,Seneca,2,387.00060066740798,31967,0.223719663224375,2.1776080727796181E-2
049684,Seneca East Local,Seneca,2,1149.9603958190901,32913,0.36584946504437099,6.099567798708716E-2
049726,Old Fort Local,Seneca,2,457.60712643678102,33647,0.27117725338856702,6.3398257100529445E-2
049775,Fairlawn Local,Shelby,2,622.757235294118,32361,0.39666367963420401,3.0243396704579359E-2
049767,Botkins Local,Shelby,2,566.05187395114694,35301,0.21809108446247699,1.8993745240446121E-2
049783,Fort Loramie Local,Shelby,2,812.63527316800298,35887,8.1436615024059106E-2,1.240295059457128E-2
049817,Russia Local,Shelby,2,482.97620921126298,37604,8.9758008432247793E-2,7.8167782327012297E-3
049957,Tuslaw Local,Stark,2,1491.0206740892199,34728,0.26498642513846998,1.9801624792249509E-2
050179,Joseph Badger Local,Trumbull,2,953.61573566821698,30710,0.36230602662966699,2.9024312006117502E-2
050211,Maplewood Local,Trumbull,2,907.40023243592805,31165,0.37661456227599499,3.3500418336377187E-2
050237,Southington Local,Trumbull,2,600.540925869587,32514,0.41711938996083198,2.763404625340592E-2
050112,Bristol Local,Trumbull,2,773.28305980003802,30556,0.47014172491113099,1.8966750248556173E-2
050336,North Union Local,Union,2,1498.2469380330699,35236,0.38997730670370501,2.3109860315885588E-2
050369,Lincolnview Local,Van Wert,2,887.70588476598903,33906,0.393364145681528,2.928246855097915E-2
050351,Crestview Local (Van Wert),Van Wert,2,917.60428672526598,35127,0.30091741788159698,6.8812255606024733E-2
050492,Frontier Local,Washington,2,777.45375735375796,27239,0.58209066088885397,1.645665172142715E-2
050682,Elmwood Local,Wood,2,1248.45230410615,32684,0.38145737842738298,4.8100380625478778E-2
050740,Mohawk Local,Wyandot,2,921.59748747591505,32142,0.28298308311215298,1.3069860861130969E-2
045211,Bluffton Exempted Village,Allen,3,1103.22651513456,35332,0.21471003003901901,4.3885148155189888E-2
043885,Delphos City,Allen,3,1110.5542540342999,29977,0.42653877798337603,4.8754916721912428E-2
045872,Jefferson Area Local,Ashtabula,3,1966.24705672251,31073,0.42813110472037902,3.9495091004851671E-2
045948,Minster Local,Auglaize,3,834.58757689422396,38114,0.13338157400499101,2.5647834251998691E-2
045955,New Bremen Local,Auglaize,3,831.84097899474898,35822,0.116318981382436,1.5576311555631099E-2
045997,St Clairsville-Richland City,Belmont,3,1667.15196153183,32897,0.285539617536687,7.2018294106126673E-2
046003,Shadyside Local,Belmont,3,812.943930635838,28829,0.29216584553535202,1.2586788037366009E-2
046144,Ross Local,Butler,3,2829.8892619076601,39204,0.227300835333031,2.4322381311960982E-2
046094,Edgewood City,Butler,3,3539.7542829457402,35878,0.33632613950088402,2.8361628985973747E-2
046219,West Liberty-Salem Local,Champaign,3,1216.6257781550701,35076,0.23960738887232999,6.0321661933037875E-2
046276,Southeastern Local (Clark),Clark,3,797.62613089688602,35227,0.27513741631441002,4.1062925266956249E-2
046250,Northeastern Local (Clark),Clark,3,3695.7938535551202,36212,0.25875391672872999,6.9193623091721307E-2
046268,Northwestern Local (Clark),Clark,3,1759.52011560694,33463,0.28070278489622302,4.8903244703676081E-2
046284,Clark-Shawnee Local,Clark,3,2204.2851384771802,33803,0.33681038139807801,8.3770123527417556E-2
046235,Greenon Local,Clark,3,1870.06873315388,35725,0.29719914609598302,5.548793987015313E-2
046326,Clermont Northeastern Local,Clermont,3,1662.55019895076,34373,0.42596008562630899,3.4654133800812045E-2
045559,New Richmond Exempted Village,Clermont,3,2418.8567111270499,36212,0.44448442851041398,5.0180844810776892E-2
046300,Batavia Local,Clermont,3,2113.8716889136099,33563,0.44036296150995902,9.9631504429264481E-2
046706,Ayersville Local,Defiance,3,811.12170760746403,34690,0.30232079352404101,0.12250835732179766
046722,Northeastern Local (Defiance),Defiance,3,1133.41873205296,36734,0.27432555484606702,0.10507698754651436
046755,Buckeye Valley Local,Delaware,3,2343.8311695636098,45101,0.22486939148735099,5.5149830999832866E-2
046789,Edison Local (Erie),Erie,3,1606.7531239263801,33174,0.34873057650478601,5.5817827830543759E-2
046821,Vermilion Local,Erie,3,2289.65333865412,32095,0.403956166214749,3.948770139228313E-2
046888,Liberty Union-Thurston Local,Fairfield,3,1395.6373906055301,36687,0.27760777132035702,2.3905913848644249E-2
046862,Bloom-Carroll Local,Fairfield,3,1714.29339451242,42875,0.17086014927489401,2.956464245070661E-2
047043,Archbold-Area Local,Fulton,3,1285.1689837777401,33906,0.28788357504057999,0.20815682839004304
047092,Swanton Local,Fulton,3,1371.3447849371,34850,0.43506295993206201,8.3735030268913616E-2
047167,Berkshire Local,Geauga,3,1069.1284049155099,33721,0.21887495224665801,2.6049042276774941E-2
047217,Newbury Local,Geauga,3,631.39393557161804,35762,0.29865758540201398,6.0710703385982306E-2
047258,Cedar Cliff Local,Greene,3,591.56508020723902,32630,0.12800379135443199,0.10068978788761394
047381,Southwest Local,Hamilton,3,3305.5614979606999,33163,0.34476673460204699,4.0776037968913985E-2
047431,Cory-Rawson Local,Hancock,3,621.52974967158104,35167,0.31592511107855398,3.5600476453312553E-2
047449,Liberty-Benton Local,Hancock,3,1247.6889123839601,37426,0.21574358069168001,6.3310631061858413E-2
047464,Van Buren Local,Hancock,3,1013.30354279321,43268,0.114681269243228,5.4698900432727203E-2
045187,Ada Exempted Village,Hardin,3,941.14755760368701,31392,0.334791527668301,4.5673360230588197E-2
044156,Jackson City,Jackson,3,2474.9811586948499,29020,0.52609474852412097,2.9906458683490247E-2
044420,Mount Vernon City,Knox,3,3967.5745900113402,28989,0.45406971480356001,6.5369075061435647E-2
047829,Centerburg Local,Knox,3,1092.2898876404499,38105,0.31078751164958102,3.0319769415453373E-2
047936,Fairland Local,Lawrence,3,1817.27479768786,32262,0.36620460147815798,2.9075487293525444E-2
048017,Licking Valley Local,Licking,3,2026.54336917563,31517,0.39788255685736701,3.1784811693261979E-2
048033,Northridge Local (Licking),Licking,3,1388.5234240356999,39440,0.19726961248684,2.5152421824728353E-2
047985,Johnstown-Monroe Local,Licking,3,1522.0734774078101,38657,0.24441617305662,3.8174302110769866E-2
048074,Benjamin Logan Local,Logan,3,1824.6035897905599,36756,0.26125350816037801,6.5004364495120245E-2
045658,Wellington Exempted Village,Lorain,3,1410.72825562971,32455,0.36380019373607902,8.6032579499275633E-2
048157,Firelands Local,Lorain,3,1832.9742156127299,35942,0.256924592020709,5.5274658945453164E-2
048165,Keystone Local,Lorain,3,1609.7183315412201,37475,0.24967929199670799,4.1296355205418661E-2
048173,Midview Local,Lorain,3,3341.5209031352701,35088,0.3402661429901,8.5948674194499378E-2
048140,Columbia Local,Lorain,3,1023.59758208783,36191,0.25033036205555997,3.790759166282999E-2
048256,Jefferson Local,Madison,3,1280.45405288816,32887,0.294417781971966,2.0876387734979778E-2
048264,Jonathan Alder Local,Madison,3,2096.8731523320698,37784,0.27795855035036499,4.2245106873907652E-2
048371,Springfield Local (Mahoning),Mahoning,3,1116.3840014917,31659,0.34151697512249302,1.7700106397559562E-2
048363,South Range Local,Mahoning,3,1282.5861579144801,34595,0.22811209692182999,6.4277834246370732E-3
048322,Jackson-Milton Local,Mahoning,3,860.72200261047897,31319,0.47909528577461202,2.5943597993618832E-2
048330,Lowellville Local,Mahoning,3,613.05499708260402,31478,0.34070431736419698,6.8063622977734523E-2
048447,River Valley Local,Marion,3,2084.3995241626499,34315,0.31974764499536201,6.3765126107608455E-2
048421,Pleasant Local,Marion,3,1360.2532430024701,34967,0.236066209172062,6.7776491260164218E-2
048470,Buckeye Local (Medina),Medina,3,2254.2689415004602,40340,0.25300931895032602,3.9735394986050152E-2
048488,Cloverleaf Local,Medina,3,2848.1357003943999,33900,0.308687841496537,3.0342084995634781E-2
045310,Coldwater Exempted Village,Mercer,3,1410.4358143193001,33690,0.15404574606612401,2.1222780738573581E-2
045336,Covington Exempted Village,Miami,3,885.39631992804698,30931,0.24361734134680799,5.2502231645264824E-2
048611,Bethel Local,Miami,3,893.69098784254902,38958,0.125908804208861,3.9844900767919376E-2
048744,Valley View Local,Montgomery,3,1873.1983689046999,36586,0.17168270398774799,3.6184923641222333E-2
048678,Brookville Local,Montgomery,3,1465.17935821625,33795,0.25204997736729701,1.758632913594366E-2
045534,Mount Gilead Exempted Village,Morrow,3,1319.16115735685,30116,0.46238094188623102,5.8679330705787146E-2
048835,East Muskingum Local,Muskingum,3,2160.70494793324,32918,0.32747158039281299,2.954611069113202E-2
048884,West Muskingum Local,Muskingum,3,1541.64600493168,30274,0.40434001595913999,4.3659621129776893E-2
048934,Danbury Local,Ottawa,3,549.49349617751295,30152,0.41310518558609399,6.031157227084058E-2
048926,Benton Carroll Salem Local,Ottawa,3,1830.21016408726,35193,0.30839324463512302,7.281742915151565E-2
048942,Genoa Area Local,Ottawa,3,1499.3694046083001,36619,0.32477627319632302,9.1135478051945523E-2
049080,Logan Elm Local,Pickaway,3,2103.7431791907502,33682,0.38892178892690499,1.6923866259087809E-2
049098,Teays Valley Local,Pickaway,3,3576.3380806719001,37856,0.28307528915162,3.5862815253980773E-2
049148,Waverly City,Pike,3,1906.9602660834701,29374,0.53204289473186905,4.6160712607600483E-2
049189,Crestwood Local,Portage,3,2147.00408831507,33456,0.25383289351115401,2.1060078281054898E-2
049213,Rootstown Local,Portage,3,1274.5575453441099,38031,0.252066289202724,3.825174417953537E-2
049197,Field Local,Portage,3,2452.93649864176,35451,0.28821528523975998,4.9821495946607328E-2
049346,Kalida Local,Putnam,3,608.68200861872504,40992,0.118010091059999,3.2857879347191199E-3
049379,Ottawa-Glandorf Local,Putnam,3,1404.10242774566,33496,0.21229368672443399,9.8952483251802351E-2
049478,Ontario Local,Richland,3,1744.55414090007,33887,0.233121594078818,8.8335324535748411E-2
049536,Union-Scioto Local,Ross,3,2185.0196884792599,31793,0.45847082649662202,8.0984492933284968E-2
049544,Zane Trace Local,Ross,3,1593.66912995392,35118,0.41861424234966299,1.8287789583480582E-2
049577,Woodmore Local,Sandusky,3,1087.8516184971099,37910,0.238948454005941,8.7853861402489589E-2
049668,Wheelersburg Local,Scioto,3,1515.7278034682099,31610,0.38193086889981398,3.2981046400914364E-2
049700,Hopewell-Loudon Local,Seneca,3,844.85855304866698,31680,0.27277829444100299,7.2552966408948968E-2
049759,Anna Local,Shelby,3,1250.6984281185901,39438,0.11757130213697201,2.3835438420789903E-2
049882,Marlington Local,Stark,3,2469.7758073506302,30274,0.39537780166456399,5.5828638713301904E-2
049874,Louisville City,Stark,3,3169.4401933203899,32299,0.32611751341119199,1.6530850339907522E-2
049908,Northwest Local (Stark),Stark,3,2028.2524516128999,35802,0.29570896043349199,2.6387304126344859E-2
049866,Lake Local (Stark),Stark,3,3587.1956104463002,37628,0.19078009089002501,4.0586943342124038E-2
050005,Manchester Local (Summit),Summit,3,1480.29728847926,35210,6.2226882688487797E-3,2.384656127842015E-2
049999,Coventry Local,Summit,3,2239.1773410404599,31977,0.42900466025817502,5.6663615725098079E-2
050039,Mogadore Local,Summit,3,907.42324296975301,31626,0.27153352898438599,1.6637217600356781E-2
044552,Norton City,Summit,3,2543.3559936530301,35221,0.29054884692785199,5.0198801494822372E-2
050153,Mathews Local,Trumbull,3,890.185436710055,33455,0.309344837210071,2.6568653150868919E-2
050229,McDonald Local,Trumbull,3,901.40932923707101,31690,0.24438107969876,4.7030276127004077E-2
050252,Weathersfield Local,Trumbull,3,974.30038487769696,28836,0.38391940101074801,5.6558873648971025E-2
050138,Champion Local,Trumbull,3,1528.62410593513,32780,0.28432868566309599,1.8859643241997862E-2
050187,Lakeview Local,Trumbull,3,1904.67257874763,34067,0.25837394321572199,4.2536259493006844E-2
050302,Tuscarawas Valley Local,Tuscarawas,3,1554.38077941451,33721,0.41873489946332598,2.8820353456173172E-2
043893,Dover City,Tuscarawas,3,2621.25192179531,30172,0.308500534852575,6.7177402839317127E-2
050328,Fairbanks Local,Union,3,954.44448887419105,43824,0.243137782116646,3.8631543317855122E-2
050468,Wayne Local,Warren,3,1470.81782952913,38591,0.19575254558227101,3.3411819277065158E-2
044321,Marietta City,Washington,3,2976.2843492769698,27581,0.46788482047581098,4.334944613679332E-2
050559,Green Local (Wayne),Wayne,3,1248.1103631363001,32937,0.17031793635715001,2.7200737841812959E-2
050542,Dalton Local,Wayne,3,947.04616862818204,32403,0.21363371666730699,4.6600260416917602E-2
050567,Norwayne Local,Wayne,3,1406.6982618903601,32800,0.32512688870418999,3.6185462083294463E-2
050591,Triway Local,Wayne,3,1868.92355878384,31852,0.373209229612952,3.1100956334600974E-2
050534,Chippewa Local,Wayne,3,1453.5640713282301,33615,0.29015828690255702,3.8379164661824811E-2
050674,Eastwood Local,Wood,3,1662.2351165392499,36953,0.191195589576442,7.0724564070326609E-2
050724,Otsego Local,Wood,3,1601.9805943152501,38815,0.28387505860874901,8.0163830179035347E-2
045609,Rossford Exempted Village,Wood,3,1852.1192975695501,34416,0.46437572894013202,9.7492476808135123E-2
045625,Upper Sandusky Exempted Village,Wyandot,3,1735.6076505687099,30212,0.38539043624070202,8.8960563133568413E-2
045781,Perry Local (Allen),Allen,4,831.80030409539404,25994,0.71886179446833698,0.32830806701551168
045765,Bath Local,Allen,4,1888.77948527694,31910,0.456743317501901,8.994828859701455E-2
045773,Elida Local,Allen,4,2464.48512719891,29976,0.47012877508380801,0.20911200118270018
043505,Ashland City,Ashland,4,3465.8659659878099,27964,0.375894191619081,7.1093347702377546E-2
045856,Buckeye Local (Ashtabula),Ashtabula,4,1960.9574544130401,28710,0.63533936621174802,7.9451461280529975E-2
043810,Conneaut Area City,Ashtabula,4,1982.72415708943,24145,0.63188963534384901,7.8482516084971837E-2
044057,Geneva Area City,Ashtabula,4,2710.4141454000601,28543,0.52588977552064797,0.11662927920409641
043513,Ashtabula Area City,Ashtabula,4,3936.1094302004399,24918,0.71333818234025304,0.30464199866172126
044727,St Marys City,Auglaize,4,2149.9791270288702,30820,0.40833532475747802,4.0215012816444753E-2
043570,Bellaire Local,Belmont,4,1316.7615104835299,24532,0.64770889390498398,0.10638818101526173
045237,Bridgeport Exempted Village,Belmont,4,760.82914673046298,24395,0.50491773180735999,8.7390039110112824E-2
044347,Martins Ferry City,Belmont,4,1565.15691919192,25096,0.56234333105077705,0.11945905027046205
044941,Urbana City,Champaign,4,2273.5686290322601,27466,0.50404589044072901,0.13478870298101517
046243,Tecumseh Local,Clark,4,3190.54299754763,28989,0.48362090744439301,0.12551391577551674
046342,Goshen Local,Clermont,4,2595.3399993820299,31831,0.47786643431451398,5.2559210894532186E-2
045112,Wilmington City,Clinton,4,3272.2463470692201,28839,0.51516934160592098,0.14442270827495429
044735,Salem City,Columbiana,4,2093.3390326968001,26403,0.47915601081535297,3.6204277513518901E-2
045039,Wellsville Local,Columbiana,4,872.72361184095303,25285,0.63924920927835505,0.16126641186336077
045328,Columbiana Exempted Village,Columbiana,4,1003.82586407033,29167,0.349190646028468,5.0877998858010295E-2
043919,East Liverpool City,Columbiana,4,2212.4622857142899,24992,0.56871090490259202,0.13144114288695541
043828,Coshocton City,Coshocton,4,1731.9924855491299,22743,0.59692251932102702,6.6355799244880526E-2
043687,Bucyrus City,Crawford,4,1579.79934876639,24192,0.63529582024320397,7.2939867024256991E-2
044024,Galion City,Crawford,4,1940.0201995625901,26622,0.52386837025986499,4.1934533131610635E-2
044099,Greenville City,Darke,4,2789.86035298158,26795,0.453195352998291,4.2619003472884054E-2
043869,Defiance City,Defiance,4,2604.19163154122,28268,0.45132321840459799,0.30347572096911524
044206,Lancaster City,Fairfield,4,5965.9046677063097,28185,0.51609716531536598,4.1530404748676107E-2
045013,Washington Court House City,Fayette,4,2321.0118979744898,24640,0.54353430679273496,8.448884463907573E-2
046953,Hamilton Local,Franklin,4,3004.8653925579601,28168,0.61556209852702504,0.18800643263011352
045641,Wauseon Exempted Village,Fulton,4,1968.25324375486,30409,0.385481482486694,0.18291498773942177
044032,Gallipolis City,Gallia,4,2239.81426375712,28793,0.33998469158441202,7.2847585338333243E-2
045153,Xenia Community City,Greene,4,4761.3723569914,29067,0.54259510308691705,0.24469241006031645
043695,Cambridge City,Guernsey,4,2361.4498492078601,22963,0.63863741329545898,9.0227573916223991E-2
044438,Napoleon Area City,Henry,4,2029.07436875799,31250,0.389222153789887,0.10859242888691105
044123,Hillsboro City,Highland,4,2684.8765831806099,25467,0.58505797246932101,9.9504325394158988E-2
045096,Willard City,Huron,4,1767.0385459936099,26838,0.57206455357240305,0.26336686677915211
044560,Norwalk City,Huron,4,3008.6988419374102,27100,0.47789123476107997,0.14148582383954134
047803,Indian Creek Local,Jefferson,4,2214.6111208185498,29579,0.51997612778890201,8.1460749014946182E-2
044917,Toronto City,Jefferson,4,781.40340909090901,27237,0.57380005380761601,4.257345830273334E-2
045369,Fairport Harbor Exempted Village,Lake,4,526.44290132827302,27904,7.0618238928542802E-3,0.1109628187366668
047886,Madison Local (Lake),Lake,4,3246.0501346562801,31971,0.37165548167475199,7.2550233966106201E-2
044149,Ironton City,Lawrence,4,1519.3096612592501,24642,0.56358426983834897,0.11002458961399003
047951,South Point Local,Lawrence,4,1822.88578034682,26402,0.60399790410453802,9.9079386416583121E-2
047993,Lakewood Local,Licking,4,2071.1181196500202,31618,0.44049840002239099,3.4718182688760583E-2
044115,Heath City,Licking,4,1652.1247380197699,29547,0.34405357469958597,0.10612949418830589
048082,Indian Lake Local,Logan,4,1837.8162525345599,29936,0.46462109668872797,5.8084463711403501E-2
043588,Bellefontaine City,Logan,4,2740.1764646653,26588,0.51612576159858103,0.15173428790296151
048132,Clearview Local,Lorain,4,1761.0472952887999,22671,0.38792251039561698,0.51518417091011348
044768,Sheffield-Sheffield Lake City,Lorain,4,1875.4860717419499,34604,0.47184351122488799,0.12904802733393531
044602,Oregon City,Lucas,4,3874.8068873143102,34409,0.410408977732931,0.14420554272753605
044255,London City,Madison,4,1998.4851433122401,31594,0.43359168210785198,0.11273483222682223
044859,Struthers City,Mahoning,4,2012.68985467896,24554,0.63823242896950305,0.15327382727138625
048355,Sebring Local,Mahoning,4,628.70893232236597,23895,0.49922171548444,4.8058989980401881E-2
043729,Celina City,Mercer,4,2715.9061098901102,28729,0.38660226872818798,4.9300856246725894E-2
044644,Piqua City,Miami,4,3376.9267612161698,26290,0.53180787472216895,0.11808168982829749
048686,Jefferson Township Local,Montgomery,4,418.79931485889199,28319,5.3449946773689298E-2,0.85338516336332526
048736,Northridge Local,Montgomery,4,1626.6943351254499,21896,0.77913198371816395,0.25924898031794552
048850,Maysville Local,Muskingum,4,2322.7871368074698,25848,0.53545274361097905,4.4212979833149514E-2
044651,Port Clinton City,Ottawa,4,1818.48518894009,27920,0.45329848878169199,0.1532417012523053
043760,Circleville City,Pickaway,4,2181.60263847642,26690,0.52791480789939205,5.6147848030549646E-2
044685,Ravenna City,Portage,4,2940.5595641485602,27243,0.62728312222671001,0.17052657755386413
049353,Leipsic Local,Putnam,4,622.78407281645002,29569,0.52212884707332896,0.47953160631883945
044776,Shelby City,Richland,4,2084.1862483684499,28698,0.41775722947695398,3.3671102490770509E-2
049452,Madison Local (Richland),Richland,4,3051.6290531561499,26500,0.57060220909512704,0.11247955581090993
043745,Chillicothe City,Ross,4,2918.7267799512401,26631,0.60200525623137002,0.21629153874027168
044016,Fremont City,Sandusky,4,4269.9136676173002,28131,0.58735975017251196,0.35168709530288034
045302,Clyde-Green Springs Exempted Village,Sandusky,4,2260.2644323405402,30799,0.39025047815735803,0.10351838384645801
044669,Portsmouth City,Scioto,4,1986.64097337665,21952,0.74107962975072805,0.16270991914275124
044461,New Boston Local,Scioto,4,437.10146282598703,17910,0.81633778160530202,3.2165639716537096E-2
044891,Tiffin City,Seneca,4,2814.9693177604699,27925,0.49755536250807603,7.3101712799332197E-2
043992,Fostoria City,Seneca,4,1871.6937997279799,23575,0.76136898342209602,0.38851206358802692
044784,Sidney City,Shelby,4,3575.1872849271499,28067,0.54223980808724004,0.12950292464341676
049833,Canton Local,Stark,4,2215.2563473053901,27924,0.56278782765401403,0.12930790570646142
049924,Perry Local (Stark),Stark,4,4808.5256647398801,31578,0.37598355829783697,9.7171481088251049E-2
050062,Springfield Local (Summit),Summit,4,2364.13629150423,29906,0.51673133137182004,4.7134840031233152E-2
050120,Brookfield Local,Trumbull,4,1184.0975853612499,26886,0.51170401229664098,9.1411187236606628E-2
045427,Hubbard Exempted Village,Trumbull,4,2114.5336910825399,29484,0.39107106501014399,7.4258368909528305E-2
050195,Liberty Local,Trumbull,4,1427.1604965507599,28924,0.60184180817579203,0.400915937754864
044065,Girard City,Trumbull,4,1729.2795246180001,24964,0.55912004972981799,0.1204852244029045
044495,Niles City,Trumbull,4,2769.82666500191,25611,0.62339377441018196,0.10632376228126258
044487,New Philadelphia City,Tuscarawas,4,2985.2698664773702,27690,0.40366419148072102,7.2140924408356219E-2
044966,Van Wert City,Van Wert,4,2037.2129033367701,27493,0.46015308580960901,8.6923921878598195E-2
044008,Franklin City,Warren,4,2911.33089268088,29912,0.44660423785162801,4.19872388399729E-2
050419,Carlisle Local,Warren,4,1702.21996425416,33815,0.33452655282162302,4.2995478026488572E-2
043604,Belpre City,Washington,4,1014.63353558978,25977,0.504768783203698,8.3895754064342132E-2
044610,Orrville City,Wayne,4,1634.8755156464199,30044,0.45360072393635997,0.15114174411392492
045120,Wooster City,Wayne,4,3747.7524117647099,29529,0.53300386736891403,0.11883136356973553
043679,Bryan City,Williams,4,1934.02081279448,27995,0.34968282243335003,7.1920043421625807E-2
050690,Lake Local (Wood),Wood,4,1674.4308693656701,33272,0.38738636496053203,0.14929263510054819
050716,Northwood Local,Wood,4,1013.17407258065,34152,0.425925427576479,0.14524104869222385
045799,Shawnee Local,Allen,5,2527.1415439119901,37198,0.28508958927706102,0.13607289851899915
043521,Athens City,Athens,5,2756.8234841457202,26301,0.34055365042705399,8.2479974535744141E-2
046151,Talawanda City,Butler,5,3075.0250051912999,33995,0.33162539207769598,6.2431204035584789E-2
046102,Fairfield City,Butler,5,9607.7617823482906,36163,0.294062482788704,0.24781515782157554
139303,Monroe Local,Butler,5,2231.9547634577302,40505,0.25225196026936197,0.11325751734400885
045500,Milford Exempted Village,Clermont,5,6132.6962477900197,42174,0.21746731055739499,5.6562172714164166E-2
046359,West Clermont Local,Clermont,5,8664.7430294637797,34309,0.313629988718226,5.096639324500854E-2
043794,Cleveland Heights-University Heights City,Cuyahoga,5,5906.95167087968,37822,0.61250462647538295,0.82123215689418672
046557,Cuyahoga Heights Local,Cuyahoga,5,905.76641912413004,34425,0.212696476796982,5.1889757676651993E-2
044198,Lakewood City,Cuyahoga,5,5667.0827981990396,30791,0.49325968375068102,0.2157013047524402
043976,Fairview Park City,Cuyahoga,5,1702.6560725300801,38052,0.26169329632029598,0.10454636164646874
046565,Independence Local,Cuyahoga,5,1101.13313218945,42411,0.10267378860717299,6.7155246723787998E-3
044370,Mayfield City,Cuyahoga,5,4140.6549330710604,37724,0.19751248784624401,0.1983337756027663
044529,North Olmsted City,Cuyahoga,5,4001.4626407058099,34380,0.38584042756640202,0.10064634142293775
044545,North Royalton City,Cuyahoga,5,4368.3132429113803,39401,0.157227784467139,5.3358297723615528E-2
046573,Olmsted Falls City,Cuyahoga,5,3638.26544944126,40906,0.17075828514326699,6.5435641968707381E-2
046599,Richmond Heights Local,Cuyahoga,5,889.20537365813402,32690,0.52995784829747405,0.85016098784881011
044792,South Euclid-Lyndhurst City,Cuyahoga,5,4173.7320302819398,37241,0.485102580751541,0.66752043634370639
044842,Strongsville City,Cuyahoga,5,6514.8059285412301,43057,0.15304995176196301,7.1834526264791088E-2
046748,Big Walnut Local,Delaware,5,2796.5755407040501,44656,0.188415518472204,7.4654656404240904E-2
043877,Delaware City,Delaware,5,4942.3827779391904,35604,0.35478129083149701,0.13996871488987872
044131,Huron City,Erie,5,1488.05764367816,35747,0.30203706498052701,5.8799554445019581E-2
046813,Perkins Local,Erie,5,2345.33199888122,33214,0.30577471596709799,0.1335632046775875
046946,Canal Winchester Local,Franklin,5,3445.8715916159599,42349,0.27243550210998502,0.26130276346616776
047001,Reynoldsburg City,Franklin,5,5810.71382857143,33190,0.415517849530599,0.47532454630703214
047183,Chardon Local,Geauga,5,3144.0697400379499,39994,0.17612842675662499,3.4401145795423971E-2
047225,West Geauga Local,Geauga,5,2199.0096073732698,42613,0.123996080105478,3.2743311762455173E-2
047332,Finneytown Local,Hamilton,5,1491.65963133641,36929,0.361909448338463,0.46857306187948794
047365,Northwest Local (Hamilton),Hamilton,5,9149.3840958949095,34586,0.45085987474703398,0.33708049796599737
047373,Oak Hills Local,Hamilton,5,7726.6835481139397,38140,6.5272867452279601E-2,5.4934000073278845E-2
044677,Princeton City,Hamilton,5,5238.2891154553099,32812,0.58615240766505805,0.63668633513489736
047399,Three Rivers Local,Hamilton,5,1832.6355610834,42807,0.35805786155576103,5.5652452552615313E-2
047878,Kirtland Local,Lake,5,1172.4984671545999,42796,3.4956804523040397E-2,1.7647977776015181E-2
045492,Mentor Exempted Village,Lake,5,8156.1983236423703,37811,0.247160194483139,5.1899684858099579E-2
047902,Perry Local (Lake),Lake,5,1849.5173313161599,37767,0.25438886462822502,8.9172476131425801E-2
047894,Riverside Local (Lake),Lake,5,4877.2897189209598,41078,0.15898973621347801,8.6342556027588294E-2
045104,Willoughby-Eastlake City,Lake,5,8386.3349710982693,32429,0.33311378174768802,8.8059804418273449E-2
048041,Southwest Licking Local,Licking,5,3743.4424168310302,42806,0.30851390920808403,9.459947868790608E-2
048009,Licking Heights Local,Licking,5,3395.5819577716602,42827,0.39323282956018901,0.36173983308740038
045195,Amherst Exempted Village,Lorain,5,4094.6869106674699,37455,0.210452164409205,0.16939425034770042
044537,North Ridgeville City,Lorain,5,3726.0766238095198,42303,0.23905477473134301,8.4462704262572297E-2
044594,Oberlin City,Lorain,5,1107.5912269252301,31409,0.44410381848150399,0.4618118373250702
048207,Anthony Wayne Local,Lucas,5,4347.9789492548498,48829,0.12885861042570901,6.4665900120379469E-2
044362,Maumee City,Lucas,5,2688.1764518057998,33031,0.31698663419531498,0.14681589805133638
048223,Springfield Local (Lucas),Lucas,5,3958.4935262672798,35662,0.36225698779051102,0.28053715233169918
044875,Sylvania City,Lucas,5,7312.3717434063901,42323,0.17964918936602201,0.10339181392473795
048306,Boardman Local,Mahoning,5,4661.9472154888399,30661,0.375463872270558,0.17293510822304847
048314,Canfield Local,Mahoning,5,2948.48690921455,43708,0.12587528611525001,4.100873235087886E-2
048348,Poland Local,Mahoning,5,2292.9520479262701,39523,7.8536077573317306E-2,4.3823352596417016E-2
043661,Brunswick City,Medina,5,7386.3720274446896,38546,0.23465497399438701,6.1267373034092187E-2
044388,Medina City,Medina,5,7354.4324771654801,43292,0.157305983396448,7.3783088104031821E-2
044974,Wadsworth City,Medina,5,4741.7154987713302,37033,0.211167538499338,3.3705055700301224E-2
045617,Tipp City Exempted Village,Miami,5,2534.7755193819498,38603,0.182763294674683,4.0229399342002384E-2
044925,Troy City,Miami,5,4466.0652256370804,33842,0.40350521080434298,0.12853751004039132
044180,Kettering City,Montgomery,5,7122.7445690265104,33190,0.38575263856233299,0.10909825174441054
044396,Miamisburg City,Montgomery,5,5337.9910810777001,35070,0.36035033907046998,0.12832550733681333
048728,Northmont City,Montgomery,5,5377.0669274710499,35706,0.28974149944843802,0.24380377360476752
044958,Vandalia-Butler City,Montgomery,5,3206.3699421965298,34275,0.28838006713514602,0.12041420438361497
044164,Kent City,Portage,5,3416.7754083484601,27454,0.41723281054147898,0.24950169573196321
049239,Streetsboro City,Portage,5,2094.6020321637402,35855,0.41020192959235602,0.17032235512588395
049437,Lexington Local,Richland,5,2532.2205836285698,36115,0.249450115383653,7.9316501852659121E-2
049858,Jackson Local,Stark,5,5727.5594385473496,40216,0.17465689985451299,5.1785097163685082E-2
044503,North Canton City,Stark,5,4579.1476331582999,37022,0.18208516548629999,5.5123751694540903E-2
049932,Plain Local,Stark,5,5950.4030097692103,31669,0.42225367431567701,0.19556408597551411
043836,Cuyahoga Falls City,Summit,5,4721.4497370874496,31830,0.36774493963499999,8.7688719532569195E-2
050013,Green Local (Summit),Summit,5,4167.0352755695703,38819,0.24054953113275701,5.7872450891771475E-2
050047,Nordonia Hills City,Summit,5,3978.7239777560098,42752,0.21314959007667,0.16651982748302671
044834,Stow-Munroe Falls City,Summit,5,5344.5440389026498,39476,0.21404795928557099,6.8587037227061484E-2
044883,Tallmadge City,Summit,5,2581.4189495998098,35297,0.21664424054699599,9.3379379504490476E-2
049973,Woodridge Local,Summit,5,1984.80182978018,33464,0.36878468148045201,0.27379350924052248
050070,Twinsburg City,Summit,5,4236.9565075275796,45432,0.156558865535213,0.30054891515672377
050161,Howland Local,Trumbull,5,2884.8689266176202,31699,0.31000165858326401,0.1018159553141486
045476,Marysville Exempted Village,Union,5,5345.4568891254803,41415,0.21406537894317501,5.0121696954323065E-2
050443,Little Miami Local,Warren,5,3833.4648872411799,49772,0.201279098917648,5.7270981156578478E-2
044214,Lebanon City,Warren,5,5449.6891657399801,38635,0.234692196908206,9.9209969144167479E-2
050435,Kings Local,Warren,5,3913.7214299832199,43193,0.17100314601427799,9.0006928143611373E-2
043638,Bowling Green City,Wood,5,2935.5520564362,28401,0.34416921319388599,0.1764337473624841
046110,Lakota Local (Butler),Butler,6,17409.228571428601,52998,0.14605243555082401,0.18433565032337251
043547,Bay Village City,Cuyahoga,6,2453.3560337987601,55136,9.58458921025519E-2,4.5831383046490273E-2
043554,Beachwood City,Cuyahoga,6,1551.4480910499899,50612,0.101375482959426,0.26842287604773596
043646,Brecksville-Broadview Heights City,Cuyahoga,6,4287.9431637222197,46831,0.1149155728685,5.8747435950032567E-2
045286,Chagrin Falls Exempted Village,Cuyahoga,6,1936.1028968523001,59622,3.4607207873399097E-2,2.4086944105969489E-2
046581,Orange City,Cuyahoga,6,2202.7060275004401,65754,0.138205767133634,0.30175692787801534
044701,Rocky River City,Cuyahoga,6,2529.49830698287,43563,0.11180815953636,5.8651394818707264E-2
044750,Shaker Heights City,Cuyahoga,6,5387.9798665534699,45156,0.315596843914907,0.58889977680592187
046607,Solon City,Cuyahoga,6,5042.6462786407801,52598,9.1791001744971804E-2,0.19300115311144128
045062,Westlake City,Cuyahoga,6,3890.5986259310898,45654,0.14640798564386401,7.0600667230479072E-2
046763,Olentangy Local,Delaware,6,16262.6702642006,73125,7.4168974157486398E-2,0.10026907464901103
046896,Pickerington Local,Fairfield,6,10325.6158112383,46411,0.16617365035765799,0.30172238172286658
044073,Grandview Heights City,Franklin,6,1091.56969168505,45598,0.18038356034645001,7.4747271965854137E-2
043620,Bexley City,Franklin,6,2130.0028378827701,60994,9.1620782115742302E-2,0.15737587856213781
047027,Dublin City,Franklin,6,13614.462317661,49483,0.14046366104574601,0.13168978447157403
046961,Gahanna-Jefferson City,Franklin,6,7028.1536826034899,45614,0.255806129701041,0.27580129993631847
047019,Hilliard City,Franklin,6,14944.5114463559,48264,0.22431569765006601,0.15338080853811234
046995,New Albany-Plain Local,Franklin,6,4191.1990563828904,69808,6.9593434221500799E-2,0.13111451267763244
044933,Upper Arlington City,Franklin,6,5541.7250383373703,59158,1.40177416230962E-2,4.2664656807743437E-2
045047,Westerville City,Franklin,6,14105.034488232801,41675,0.283092354463369,0.3265467099479531
045138,Worthington City,Franklin,6,9097.5143725584894,44698,0.23407497501312799,0.19615950816744127
047191,Kenston Local,Geauga,6,3141.2826445014798,53394,0.116951108390869,6.9132580581770658E-2
045674,Yellow Springs Exempted Village,Greene,6,717.98498407463205,37890,0.23927297173195899,0.31821254541152222
047241,Beavercreek City,Greene,6,7571.0112850648802,47828,0.13196056038436799,9.5928890880143863E-2
047274,Bellbrook-Sugarcreek Local,Greene,6,2602.0840631546398,51428,0.153185716450253,0.11276871350586753
044313,Mariemont City,Hamilton,6,1637.3354474211801,47123,8.1845392031905106E-2,5.5384138368805895E-2
047340,Forest Hills Local,Hamilton,6,7351.0362772523604,50033,0.107718804464722,6.1636690042894189E-2
045435,Indian Hill Exempted Village,Hamilton,6,2066.84018922328,65176,5.1459114215839603E-2,8.7481048884651164E-2
044271,Loveland City,Hamilton,6,4485.6860817823899,50072,0.14246072989230099,5.4699119077023753E-2
044289,Madeira City,Hamilton,6,1392.0371074746199,50812,8.7270444791906293E-2,6.9039899648504169E-2
044867,Sycamore Community City,Hamilton,6,5197.4155785038702,49873,0.15979242786112199,0.16567627098375845
045146,Wyoming City,Hamilton,6,1987.20815841081,63959,6.6226203085549107E-2,0.18442863805611354
045393,Granville Exempted Village,Licking,6,2471.5071276445901,60018,3.4486261755100202E-2,2.6505625662847879E-2
048124,Avon Lake City,Lorain,6,3780.8570175580799,50985,0.12413884126765801,5.7708417027684061E-2
048116,Avon Local,Lorain,6,3964.9401215448902,55771,6.7920644692826299E-2,8.863305625746265E-2
048215,Ottawa Hills Local,Lucas,6,976.65375955015202,66317,0,8.3068833873821857E-2
048496,Highland Local (Medina),Medina,6,3220.6647647058799,50463,8.6962317114619797E-2,1.6597779110308256E-2
043737,Centerville City,Montgomery,6,8034.6447339133902,44553,0.136826488194975,0.11581045929765224
044586,Oakwood City,Montgomery,6,2074.64245514601,60044,4.3333104602260197E-2,4.6919272303652719E-2
049171,Aurora City,Portage,6,2892.3315583886201,49775,9.3605731257182107E-2,5.8410652112291704E-2
049981,Copley-Fairlawn City,Summit,6,3155.7980810624299,44452,0.17251050999654899,0.19301543221225601
050021,Hudson City,Summit,6,4622.2334138625602,67903,4.7004992012813197E-2,5.0115723078930995E-2
050054,Revere Local,Summit,6,2707.7886257691598,58022,8.2208928128156306E-2,4.8740794436507237E-2
050450,Mason City,Warren,6,10503.101111280899,58620,6.3517904613784107E-2,0.10608916801441096
050427,Springboro Community City,Warren,6,5493.0680534270796,62038,6.2898033622288102E-2,5.4988617844226567E-2
045583,Perrysburg Exempted Village,Wood,6,4596.6603197374397,49412,0.119834245927678,8.6582380789098634E-2
044222,Lima City,Allen,7,4032.8113110496802,20747,0.80829265583756305,0.57131471047504667
044404,Middletown City,Butler,7,6540.2910288188496,24597,0.715244070120722,0.32696438169934716
044107,Hamilton City,Butler,7,9444.1161543692597,26311,0.69197601013044696,0.24105146680453321
044818,Springfield City,Clark,7,7398.3352601156103,22868,0.76268310633856096,0.37375267987174154
043562,Bedford City,Cuyahoga,7,3566.1945556812002,29437,0.605732637856773,0.87953578478020056
043653,Brooklyn City,Cuyahoga,7,1456.1784183402499,28627,0.48634344978376098,0.27145399773044943
044040,Garfield Heights City,Cuyahoga,7,3823.35981943463,28386,0.64735905196038002,0.58832461083210352
044305,Maple Heights City,Cuyahoga,7,3792.7029413876298,28087,0.70793770438012005,0.96217539882270076
045005,Warrensville Heights City,Cuyahoga,7,1955.76263537307,25020,0.60159388326001995,0.99207608722121565
043901,East Cleveland City,Cuyahoga,7,3182.1416014960901,20031,0.88477867833999602,0.99791829582519698
043950,Euclid City,Cuyahoga,7,5792.8259461201096,27851,0.66032993956003005,0.83382791008899648
043612,Berea City,Cuyahoga,7,7017.3061299391102,33080,0.37501133358049699,0.1628643999382553
044636,Parma City,Cuyahoga,7,11250.750178513401,31268,0.42570169997586499,9.8796704222345988E-2
044743,Sandusky City,Erie,7,3400.0460090172801,20823,0.75582120112717199,0.56009678702805021
045070,Whitehall City,Franklin,7,2818.3945325812201,23360,0.75678916274479202,0.53859365078517896
046979,Groveport Madison Local,Franklin,7,5746.064912238,30072,0.57979826744293395,0.44495665480403168
044800,South-Western City,Franklin,7,19336.077880192301,31838,0.54574269270755804,0.27059496751871009
043968,Fairborn City,Greene,7,4264.0407202443503,26921,0.51067228534066,0.20807086752933671
044230,Lockland Local,Hamilton,7,631.51609894394301,22218,0.62934454388419603,0.52197693451145111
044412,Mt Healthy City,Hamilton,7,3566.8262575757599,29347,0.76141069057432498,0.7972987711075219
044511,North College Hill City,Hamilton,7,1594.58553672316,27885,0.68763910952331497,0.81752405491974878
044578,Norwood City,Hamilton,7,2170.76079253335,26748,0.60393181320136702,0.21552218521240432
044693,Reading Community City,Hamilton,7,1596.8014772727299,29248,0.389339897022834,0.11895413366479128
044719,St Bernard-Elmwood Place City,Hamilton,7,973.85649790677201,26919,0.720441019319639,0.31416336110419768
043851,Deer Park Community City,Hamilton,7,1255.9257423020499,33336,0.40883940243486599,0.16781934865272885
044081,Winton Woods City,Hamilton,7,3266.5229643094699,32358,0.576950592009431,0.8314451374075349
043984,Findlay City,Hancock,7,5706.8229825961398,29956,0.40982898141417801,0.14419241626816609
044826,Steubenville City,Jefferson,7,2251.9576654124098,23217,0.65968606327909296,0.41730303339403679
044628,Painesville City Local,Lake,7,2979.1547401939501,24601,0.75948363466806501,0.69331311517423377
045088,Wickliffe City,Lake,7,1499.3926170729701,31476,0.35015874320407803,0.13557281548414118
044453,Newark City,Licking,7,6456.2176171945503,25155,0.57731837144529996,0.12110486781859994
043943,Elyria City,Lorain,7,6938.1714867109604,26570,0.66411917985892799,0.40503060607654973
044263,Lorain City,Lorain,7,7585.4399795089603,22509,0.84504155413741799,0.71729436543834102
048231,Washington Local,Lucas,7,6618.3900182463303,28400,0.53301545674337103,0.21470152945416304
048298,Austintown Local,Mahoning,7,5157.1123009509602,30125,0.40330955268256402,0.16445277271951142
043703,Campbell City,Mahoning,7,1260.7457757296499,23174,0.78911238623909596,0.59967015353724196
044339,Marion City,Marion,7,4482.6871130916297,24648,0.690479099478706,0.16755673599217538
048702,Mad River Local,Montgomery,7,3461.3676620341898,25631,0.51870472049467198,0.19843719215176253
048694,Trotwood-Madison City,Montgomery,7,2656.6216184971099,24290,0.81941360875695202,0.91873058646304528
048751,Huber Heights City,Montgomery,7,6177.6923620731504,32771,0.395111708610134,0.32055771899905383
045054,West Carrollton City,Montgomery,7,3726.40048294401,28199,0.54465874563652605,0.22087095648654997
045179,Zanesville City,Muskingum,7,3751.64122386073,21979,0.64615992861443705,0.28819332251971352
044297,Mansfield City,Richland,7,3498.4380078803301,21862,0.84050812362923899,0.43922922854637503
043497,Alliance City,Stark,7,2859.18595375723,22824,0.77017430706104395,0.2927958576349699
044354,Massillon City,Stark,7,3990.6061280500599,25537,0.61347228423601896,0.22400427632051714
043539,Barberton City,Summit,7,3676.0735766580501,25389,0.70657361604693403,0.16507253498604788
044990,Warren City,Trumbull,7,5368.2164631504102,21438,0.75188836414487004,0.53599021599683072
043786,Cleveland Municipal City,Cuyahoga,8,43202.483284764603,22343,0.99986660298207197,0.84652760779782577
043802,Columbus City,Franklin,8,49615.6294539644,26759,0.81861089956592803,0.70980671529362849
043752,Cincinnati City,Hamilton,8,32008.941900280301,27819,0.69694916076845204,0.74834459779157869
044909,Toledo City,Lucas,8,22277.142689964199,24558,0.76646568814609395,0.59381811090566483
043844,Dayton City,Montgomery,8,14174.1578024831,22493,0.92511386545752805,0.74435148849408561
043489,Akron City,Summit,8,22602.889953615901,24324,0.84699162537834805,0.56380759951091108
043711,Canton City,Stark,8,9750.0645820998107,20910,0.80607670611649496,0.51669024025962784
045161,Youngstown City,Mahoning,8,6087.7340839157196,19844,0.91877010102548395,0.83009749394893206
