irn,district,unweighted_adm_fy25,operating_expenditure_per_pupil_fy25,instruction_per_pupil,pupil_support_per_pupil,instructional_staff_support_per_pupil,classroom_instruction_per_pupil,general_admin_per_pupil,school_admin_per_pupil,operations_maintenance_per_pupil,pupil_transportation_per_pupil,other_support_per_pupil,food_service_per_pupil,nonclassroom_per_pupil
000442,Manchester Local,667.9763,17868.14,10486.57,1049.51,139.07,11675.14,613.03,1041.62,1817.19,1083.84,863.48,773.84,6193
043489,Akron City,19737.4703,20459.69,10965.22,1484.01,1051.01,13500.24,363.02,1515.35,2110.3,892.56,1230.77,847.46,6959.45
043497,Alliance City,2878.0025,17143.14,9526.62,1227.69,590.96,11345.27,452.31,1142.98,2083.67,613,651.01,854.92,5797.88
043505,Ashland City,2895.6297,13485.61,7950.94,989.51,602.38,9542.83,293.77,893.5,850.05,527.34,844.08,534.04,3942.78
043513,Ashtabula Area City,2598.745,18415.77,8280.76,1326.12,721.52,10328.4,227.32,818.19,3325.77,1700.65,1066.46,948.98,8087.37
043521,Athens City School District,2214.7097,19648.92,12841.12,1494.31,422.98,14758.41,544.22,999.61,1509.97,839.72,420.14,576.84,4890.51
043539,Barberton City,3253.6324,19000.87,11618.12,1301.75,432.35,13352.22,528.31,933.61,1622.37,915.69,849.78,798.88,5648.64
043547,Bay Village City,2327.1006,17820.1,10513.3,1499.25,774.35,12786.9,510.84,1103.09,1644.59,442.88,850.51,481.28,5033.19
043554,Beachwood City,1525.2086,26252.73,14402.95,1779.74,1187.5,17370.19,1063.55,1131.74,2939.59,1860.6,1369.06,518,8882.54
043562,Bedford City,2847.4075,22355.5,11708.23,1693.79,485.58,13887.6,923.75,1332.03,2117.32,1267.13,2129.78,697.88,8467.9
043570,Bellaire Local,1162.5512,15474.93,8372.54,866.91,286.43,9525.88,600.95,875.86,2160.68,961.13,699.23,651.2,5949.05
043588,Bellefontaine City,2163.7995,13718.68,7891.63,1069.14,208.21,9168.98,532.41,927.44,1267.07,507.92,773.02,541.84,4549.69
043596,Bellevue City,1664.9971,14760.09,7952.2,1542.63,707.42,10202.25,368.02,806.55,1586.46,818.83,304.15,673.83,4557.84
043604,Belpre City,870.4516,16153.93,9643.49,758.34,839.42,11241.24,705.87,908.4,1287.77,687.36,720.19,603.11,4912.69
043612,Berea City,5049.8626,17134.18,10019.94,1261.92,569.24,11851.1,370.14,869.66,1418.95,1154.24,990.57,479.53,5283.09
043620,Bexley City,2481.9122,21025.56,12925.87,1413.67,912.64,15252.18,605.77,982.79,2079.04,550.19,1062.77,492.84,5773.39
043638,Bowling Green City School District,2454.6101,16821.75,10282.63,1186.9,654.1,12123.63,497.07,716.16,1687.83,549.21,744.82,503.03,4698.12
043646,Brecksville-Broadview Heights City,3597.4444,16298.9,10033.32,1014.26,560.3,11607.88,421.43,676.25,1262.45,1125.76,788.99,416.14,4691.02
043653,Brooklyn City,1027.6706,20957.63,12369.27,1405.42,355.28,14129.96,963.1,839.84,2629.18,659.99,1351.79,383.76,6827.67
043661,Brunswick City,5727.3576,15657.84,8903.49,1958.77,347.67,11209.93,242.94,931.46,1349.5,929.48,571.97,422.56,4447.91
043679,Bryan City,1734.4834,15513.87,9595.56,1101.44,543.87,11240.87,571.74,509.1,1075.28,650.1,783.51,683.27,4273
043687,Bucyrus City,1003.9477,17980.25,10048.36,826.01,347.03,11221.41,556.25,1620.4,2176.05,230.98,1831.45,343.71,6758.85
043695,Cambridge City,1790.3061,15678.8,8440.01,1564.33,241.87,10246.21,450.3,1187.53,1642.11,646.46,846.16,660.03,5432.59
043703,Campbell City,1032.9556,19762.08,10996.72,804.75,356.78,12158.25,759.52,1306.2,3080.08,476.13,971.01,1010.88,7603.83
043711,Canton City,7351.8676,21314.9,10750.81,1985.96,1409.34,14146.11,375.13,1510.74,2141.19,982.73,1127.68,1031.33,7168.79
043729,Celina City,2576.3602,14392.55,8742.08,1112.96,426.7,10281.74,514.1,721.92,1124.79,641.82,546.43,561.76,4110.81
043737,Centerville City,7958.1639,16171.31,9442.72,2000.55,291.77,11735.04,326.67,1013.13,1212.06,976.96,452.08,455.36,4436.27
043745,Chillicothe City,2453.2239,16678.9,9720.68,1216.23,279.83,11216.75,559.47,1007.06,1710.91,665.85,638.18,880.68,5462.15
043752,Cincinnati Public Schools,34389.6885,20295.7,10578.57,1753.25,1026.78,13358.6,388.91,944.79,2059.93,1376.24,1366.46,800.76,6937.09
043760,Circleville City,2032.6849,15931.8,8658.35,866.27,1450.23,10974.84,714.94,731.6,1244.57,907.37,652.57,705.91,4956.96
043778,Claymont City,1503.9459,16220.56,9942.36,1072.67,307.74,11322.77,499.38,865.79,1893.01,576.09,359.93,703.58,4897.79
043786,Cleveland Municipal,33398.8674,24296.87,13325.77,1722.67,611.64,15660.07,677.13,1366.7,2759.59,1239.56,1887.4,706.43,8636.8
043794,Cleveland Heights-University Heights City,4863.3068,26608.95,13735.27,2235.47,1109.48,17080.23,867.87,1375.07,3438.69,1185.46,1998.07,663.56,9528.72
043802,Columbus City Schools District,46052.4116,24505.17,10835.73,2627.89,1213.24,14676.86,432.32,1439.2,3794.17,1631.66,1750.85,780.11,9828.31
043810,Conneaut Area City,1558.905,15692.91,8527.77,1110.65,253.65,9892.07,527.56,1014.9,1890.66,893.17,832.6,641.95,5800.84
043828,Coshocton City,1469.3198,16914.83,10090.01,988.07,441.77,11519.85,723.12,1221.68,1557.77,415.66,706.32,770.43,5394.98
043836,Cuyahoga Falls City School District,3707.6581,18046.22,11108.2,1317.05,541.56,12966.8,576.42,1101.91,1450.49,510.52,820.1,619.98,5079.42
043844,Dayton City,12771.038,21777.34,10332.91,1757.72,698.47,12789.09,526.54,1004.74,3233.56,1596.95,1760.43,866.02,8988.24
043851,Deer Park Community City,1044.2217,20284.59,12249.51,1263.32,621.71,14134.53,1182.1,958.03,1887.39,490.58,1161.6,470.37,6150.06
043869,Defiance City,2317.3666,14858.99,9276.06,1018.26,495.74,10790.06,380.97,634.55,1473.81,510.45,426.62,642.53,4068.93
043877,Delaware City,5429.5485,15727.3,9619.95,1179.02,411.12,11210.09,396.56,1078.83,1201.03,858.67,585.23,396.9,4517.21
043885,Delphos City,897.8545,13732.65,7771.25,925.38,286.2,8982.83,475.66,697.65,1697.69,580.69,663.18,634.95,4749.81
043893,Dover City,2576.2033,12542.55,7835.69,692.55,342.2,8870.44,373.27,617.69,1546.42,378.03,289.84,466.86,3672.1
043901,East Cleveland City School District,1158.765,38140.32,15721.65,2861.97,2070.01,20653.64,2268.87,2590.71,6034.01,1266.43,4368.96,957.7,17486.69
043919,East Liverpool City,1941.5419,17253.25,10561.9,1124.64,387.73,12074.27,374,698.51,2099.7,730.38,490.18,786.21,5178.98
043927,East Palestine City,932.0396,15061.91,8325.96,902.83,777.51,10006.29,567.19,966.01,1537.85,793.95,533.03,657.58,5055.61
043935,Eaton Community City,1717.4299,16750.41,9437.33,1200.02,255.37,10892.72,571.36,1196.22,1788.9,912.96,844.66,543.59,5857.68
043943,Elyria City Schools,5649.0408,15729.06,8813.31,1178.04,373.1,10364.45,389.14,862.44,1524.77,1129.22,687.59,771.44,5364.61
043950,Euclid City,4307.8315,23256.66,11538.43,2497.79,1148.88,15185.1,467.27,1524.1,2442.18,1550.82,1338.36,748.85,8071.57
043968,Fairborn City,4203.6116,15245.11,8941.32,1218.17,410.31,10569.8,327.41,794.34,1248.9,903.58,783.34,617.74,4675.31
043976,Fairview Park City,1389.5174,18814.63,11501.55,1278.86,625.59,13406,328.69,1067.44,1947.4,658.57,1020.76,385.77,5408.63
043984,Findlay City,5222.1877,14739.68,9665.35,984.99,437.13,11087.47,409.59,695.71,1260.32,521.59,284.42,480.58,3652.21
043992,Fostoria City,1717.3241,15044.54,7976.57,1152.27,1198.07,10326.92,657.87,795.06,1389.32,536.2,591.43,747.73,4717.62
044008,Franklin City,2548.4532,16793.29,9573.78,1736.73,519.31,11829.82,403.72,808.91,1409.9,919.73,840.24,580.96,4963.47
044016,Fremont City,3116.7944,15955.55,8902.83,1091.04,436.32,10430.19,335.14,1064.89,1965.76,741.44,795.48,622.65,5525.36
044024,Galion City,1548.5461,15685.38,8998.26,1198.33,368.76,10565.35,577.51,927.68,1365.55,747.27,666.68,835.33,5120.02
044032,Gallipolis City,1797.2589,15909.72,7924.72,1066.43,573,9564.15,350.99,718.19,3421.82,797.72,391.16,665.7,6345.57
044040,Garfield Heights City Schools,2564.7872,21437.81,10658.57,1697.39,823.92,13179.87,801.7,2127.72,2828.36,811.84,998.43,689.89,8257.93
044057,Geneva Area City,1922.4211,15813.28,8870.07,997.68,247.7,10115.46,737.13,872.44,2220.81,664.74,525.12,677.58,5697.81
044065,Girard City School District,1478.803,16742.36,10691.41,1223.66,364.31,12279.37,907.03,782.62,1443.44,447.31,268.33,614.26,4462.98
044073,Grandview Heights Schools,1124.9078,21567.26,12729.29,1667.89,1756.25,16153.43,983.2,1009.31,1688.75,28.49,1122.79,581.28,5413.83
044081,Winton Woods City,3975.2819,16655.97,9216.4,1127.79,1116.16,11460.35,398.24,1074.63,1247.67,941.64,781.59,751.84,5195.62
044099,Greenville City,2223.7509,15461.53,9762.42,821.27,401.87,10985.56,320.79,1401.99,1225.38,592.46,462.42,472.93,4475.97
044107,Hamilton City,8682.5236,15153.27,8700.54,1190.79,402.94,10294.27,356.17,955.22,1523.21,977.66,334.64,712.11,4859
044115,Heath City,1527.0804,15907.16,8787.91,800.58,529.79,10118.28,885.34,1077.49,1307.63,656.66,970.93,890.84,5788.88
044123,Hillsboro City,2099.8865,16816.45,8937.03,1023.7,515.38,10476.11,382.58,2236.91,1267.49,1086.5,531.44,835.42,6340.34
044131,Huron City Schools,1131.4753,14643.54,8599.31,989.39,245.98,9834.68,733.29,806.36,1430.82,624.98,682.95,530.46,4808.86
044149,Ironton City School District,1226.2252,16843.11,8245.96,742.51,442.42,9430.89,994.55,832.61,3544.44,489.59,895.01,656.02,7412.23
044156,Jackson City,2154.1049,15981.53,10032.39,562.17,545,11139.56,420.2,952.73,1447.34,852.75,401.94,767.02,4841.97
044164,Kent City,3024.5053,19667.87,12432.9,1580.5,732.87,14746.27,541.75,909.9,1778.25,651.56,615.79,424.34,4921.6
044172,Kenton City,1754.1644,15586.54,9081.5,945.1,248,10274.6,358.32,843.21,1369.7,630.1,1385.18,725.43,5311.94
044180,Kettering City School District,7565.0557,17538.83,10590.53,1519.61,600.14,12710.28,495.82,779.77,1531.12,724.66,708.43,588.75,4828.54
044198,Lakewood City,4314.4836,20822.29,13615.33,1365.34,929.42,15910.09,348.93,1022.94,2281.05,23.82,834.18,401.28,4912.2
044206,Lancaster City,6075.0313,16179.13,9156.27,1600.76,667.5,11424.52,637.16,863.23,1367.36,585.63,632.06,669.17,4754.61
044214,Lebanon City,4836.5988,15232.94,8899.79,1207.89,548.64,10656.32,353.37,646.65,1231.72,1321.53,536.33,487.03,4576.62
044222,Lima City,3356.9946,19241.01,9597.88,1442.94,1648.96,12689.77,445.76,1250.39,2905.99,391.66,500.96,1056.48,6551.24
044230,Lockland Local,410.7395,23647.81,9690.3,2964.75,390.91,13045.96,2864.6,1362.37,2854.8,1563.34,1945.22,11.51,10601.84
044248,Logan-Hocking Local,3350.4098,17695.26,10495.63,1308.75,702.22,12506.61,478.33,817.23,1554.49,1082.59,514.23,741.77,5188.66
044255,London City,2033.6327,13750.84,7813.96,946.17,292.78,9052.91,507.55,670.32,1798.09,502.13,677.23,542.61,4697.92
044263,Lorain City,6069.8863,19886.74,11398.87,1407.48,618.65,13425,820.3,1138.4,1954.01,886.36,822.62,840.05,6461.74
044271,Loveland City,3935.0292,15678.91,9682.7,1199.18,450.89,11332.76,183.09,918.21,1238.15,854.21,843.01,309.48,4346.14
044289,Madeira City,1738.4913,15215.45,9582.41,949.13,521.65,11053.18,290.69,1128.63,1337.99,856.61,548.34,0,4162.27
044297,Mansfield City,2939.721,22066.94,11872.75,2082.14,294.54,14249.43,808.29,1157.59,2194.35,1009.69,1766.55,881.04,7817.5
044305,Maple Heights City,2886.5278,20337.84,10362.57,1106.49,812.28,12281.34,523.11,1382.81,2900.6,1067.9,1234.3,947.78,8056.5
044313,Mariemont City,1497.3128,19377.41,11207.41,1249.93,823.45,13280.79,710.15,1399.29,2228.65,800.6,702.95,254.99,6096.62
044321,Marietta City,2034.1184,15494.74,7748.08,875.36,1113.7,9737.14,520.19,712.32,2490.27,829.65,679.47,525.71,5757.6
044339,Marion City,3979.9947,18046.49,9620.02,1755.59,629.86,12005.47,534.71,1137.05,2167.79,621.8,659.8,919.86,6041.02
044347,Martins Ferry City,1261.5914,17301.95,10917.05,854.6,361.12,12132.77,722.69,1117.5,1445.52,639.82,653.44,590.22,5169.18
044354,Massillon City,4059.012,14009.69,8375.87,1244.94,351.96,9972.78,361.27,598.04,1442.04,565.93,513.45,556.17,4036.91
044362,Maumee City,2053.3539,18376.14,10906.68,1484.31,297.63,12688.61,886.26,1103.89,1886.31,624.38,701.03,485.68,5687.53
044370,Mayfield City,3959.7836,19153.61,10735.88,1238.72,1564,13538.6,629.69,1047.78,2007.72,466.34,1035.75,427.73,5615.01
044388,Medina City SD,5734.7368,16273.74,10414.76,1125.49,229.4,11769.64,372.24,845.54,1627.77,724.84,485.36,448.35,4504.1
044396,Miamisburg City,4747.6417,15374.82,8895.17,1417.68,860.87,11173.71,279.99,660.8,1293.7,878.94,547,540.68,4201.11
044404,Middletown City,5642.7309,16464.46,8891.8,1528.44,581.04,11001.28,451.27,668.27,1648.45,1329.79,648.42,716.98,5463.19
044412,Mt Healthy City,2630.4634,17948.63,9428.12,1990.03,798.02,12216.17,675.1,940.69,1552.08,1279.13,473.53,811.93,5732.46
044420,Mount Vernon City,3313.9131,15342.69,8562.99,1148.59,736.69,10448.28,1296.78,752.73,1285.32,463.68,522.15,573.75,4894.41
044438,Napoleon Area City,1656.6366,14956.19,9125.06,1080.35,760.24,10965.65,473.52,565.8,1219.1,478.16,605.29,648.67,3990.53
044446,Nelsonville-York City,965.989,19815.57,12313.22,1114.16,791.34,14218.71,792.93,927.9,1566.87,899.25,511.2,898.71,5596.86
044453,Newark City,5619.7374,17677.66,10285.17,1397.57,916.42,12599.17,403.72,728.95,1840,781.04,716.5,608.29,5078.49
044461,New Boston Local,370.9878,21539.35,11880.2,879.58,536.74,13296.52,941.76,1347.67,3292.51,651.42,943.56,1065.93,8242.84
044479,New Lexington School District,1725.8342,19290.25,11699.2,799.85,500.27,12999.31,166.26,1303.54,2205.66,956.88,616.48,1042.12,6290.94
044487,New Philadelphia City,2946.1709,12928.74,8337.68,648.39,199.17,9185.24,551.38,803.72,1158.36,411.37,419.71,398.97,3743.51
044495,Niles City,1871.0416,15708.01,8031.08,710,513.52,9254.6,544.64,1222.7,1895.07,908.72,1076.21,806.08,6453.41
044503,North Canton City,4265.7339,14254.39,8759.24,981.01,415.79,10156.05,349.19,995.97,1004.76,723.48,533.89,491.06,4098.35
044511,North College Hill City,1298.737,18045.69,10424.69,1723.13,592.48,12740.3,723.25,1160.1,1480.93,571.78,692.2,677.12,5305.39
044529,North Olmsted City,3429.5403,18526.6,11328.79,1566.79,746.56,13642.14,387.4,981.56,1273.53,860.87,891.35,489.76,4884.46
044537,North Ridgeville City,4433.7527,13033.4,7905.26,894.16,475.97,9275.4,423.65,494.01,829.93,822.85,788.52,399.05,3758
044545,North Royalton City,4050.65,15327.41,9303.84,1142.38,441.72,10887.94,385.81,931.93,1134.45,1098.79,514.39,374.11,4439.48
044552,Norton City,2063.724,14278.52,8667.8,1146.53,458.67,10273,351.87,682.04,1182,773.81,469.88,545.93,4005.53
044560,Norwalk City,2378.3126,14384.85,8941.71,912.67,319.11,10173.49,333.83,720.63,1345.86,690.76,430.4,689.88,4211.36
044578,Norwood City,1689.9783,19006.66,12145.89,1445.99,658.68,14250.56,407.01,1117,1972.96,471.01,788.12,0,4756.1
044586,Oakwood City,1965.4186,17930.34,11311.2,1288.1,391.45,12990.74,820.37,726.89,1708.3,272.87,1042.84,368.32,4939.59
044594,Oberlin City Schools,750.8464,23963.24,14128.41,1327.33,896.38,16352.13,936.02,1283.61,2166.69,660.78,1810.65,753.36,7611.11
044602,Oregon City,3320.6461,16525.16,9385.49,1104.7,925.66,11415.85,395.33,1381.93,1511.34,781.28,479.92,559.5,5109.31
044610,Orrville City,1411.8257,15439.2,8743.89,1168.72,475.36,10387.98,837.34,845.83,1484.15,623.16,503.48,757.27,5051.22
044628,Painesville City Local,2651.2795,17187.12,9940.36,1148.41,692.7,11781.47,683.38,922.99,1891.47,636.04,616.89,654.88,5405.65
044636,Parma City,8940.681,18679.69,11461.31,1990.12,366.42,13817.84,421.08,1021.03,1168.72,995.52,732.14,523.36,4861.85
044644,Piqua City,2861.3294,17840.66,10719.44,1211.71,572.72,12503.86,421.25,1570.86,1248.01,830.19,586.46,680.02,5336.8
044651,Port Clinton City,1364.4097,20810.07,11502.8,2026.7,617.82,14147.32,429.16,1303.6,2640.94,777.11,797.13,714.8,6662.74
044669,Portsmouth City,1563.6144,17833.12,10535.62,1057.76,500.31,12093.69,427,1203.08,2121.25,440.2,650.63,897.27,5739.43
044677,Princeton City,5699.0031,18305.63,10255.64,1454.13,651.05,12360.81,479.97,1013.14,1674.72,1413.62,801.59,561.78,5944.82
044685,Ravenna City,1860.4114,16402.69,9178.32,1316.87,427.7,10922.88,401.08,923.21,1843.92,714.29,982.89,614.43,5479.8
044693,Reading Community City,1382.3662,14786.52,8819.87,1071.84,483.37,10375.08,495.87,998.22,1488.7,340.9,613.75,474,4411.44
044701,Rocky River City,2596.1056,19911.13,11636.19,1238.01,305.81,13180.01,563.66,821.86,2742.71,818.96,1268.41,515.52,6731.12
044719,St Bernard-Elmwood Place City,735.671,19779.95,10211.83,1800.89,1090.58,13103.3,534.92,907.13,1994.18,733.34,1737.58,769.5,6676.65
044727,St Marys City,1932.7445,14764.35,8282.77,1090.74,441.22,9814.73,439.76,681.33,1849.44,535.65,338.36,1105.08,4949.62
044735,Salem City,1890.7668,13282.03,8106.52,1102.45,364.95,9573.91,208.63,846.31,1091.74,494,553.46,513.99,3708.12
044743,Sandusky City,3082.0432,18266.02,10769.54,1385.73,578.88,12734.15,621.18,1167.25,1702.37,619.21,766.69,655.16,5531.87
044750,Shaker Heights City,4341.4214,27738.49,15563.44,1992.99,1391.18,18947.61,469.77,1591.98,3303.41,1413.5,1555.79,456.43,8790.88
044768,Sheffield-Sheffield Lake City,1449.2074,17366.2,9552.17,1368.68,554.02,11474.87,474.48,1503.04,1579.73,811.83,1026.03,496.21,5891.32
044776,Shelby City,1727.2377,15907.05,9492.46,1152.7,620.65,11265.81,579.24,892.69,1359.53,591.17,497.05,721.57,4641.24
044784,Sidney City,2965.797,14908.72,8908.17,854.95,451.54,10214.66,448.24,844.03,1309.78,428.26,1010.48,653.27,4694.07
044792,South Euclid-Lyndhurst City,3109.9278,22861.1,11930.22,2330.17,471.52,14731.91,736.86,1350.65,2595.89,897.27,1789.01,759.51,8129.19
044800,South-Western City,21952.099,15600.43,9277.07,1085.43,816.11,11178.61,366.25,716.83,1071.39,1088.11,600.85,578.38,4421.82
044818,Springfield City School District,7163.3064,19279.03,9886.67,2047.13,1045.03,12978.83,1217.54,986.85,1366.64,480.36,1217.51,1031.29,6300.2
044826,Steubenville City,2825.243,12554.2,7198.93,526.65,244.55,7970.13,256.67,900.19,2011.17,170.02,393.2,852.82,4584.07
044834,Stow-Munroe Falls City School District,4748.4613,15390.33,9455.14,1173.71,337.3,10966.15,490.34,791,1289.68,779.76,726.49,346.91,4424.18
044842,Strongsville City,5513.0558,16877.8,9563.53,1192.91,594.81,11351.25,516.28,709.48,1917.5,959.16,984.66,439.47,5526.55
044859,Struthers City,1580.3798,14375.27,8853.52,772.78,361.52,9987.82,459.71,886.05,1687.34,333.59,373.18,647.58,4387.45
044867,Sycamore Community City,5913.3089,17753.28,10956.35,1462.45,606.02,13024.82,643.59,811.89,1301.5,915.32,563.98,492.19,4728.46
044875,Sylvania Schools,7733.9791,14580.47,8403.5,953.66,308.36,9665.51,381.91,945.09,1955.09,739.58,493.85,399.45,4914.96
044883,Tallmadge City,2421.1574,15320.71,9256.2,843.58,233.39,10333.17,598.37,617.35,1175.96,1442.74,661.09,492.03,4987.54
044891,Tiffin City Schools,2302.3471,15938.58,9813.8,935.99,496.85,11246.64,331.61,919.96,1738.8,659.79,563.11,478.67,4691.94
044909,Toledo City,21159.7532,20804.57,10665.26,1695.51,835.46,13196.23,412.98,1770.95,3074.35,327.05,1624.47,398.54,7608.34
044917,Toronto City,830.4774,15939.4,8062.63,851.06,40.25,8953.95,523.32,1074.49,3681.22,389.29,682.37,634.76,6985.45
044925,Troy City,3807.2581,15318.4,9622.6,819.2,544.94,10986.75,430.95,952.93,1066.48,792.44,428.32,660.52,4331.65
044933,Upper Arlington City,6630.9301,19066.04,12256.61,1579.3,982.59,14818.5,533.14,673.52,1373.95,338.82,885.71,442.4,4247.54
044941,Urbana City,1688.2881,16673.4,10753.58,1320.68,454.47,12528.72,424.46,668.73,1095.78,618.74,595.1,741.86,4144.68
044958,Vandalia-Butler City,2854.2841,14806.48,8382.34,1067.91,259.15,9709.4,668.15,658.18,1610.75,844.55,816.43,499.02,5097.07
044966,Van Wert City,1923.6585,14234.95,8409.25,1215.72,579.8,10204.77,431.06,855.9,1417.59,274.57,485.26,565.8,4030.18
044974,Wadsworth City,4070.2797,16296.74,9777.17,1511.35,421.13,11709.65,495.9,972.57,1615.69,555.11,571.99,375.82,4587.08
044982,Wapakoneta City,2706.5547,14649.39,8651.6,965.25,578.16,10195.01,374.94,893.83,1545.39,552.54,359.21,728.47,4454.38
044990,Warren City,4650.9295,19287.83,9138.3,1210.87,870.99,11220.16,1046.39,1102.5,2624.61,1033.81,971.61,1288.74,8067.67
045005,Warrensville Heights City,1858.7556,30066.48,13323.77,1148.83,245.69,14718.29,1841.45,1380.09,3058.47,755.6,7798.89,513.69,15348.19
045013,Washington Court House City,1754.6745,16451.14,9062.15,1277.26,675.17,11014.58,580.83,1156.69,1606.72,439.9,580.61,1071.81,5436.56
045021,Wellston City,1194.7896,18765.18,10373.22,1106.16,722.73,12202.11,687.61,1057.87,2424.46,905.3,684.37,803.47,6563.07
045039,Wellsville Local,642.4935,19805.29,10979.59,1184.37,555.26,12719.22,841.67,1566.86,2357.81,496.13,865.52,958.07,7086.06
045047,Westerville City,14254.5138,16815.95,9891.5,1582.07,698.59,12172.16,643.48,789.75,1190.39,932.04,570.97,517.15,4643.79
045054,West Carrollton City,3141.359,16994.64,10225.7,1533.41,703.44,12462.55,390.05,870.42,1252.85,847.7,562.6,608.46,4532.09
045062,Westlake City,3157.5144,19815.95,11791.54,1525.76,610.08,13927.38,565.05,908.67,1978.12,1210.63,765.64,460.47,5888.57
045070,Whitehall City,3443.7078,15493.87,9039.59,1057.57,550.45,10647.61,622.95,1146.78,1092.04,858.63,436.76,689.11,4846.26
045088,Wickliffe City,1201.0466,18268.7,9449.7,1432.32,352.52,11234.54,617.81,1194.88,1345.05,2127.63,1223.21,525.58,7034.17
045096,Willard City,1166.8115,17056.35,9595.56,616.09,776.57,10988.22,857.49,1467.04,1637.4,837.76,580.89,687.56,6068.14
045104,Willoughby-Eastlake City,6601.0741,16928.48,9019.28,1325.9,629.66,10974.84,548.51,907.63,1434.64,1712.58,915.58,434.7,5953.65
045112,Wilmington City,2058.947,15405.86,8559.99,1146.39,653.09,10359.47,371.07,787.24,1577.78,1044.7,540.17,725.43,5046.39
045120,Wooster City,3174.9537,19030.91,11317.1,1128.09,588.66,13033.85,612.69,898.17,2004.03,1095.29,777.95,608.94,5997.06
045138,Worthington City,10612.2692,18573.14,11316.7,1358.33,1240.39,13915.42,418.46,949.12,1492.84,704.82,696.6,395.89,4657.73
045146,Wyoming City,1863.0781,16666.07,10752.79,1121.04,865.35,12739.18,626.98,861.02,1166.19,326.93,944.24,1.53,3926.89
045153,Xenia Community City,3523.5599,18119.79,10337.43,1526.17,564.97,12428.56,765.64,887.58,1733.12,961.61,639.47,703.82,5691.23
045161,Youngstown City,4427.4139,24146.45,11534.76,1493.86,1452.33,14480.95,1308.73,1537.43,3299.41,1642.7,981.13,896.08,9665.5
045179,Zanesville City,2997.7213,19566.71,9747.82,895.81,527.69,11171.31,499.57,871.67,4684.07,672.71,584.01,1083.36,8395.4
045187,Ada Exempted Village,808.982,16572.84,9694.03,926.45,315.8,10936.28,416.45,939.08,2468.42,493.46,713.58,605.57,5636.55
045195,Amherst Exempted Village,3514.1344,13694.3,8397.06,957.24,539.76,9894.06,241.6,729.61,1334.04,648.15,431.28,415.57,3800.24
045203,Barnesville Exempted Village,1263.689,14671.19,8896.42,1044.08,588.19,10528.68,270.11,456.82,1713.46,607.87,494.39,599.87,4142.51
045211,Bluffton Exempted Village,1120.896,12778.33,7749.7,580.16,282.83,8612.69,353.81,689.89,1654.12,445.38,372.67,649.76,4165.64
045229,Bradford Exempted Village,495.136,17107.63,9504.74,683.38,736.14,10924.27,847.79,1599.29,1560.79,488.17,848.68,838.64,6183.36
045237,Bridgeport Exempted Village,748.5558,16948.06,9097.23,1229.56,808.69,11135.47,748.67,815.07,2393.17,464.63,713.62,677.44,5812.58
045245,Harrison Hills City,1316.4487,19349.22,10622.98,1091.42,756.56,12470.96,948.79,1080.54,1445.68,1432.16,1132.28,838.82,6878.26
045252,Caldwell Exempted Village,744.8402,19767.34,11389.57,1434.18,805.43,13629.18,889.23,1130.75,1655.82,1001.14,626.08,835.15,6138.17
045260,Carey Exempted Village Schools,836.2901,14765.98,9082.06,630.52,883.98,10596.56,461.79,709.05,1448.18,464.48,591.78,494.14,4169.42
045278,Carrollton Exempted Village,1700.0108,16126.53,8884.39,1380.35,366.97,10631.71,595.06,677.04,1560.25,1026.04,695.95,940.48,5494.82
045286,Chagrin Falls Exempted Village,1607.401,23129.42,13395.98,1669.57,730.59,15796.14,1187.77,1099.27,2393.39,1013.54,1106.08,533.23,7333.28
045294,Chesapeake Union Exempted Village,1095.7834,15572.4,8643.41,1171.83,688.1,10503.35,453.26,944.01,1270.96,976.57,645.52,778.74,5069.05
045302,Clyde-Green Springs Exempted Village,1893.1003,15138.07,8978.67,1223.4,557.5,10759.57,405.43,913.74,1365.03,587.76,461.43,645.11,4378.5
045310,Coldwater Exempted Village,1436.9699,12552.35,8851.75,485.48,229.47,9566.69,294.01,654.32,846.82,276.11,388.32,526.08,2985.66
045328,Columbiana Exempted Village,965.7572,14314.94,8496.53,781.16,346.4,9624.09,750.64,826.73,1396.13,680,549.93,487.43,4690.85
045336,Covington Exempted Village,731.358,16799.76,10210.16,1162.82,461.89,11834.87,514.25,911.6,1575.11,685.87,542.41,735.64,4964.89
045344,Crestline Exempted Village,537.5672,23325.59,9762.97,1222.22,994.96,11980.16,1301.33,1499.02,5163.65,1027.63,1440.86,912.93,11345.43
045351,Crooksville Exempted Village,1046.764,17697.49,10319.95,670.76,926.82,11917.53,976.04,731.98,1624.23,1044.22,455.6,947.9,5779.96
045369,Fairport Harbor Exempted Village,511.5739,16241.21,9891.93,1211.8,714.31,11818.04,1032.66,938.22,1576.61,190.24,671.09,14.35,4423.17
045377,Georgetown Exempted Village,922.4792,15407.12,9298.82,1077.11,171.26,10547.19,592.5,706.11,1413.56,800.27,637.56,709.93,4859.92
045385,Gibsonburg Exempted Village,709.0926,16205.04,8547.24,1260.85,129.04,9937.13,736.41,1467.06,2340.33,440.69,645.1,638.31,6267.91
045393,Granville Exempted Village,2454.0153,16425.37,9517.76,1080.14,580.4,11178.3,476.53,691.07,1695.46,881.16,1066.45,436.39,5247.07
045401,Greenfield Exempted Village,1894.4578,15870.08,8231.42,1431.41,423.98,10086.82,648.41,978.15,1895.11,1185.66,400.7,675.24,5783.27
045419,Hicksville Exempted Village School District,868.6363,16951.47,10148.36,1278,1020.13,12446.49,451.43,999.48,1442.72,410.19,529.55,671.61,4504.98
045427,Hubbard Exempted Village,1714.2659,12608.78,7408.92,565.84,309.26,8284.02,348.71,647.15,1349.53,727.32,696.32,555.73,4324.76
045435,Indian Hill Exempted Village,2121.0401,22261.82,12711.45,1766.21,1361.15,15838.81,749.71,1520.87,1710.79,1032.73,1007.92,400.99,6423.01
045443,Leetonia Exempted Village School District,478.2303,21353.56,11288.57,2340.29,159.64,13788.49,1018.39,955.31,2173.71,1169.9,1172.09,1075.67,7565.06
045450,Lisbon Exempted Village,679.091,18134.58,10233.94,1174,381.99,11789.94,741.11,963.15,2383.86,766.25,513.99,976.3,6344.65
045468,Loudonville-Perrysville Exempted Village,816.0341,19498.22,11349.4,1041.17,986.04,13376.61,956.76,1250.38,1567.32,955.49,793.21,598.44,6121.6
045476,Marysville Exempted Village,5339.791,13608.25,8066.58,961.45,632.26,9660.29,290.41,690.58,1346.69,646.93,521.55,451.79,3947.96
045484,Mechanicsburg Exempted Village,785.1073,15693.3,8247.91,665.79,910.83,9824.53,708.15,893.54,2441.19,734.38,512.85,578.65,5868.76
045492,Mentor Exempted Village,6759.9021,16531.26,10401.65,973.29,780.32,12155.26,316.09,1085.4,1923.15,311.27,562.19,177.9,4376
045500,Milford Exempted Village,5753.516,15103.25,9140.41,942.98,228.57,10311.97,219.54,857.8,1397.34,1137.79,704,474.82,4791.28
045518,Milton-Union Exempted Village,1261.5408,12742.16,6799.15,1303.25,642.59,8744.99,352.99,735.54,1026.26,581.97,776.44,523.97,3997.17
045526,Montpelier Exempted Village,766.4309,18970.59,10693.71,1434.64,892.29,13020.64,759.95,786.55,2294.81,755.6,731.5,621.54,5949.95
045534,Mount Gilead Exempted Village,967.247,17034.27,8320.15,1102.2,494.19,9916.53,686.78,1708.02,1989.72,1244.84,851.2,637.18,7117.73
045542,Newcomerstown Exempted Village,852.8988,18687.13,10039.89,772.62,448.93,11261.43,684.47,1471.43,2917.72,700.11,899.88,752.08,7425.69
045559,New Richmond Exempted Village,1840.8318,15029.12,9218.61,742.85,138.89,10100.35,405.96,791.93,1544.22,969.18,551.82,665.67,4928.76
045567,Newton Falls Exempted Village,798.9545,16948.29,8499.15,1014.76,353.84,9867.75,853.55,803.13,2675.83,978.94,979.71,789.37,7080.54
045575,Paulding Exempted Village,1295.3137,16461.79,9868.8,926.03,666.51,11461.34,407.16,819.81,1692.36,952.81,539.38,588.94,5000.45
045583,Perrysburg Exempted Village,5449.3428,14632.16,9164.65,1243.39,288.83,10696.87,477.44,709.54,1133.31,492.68,695.01,427.31,3935.28
045591,Rittman Exempted Village,758.9101,17865.22,10030.96,1573.53,457.98,12062.46,681.76,1030.22,2088.9,645.53,557.27,799.08,5802.76
045609,Rossford Exempted Village,1522.0837,19559.92,11198.86,1661.41,485.64,13345.91,889.64,1218.68,2036.84,619.36,1249.07,200.42,6214.01
045617,Tipp City Exempted Village,2285.4367,13950.91,8419.63,944.53,435.75,9799.91,435.96,703.73,1160.33,574.03,808.38,468.56,4151
045625,Upper Sandusky Exempted Village,1442.3138,16282.25,10069.25,574.57,826.37,11470.18,447.55,1031.36,1381.67,676.33,659.32,615.84,4812.07
045633,Versailles Exempted Village,1223.1865,15217.44,9742,622,388.19,10752.2,319.21,929.95,1558.75,521.1,422.39,713.86,4465.25
045641,Wauseon Exempted Village,1733.0042,14102.69,8448.97,676.64,293.71,9419.32,432.82,625.71,1504.92,612.74,1007.19,499.99,4683.38
045658,Wellington Exempted Village,849.6395,18027.42,9378,996.52,1559.69,11934.21,1166.71,877.57,1590.07,729.52,909.96,819.38,6093.21
045666,Windham Exempted Village,454.942,20616.86,11806.4,1259.07,814.77,13880.24,844.27,1199,2183.96,920.71,626.32,962.36,6736.62
045674,Yellow Springs Exempted Village,578.9703,21081.28,10344.04,1899.56,876.23,13119.83,1705.41,1303.57,1773.51,385.71,2131.75,661.51,7961.45
045757,Allen East Local,1035.1914,12786.41,6795.21,706.83,1045.51,8547.55,563.01,598.1,1549.71,478.06,439.62,610.36,4238.86
045765,Bath Local,1550.8447,15826.64,8349.71,904.47,211.8,9465.98,397.82,873.71,3305.38,576.7,525.36,681.68,6360.65
045773,Elida Local,1943.6599,13338.54,7884.96,852.1,499.26,9236.32,280,729.33,1452.06,510.25,471.18,659.41,4102.22
045781,Perry Local,656.3243,15462.58,8735.54,1269.74,389.45,10394.74,469.06,688.35,1767.83,657.6,590.4,894.6,5067.84
045799,Shawnee Local,2136.7111,14638.39,8598.02,826.3,508.28,9932.6,484.89,615.21,1673.5,921.35,377.51,633.34,4705.79
045807,Spencerville Local,924.0914,15003.95,8230.44,913.07,346.77,9490.28,366.39,915.47,2213.76,810.44,569.38,638.24,5513.67
045823,Hillsdale Local,893.3998,15131.07,7867.12,1348.8,528.51,9744.42,777.21,773.56,1417.44,1000.41,848.06,569.97,5386.65
045831,Mapleton Local,735.3349,15391.66,8651.84,755.95,612.35,10020.14,562.12,1032.04,1609.62,843.92,612.48,711.34,5371.52
045856,Buckeye Local,1615.8776,13967.87,7547.4,1219.97,435.58,9202.95,517.22,691.72,1395.39,879.59,616.57,664.43,4764.92
045864,Grand Valley Local,777.3756,18804.35,9095.72,1403.38,646.49,11145.59,1447.27,909.76,2292.66,1480.55,740.17,788.35,7658.76
045872,Jefferson Area Local,1632.7425,12716.59,6303.75,729.6,1314.84,8348.2,444.84,683.34,1304.72,799.33,601.17,534.99,4368.39
045880,Pymatuning Valley Local School District,1083.0742,16451.42,8790.62,1101.99,661.32,10553.93,479.32,814.27,1711.87,1343.63,806.88,741.52,5897.49
045906,Alexander Local,1351.5411,15381.31,8524.96,1197.56,389.1,10111.62,472.03,990.55,1560.88,990.35,686.9,568.98,5269.7
045914,Federal Hocking Local,793.3039,20884.25,12518.94,875.85,17.38,13412.17,679.53,1280.25,1745.2,1853.47,852.56,1061.05,7472.07
045922,Trimble Local,671.9441,24684.46,14896.49,1227,861.65,16985.13,1714.42,1080.56,2022.7,1190.39,429.16,1262.1,7699.33
045948,Minster Local,869.2676,13386.77,8498.53,565.04,632.79,9696.37,322.18,587.98,1395.13,238.12,525.31,621.68,3690.4
045955,New Bremen Local,803.8879,14982.54,8681.5,573.21,924.88,10179.59,346.21,1012.36,1960.03,332.49,512.25,639.59,4802.95
045963,New Knoxville Local,394.8608,15958.85,10549.74,186.93,716.27,11452.94,598.29,858.24,1654.69,246.04,529.07,619.56,4505.9
045971,Waynesfield-Goshen Local,461.1159,19255.64,11271.43,689.66,923.68,12884.78,1013.79,1052.05,2244.44,642.3,759.33,658.95,6370.86
045997,St Clairsville-Richland City,1553.247,14399.58,9238.66,884.97,176.36,10299.99,489.15,664.31,1213.5,390.06,842.34,500.22,4099.59
046003,Shadyside Local,675.254,17147.91,9370.43,496.07,190.96,10057.46,731.33,1030.76,3954.62,474.77,635.65,263.32,7090.45
046011,Union Local,1231.3664,15913.92,9553.06,1080.65,483.72,11117.42,559.65,820.55,1566.02,889.96,554.04,406.26,4796.49
046037,Eastern Local School District,1056.6558,16047.05,9663.02,919.2,87.26,10669.47,463.14,801.92,1555.06,990.01,781.73,785.72,5377.58
046045,Fayetteville-Perry Local,688.8853,16205.99,8371.19,1038,636.59,10045.78,639.33,1014.49,2219.53,864.11,797.34,625.41,6160.21
046060,Western Brown Local,2551.3714,14261.65,8218.3,413.39,285.1,8916.79,515.26,683.25,1711.56,920.88,786.91,727,5344.86
046078,Ripley-Union-Lewis-Huntington Local,679.3629,18972.96,8982.63,848.39,304.85,10135.87,1551.57,931.16,2590.44,1140.5,1872.35,751.07,8837.09
046094,Edgewood City School District,3101.2604,14541.25,8182.05,1473.63,427.93,10083.61,278.43,823.36,1356.17,703.57,719.24,576.87,4457.63
046102,Fairfield City,8668.7704,13834.51,8790.58,700.4,202.22,9693.19,347.15,1119.65,939.8,841.43,273.2,620.09,4141.31
046110,Lakota Local,16826.7672,14152.4,8114.83,1219.05,402.2,9736.08,344.96,627.79,1034.62,1419.64,513.4,475.9,4416.32
046128,Madison Local,1443.3592,14429.62,7906.31,1044.89,389.15,9340.35,434.13,754.23,1434.4,1274.76,612.77,578.97,5089.26
046136,New Miami Local,580.5703,20721.71,11019.04,1614.69,943.52,13577.25,1550.48,900.55,1981.85,1366.65,577.1,767.83,7144.46
046144,Ross Local,2293.703,14736.36,8685.09,996.83,191.58,9873.49,481.64,745.99,1613.54,912.67,536.2,572.84,4862.87
046151,Talawanda City,2750.7547,15158.72,8805.6,1096.65,476.01,10378.26,307.41,791.18,1436.01,1015.7,733.58,496.59,4780.47
046177,Brown Local,556.1023,20065.86,10609.51,1301.87,1469.88,13381.26,1345.2,1170.24,1628.24,1281.38,402.06,857.48,6684.6
046193,Graham Local,1448.8082,14976.13,8703.86,827.94,317.67,9849.47,477.27,809.05,1718.52,1012.09,531.76,577.98,5126.66
046201,Triad Local,763.9063,16614.69,7744.44,1165.08,475.07,9384.6,727.36,1014.42,2538.95,858.72,1318.59,772.06,7230.09
046219,West Liberty-Salem Local,1114.1803,15351.61,8946.01,692.71,1438.45,11077.17,382.21,675.32,1506.63,703.92,554.63,451.73,4274.44
046235,Greenon Local,1521.5294,13487.87,7917.44,1134.62,318.61,9370.68,549.68,526.19,1125.05,888.7,550.24,477.32,4117.19
046243,Tecumseh Local,2547.6011,14584.18,8066.31,1047.26,417.22,9530.79,406.13,738.5,1796.52,850.55,523.89,737.79,5053.39
046250,Northeastern Local,2937.5415,13470.7,8209.6,1134.86,508.44,9852.89,344.74,718.28,941.23,893.03,364.98,355.55,3617.8
046268,Northwestern Local,1531.7056,14729.59,8019.68,1479.16,638.21,10137.05,578.33,608.34,1533.52,924.42,466.39,481.55,4592.55
046276,Southeastern Local,676.7377,18102.7,11170.72,1276.46,353.15,12800.33,678.42,963.14,1494.19,814.62,918.25,433.75,5302.37
046284,Clark-Shawnee Local,1628.2135,15733.89,8733.38,1185.18,687.57,10606.13,790.1,808.49,1543.39,1007.05,447.45,531.26,5127.75
046300,Batavia Local,2419.8516,11489.91,7461.81,239.93,16.74,7718.49,346.6,838.57,885.47,741.58,451.35,507.85,3771.42
046318,Bethel-Tate Local,1271.2961,14166.44,8653.89,533.42,320.25,9507.56,519.63,854.98,1418.73,741.68,525.42,598.44,4658.88
046326,Clermont Northeastern Local,1227.0299,16622.67,8516.17,1096.42,467.61,10080.2,669.82,905.4,1103.69,1892.75,877.33,1093.48,6542.47
046334,Felicity-Franklin Local,626.2592,17081.58,9045.73,1550.86,692.29,11288.88,429.08,857.25,2056.34,988.97,611.11,849.96,5792.71
046342,Goshen Local,2601.064,15450.11,9040.67,677.33,508.1,10226.1,515.47,869.91,1404.08,1310.43,434.52,689.61,5224.01
046359,West Clermont Local,7560.4879,14587.52,8026.68,1277.81,713.84,10018.34,556.65,889.54,979.62,1162.72,523.11,457.55,4569.18
046367,Williamsburg Local,888.5513,14092.38,8416.21,596.64,354.55,9367.4,537.36,760.28,1583.58,774.74,791.08,277.95,4724.98
046383,Blanchester Local,1095.8312,16706.44,9705.82,999.43,287.57,10992.82,662.5,900.7,1564.97,1080.98,876.33,628.13,5713.62
046391,Clinton-Massie Local,1524.5657,13750.47,7879.26,1055.8,282.84,9217.9,371.1,727.33,1349.11,1068.91,474.13,541.98,4532.56
046409,East Clinton Local,1107.0559,16342.57,8745.56,1174.46,853,10773.01,486.19,878.18,1914.61,876.86,616.35,797.36,5569.56
046425,Beaver Local,1671.2853,13281.27,7748.67,600.88,430.67,8780.22,490.91,499.8,1785.83,928.06,361.77,434.66,4501.04
046433,Crestview Local,1102.1008,15299.63,8270.14,1099.61,670.79,10040.54,535.8,920.68,1670.06,815.24,605.24,712.06,5259.09
046441,Southern Local,770.7352,19813.67,9730.43,899.3,-0.32,10629.4,1365.82,1918.13,2648.51,1280.61,993.71,977.5,9184.27
046458,United Local,953.0213,16246.07,9450.1,738.16,843.88,11032.15,541.03,604.29,1319.81,773.21,1289.76,685.83,5213.92
046474,Ridgewood Local,1199.6122,14219.67,8020.52,816.68,308.78,9145.99,361.51,735.35,2010.84,770.21,511.42,684.36,5073.68
046482,River View Local,1515.0688,16139.8,8481.14,655.8,465.02,9601.96,674.03,822.85,2053.07,1259.06,1103.41,625.42,6537.84
046508,Buckeye Central Local,626.0597,22660.1,13464.97,1022.64,183.86,14671.47,987.68,1675.73,2437.93,851.68,1267.68,767.93,7988.63
046516,Colonel Crawford Local,903.0265,14846.48,8310.14,1037.9,566.28,9914.32,463.92,839.67,1468.45,970.52,653.96,535.64,4932.17
046524,Wynford Local,995.7062,14913.56,8935.86,669.58,272.74,9878.19,372.84,1051.84,1297.16,992.43,779.45,541.66,5035.38
046557,Cuyahoga Heights Local,742.536,24091.98,13317.18,1931.35,887.44,16135.98,1120.78,1204.43,2546.96,943.7,1597.39,542.73,7956
046565,Independence Local,1015.9049,21392.96,12853.8,1142.52,469.99,14466.31,1153.18,1066.04,2391.59,839.01,996.61,480.21,6926.65
046573,Olmsted Falls City,3295.2715,16576.59,10322.75,500.96,554.24,11377.94,679.12,1123.47,1537.59,747.76,690.75,419.95,5198.65
046581,Orange City,1986.7771,30465.45,17394.69,2231.08,1022.66,20648.43,1050.56,1021.75,3102.93,2025.35,2083.07,533.34,9817.01
046599,Richmond Heights Local,750.7079,20767.07,11071.05,1051.27,105.76,12228.07,1459.4,832,2475.02,1503.14,1546.96,722.48,8539
046607,Solon City,4533.9325,18982.22,11541.05,1285.7,523.7,13350.44,133.46,951.03,1877.39,980.24,1193.65,495.99,5631.77
046623,Ansonia Local,804.0861,14915.96,9171.39,573.81,829.42,10574.62,491.51,821.55,1252.82,684.03,499.5,591.92,4341.34
046631,Arcanum-Butler Local,1087.6072,13257.69,7456.24,1245.56,651.84,9353.64,383.96,615.76,1304.95,686.32,349.61,563.45,3904.05
046649,Franklin Monroe Local,493.3299,16734.74,8873.96,813.63,598.28,10285.87,723.41,1080.32,2685.76,891.79,642.08,425.5,6448.87
046672,Mississinawa Valley Local,583.082,22679.3,11853.97,1182.89,772.42,13809.28,675.53,983.97,5095.58,952.41,377.85,784.69,8870.02
046680,Tri-Village Local,811.2807,13683.52,7822.84,1147.49,484.94,9455.27,335.96,708.39,1478,699.84,540.87,465.19,4228.26
046706,Ayersville Local,624.2184,15029.35,8307.52,1409.3,532.16,10248.98,623.25,567.12,1563.69,596.86,764.21,665.24,4780.36
046714,Central Local,860.3907,15917.91,9365.18,879.69,238.56,10483.43,435,1093.78,1301.58,982.57,1012.54,609,5434.47
046722,Northeastern Local,909.1244,17637.19,10235.37,1223.43,813.8,12272.6,429.2,852.65,1854.62,902.99,603.37,721.77,5364.59
046748,Big Walnut Local,4102.1354,14239.26,8312.13,865.85,298.74,9476.72,479.79,874.35,1447.5,900.55,575.68,484.66,4762.53
046755,Buckeye Valley Local,2242.4479,17861.17,9679.02,1291.05,615.46,11585.53,984.41,1036.72,1484.63,1437.73,729.54,602.6,6275.64
046763,Olentangy Local,23231.6874,16780.42,11532.74,809.46,294.57,12636.78,235.69,790.78,1379.67,640.2,579.48,517.83,4143.65
046789,Edison Local (formerly Berlin-Milan),1348.4843,14618.36,8797.52,1193.94,279.3,10270.75,476.64,834.22,1180.28,675.18,531.73,649.56,4347.61
046805,Margaretta Local,1028.4604,16979.32,9133.62,1044.28,461.19,10639.1,1025.99,1220.72,1512.39,1216.85,754.68,609.58,6340.22
046813,Perkins Local,1816.625,16716.15,10306.08,1091.44,437.25,11834.77,673.09,856.68,1363.19,638.49,850.81,499.13,4881.38
046821,Vermilion Local,1582.6078,17167.94,9236.22,1493.42,1010.59,11740.24,634.16,946.01,1662.53,990.63,536.51,657.86,5427.69
046847,Amanda-Clearcreek Local,1476.571,17062.13,9785.87,938.11,590.93,11314.91,433.66,625.41,2472.29,848.44,614.23,753.2,5747.22
046854,Berne Union Local,801.8084,18131.55,9891.77,1035.95,416.23,11343.95,801.61,1094.06,1909.26,1481.31,1012.54,488.83,6787.61
046862,Bloom-Carroll Local,2266.0776,12720.28,6744.47,578.89,587.24,7910.61,923.9,726.64,1273.37,959.63,479.79,446.34,4809.67
046870,Fairfield Union Local,1861.8754,15291.55,9212.28,906.02,110.14,10228.44,545.82,686.45,1462.62,741.77,943.56,682.9,5063.11
046888,Liberty Union-Thurston Local,1139.0124,17943.98,10053.91,802.88,582.27,11439.06,685.38,1000.69,2425.12,845.99,1012.25,535.48,6504.92
046896,Pickerington Local,11406.8021,14470.28,8474.79,1120.06,589.1,10183.95,397.31,805.3,1064.96,947.08,457.89,613.79,4286.33
046904,Walnut Township Local,472.8465,23180.61,11905.58,1484.8,348.15,13738.53,1071.77,838.85,4131.21,800.68,1615.79,983.77,9442.08
046920,Miami Trace Local,2283.5209,15886.63,7921.86,1478.67,993.14,10393.67,512.37,1048.93,1401.66,1216.67,666.13,647.2,5492.96
046946,Canal Winchester Local,3723.639,16154.15,9430.37,931.5,232.59,10594.45,695.24,677.56,1266.52,1184.67,1065.93,669.78,5559.7
046953,Hamilton Local,3231.2543,12971.08,7546.76,1041.76,385.55,8974.07,503.79,597.73,1088.45,636.61,632.77,537.66,3997.01
046961,Gahanna-Jefferson City,8197.2613,15742.21,9848.29,1109.75,638.4,11596.44,466.29,791.81,934.71,675.75,774.97,502.25,4145.77
046979,Groveport Madison Local,6327.933,16236.16,8859.73,1284.13,416.18,10560.04,564.17,992.57,1184.42,1707.64,585.97,641.35,5676.12
046995,New Albany-Plain Local,4919.1317,16923.52,9942.9,1724.63,530.13,12197.66,456.88,1170.67,1291.58,594.96,552.6,659.17,4725.86
047001,Reynoldsburg City,7089.3289,15956.43,9285.33,1105.88,298.97,10690.19,745.14,468.45,1626.62,810.5,899.2,716.33,5266.24
047019,Hilliard City,16001.8816,15694.97,9840.56,1395.5,665.46,11901.52,221.96,631.44,1179.37,827.3,467.22,466.16,3793.46
047027,Dublin City,16259.2302,18702.03,11568.37,1417.2,891.53,13877.1,505.55,891.9,1501.06,874.66,621.54,430.22,4824.93
047043,Archbold-Area Local,1101.6404,14803.37,9343.89,969.85,446.98,10760.72,347.77,653.86,1331.19,528.19,670.92,510.72,4042.65
047050,Evergreen Local,1117.0788,16928.83,9755.3,924.32,329.56,11009.18,419.05,596.21,1674.32,1000.5,1554.18,675.39,5919.65
047068,Fayette Local,329.594,22252.12,13651.14,1806.75,596.18,16054.07,581.42,1206.04,1816.36,793.41,1119.56,681.27,6198.05
047076,Pettisville Local,465.6331,16855.7,9160.18,726.64,173.01,10059.83,723.1,1553.74,1929.63,660.71,1140.84,787.86,6795.88
047084,Pike-Delta-York Local,1058.8944,16366.16,9933.38,932.89,193.63,11059.9,660.19,823.55,1390.2,844,1014.39,573.92,5306.25
047092,Swanton Local,1065.9501,16858.43,9074.8,1033.25,1029.93,11137.99,503.87,1048.22,1841.41,757.69,937.46,631.79,5720.44
047167,Berkshire Local,1294.3626,17212.69,8323.67,2079.57,533.8,10937.04,928.14,1129.58,1295.76,2025.74,550.33,346.11,6275.65
047175,Cardinal Local,680.4131,19389.22,8958.54,1722.91,452.22,11133.68,769.17,1240.89,1852.18,2161.74,1515.7,715.86,8255.54
047183,Chardon Local,2372.7361,17764.08,9352.39,1214.73,510.97,11078.09,710.79,800.02,2086.05,1576.06,935.17,577.9,6685.99
047191,Kenston Local,2463.1909,16881.89,9774.38,1212.39,464.78,11451.54,433.16,779.92,1603.44,1059.07,1083.92,470.83,5430.35
047225,West Geauga Local,1914.6145,17750.6,9677.48,1010.27,681.05,11368.8,901.66,794.92,1919.72,1472.66,882.41,410.42,6381.8
047241,Beavercreek City,7822.2514,14494.48,9004.23,1015.65,312.48,10332.36,488.6,719.09,989.17,903.37,532.35,529.53,4162.12
047258,Cedar Cliff Local,547.5061,15750.77,8983.49,552.91,680.58,10216.98,677.26,995.79,1663.36,540.94,1230.78,425.66,5533.79
047266,Greeneview Local,1235.4359,14412.18,7908.5,1388.31,387.75,9684.55,672.44,849.46,1409.18,811.2,583.38,401.97,4727.63
047274,Bellbrook-Sugarcreek Local,2572.4397,14084.73,8098.11,824.33,1016.05,9938.49,412.51,723.58,1268.1,871.03,454.37,416.65,4146.23
047308,Rolling Hills Local,1441.3373,15330.91,9247.59,355.51,642.09,10245.19,493.67,757.7,1513.13,816.57,621.49,883.16,5085.71
047332,Finneytown Local,1135.4662,18378.02,10140.57,1426.05,1062.31,12628.92,669.89,1015.56,1796.35,1150.23,1119.78,-2.72,5749.09
047340,Forest Hills Local,6705.5658,15056.35,9373.78,1081.5,705.36,11160.64,305.25,936.18,1151,677.39,552.6,273.28,3895.71
047365,Northwest Local,7585.2893,14795.36,8692.66,1401.26,494.07,10588,279.43,780.72,1152.3,805.33,602.87,586.71,4207.37
047373,Oak Hills Local,7116.2983,14461.96,9014.75,1094.69,449.08,10558.52,289.92,1184.68,1032.22,586.52,321.94,488.15,3903.44
047381,Southwest Local,4038.2079,14544.57,9264.85,1181.63,170.98,10617.46,331.59,800.62,1097.95,641.47,638.02,417.47,3927.11
047399,Three Rivers Local,1877.611,14749.52,8520.6,1111.37,512.14,10144.1,441.41,808.71,1306.44,813.06,778.29,457.5,4605.41
047415,Arcadia Local,540.2233,16546.18,8837.5,1103.08,722.87,10663.45,592.5,1025.86,1948.43,869.36,664.69,781.9,5882.73
047423,Arlington Local,594.5423,14165.81,8537.13,575.78,378.17,9491.09,681.09,972.98,1256.9,588.69,691.68,483.38,4674.73
047431,Cory-Rawson Local,489.5183,21882.35,10583.37,1214.39,670.24,12467.99,711.83,2613.2,3681.01,885.43,744.63,778.27,9414.36
047449,Liberty-Benton Local,1513.5915,11725.29,6644.72,604.66,581.14,7830.52,247.87,897.63,1038.39,680.23,507.55,523.1,3894.77
047456,McComb Local,582.9333,19542.41,11952.95,743.58,451.02,13147.55,354.4,826.37,3119.66,832.28,531.96,730.19,6394.86
047464,Van Buren Local,1005.0033,14633.85,8372.95,670,414.75,9457.71,599.1,816.02,1850.46,745.06,727.55,437.94,5176.14
047472,Vanlue Local,121.2992,29667.61,15919.56,1061.32,1258.06,18238.94,1881.95,2351.32,3119.83,1593.03,1636.45,846.09,11428.67
047498,Hardin Northern Local,375.0439,23226.04,11259.1,1258.03,924.32,13441.45,820.71,1143.95,5357.1,764.29,908.03,790.52,9784.6
047506,Ridgemont Local,452.6747,18567.87,9016.37,1536.02,580.02,11132.41,879.46,1044.83,2490.51,1091.86,1060.54,868.26,7435.46
047514,Riverdale Local,881.5685,13683.38,7623.9,838.82,585.84,9048.55,338.84,647.52,1517.83,874.22,524.87,731.56,4634.83
047522,Upper Scioto Valley Local,397.8205,18480.83,9312.85,1094.91,782.91,11190.67,694.25,823.58,3030.26,889,885.67,967.4,7290.16
047548,Conotton Valley Union Local,507.671,19933.02,10147.1,989.02,663.11,11799.22,808.82,1369.95,2528.46,1040.9,1643.69,741.97,8133.8
047571,Holgate Local,380.186,19027.09,10900.13,1310.4,251.9,12462.42,693.95,1297.53,1819.56,445.57,1583.1,724.95,6564.66
047589,Liberty Center Local,1005.2896,16441.37,10331.76,945.07,659.98,11936.81,413.3,944.31,1332.78,563.72,702.05,548.4,4504.56
047597,Patrick Henry Local,833.3505,18251.65,10682.59,1243.19,224.45,12150.23,351.98,1069.33,1614.66,792.06,1665.36,608.03,6101.42
047613,Bright Local,691.2236,16793.05,9030.77,944.79,668.52,10644.08,626.49,570.95,1746.04,1541.15,807.32,857.02,6148.97
047621,Fairfield Local,827.2656,15425.35,7968.23,1054.01,973.41,9995.66,796.18,850.16,1562.69,921.7,646.47,652.5,5429.69
047639,Lynchburg-Clay Local,975.5558,17140.84,9594.09,1468.45,475.06,11537.6,362.02,966.6,1865.86,1103.31,589.08,716.38,5603.25
047688,East Holmes Local,1454.3284,16093.42,8812.77,904.12,703.16,10420.05,506.16,1014.01,1952.16,835.03,694.88,671.12,5673.36
047696,West Holmes Local,1634.621,17217.37,10815.3,946.65,619.85,12381.8,395.64,982.51,1854.09,433.97,505.13,664.24,4835.57
047712,Monroeville Local,525.0543,18174.7,8650.41,834.84,2009.15,11494.4,716.51,1211.91,2164.33,1004.01,834.56,748.99,6680.3
047720,New London Local,874.5538,22730.79,9732.78,1153.18,899.08,11785.04,505.69,933.42,7247.24,987.74,710.35,561.29,10945.74
047738,South Central Local,719.1694,16578.33,10063.54,936.72,512.64,11512.9,558.92,895.87,1499.54,912.55,488.69,709.85,5065.43
047746,Western Reserve Local,910.6886,16443.42,8879.14,468.78,1248.17,10596.09,986.38,996.38,2008.34,386.04,803.94,666.26,5847.33
047761,Oak Hill Union Local,1055.3955,16958.72,9596.18,793.55,661.8,11051.53,551.07,836.56,1688.06,1337.67,661.31,832.52,5907.19
047787,Buckeye Local,1348.0648,20241.4,10510.41,711.1,195.88,11417.39,736.53,975.33,4281.14,1218.27,787.03,825.71,8824.01
047795,Edison Local,1351.3313,16396.66,9237.08,1327.52,99.72,10664.32,866.23,697.25,1588.16,1173.17,781.84,625.69,5732.34
047803,Indian Creek Local,1888.3597,14099.54,7712.68,827.91,583.44,9124.03,572.4,787.26,1601.62,645.64,652.29,716.3,4975.51
047829,Centerburg Local,980.5596,14908.7,7901.52,643.47,1144.65,9689.63,601.92,1088.42,1637.52,833.52,549.92,507.76,5219.07
047837,Danville Local,567.1076,16582.75,8757.64,1270.22,873.84,10901.7,656.25,1155.21,1621.65,812.8,692.82,742.31,5681.05
047845,East Knox Local,873.0501,17135.01,9117.19,1280.24,523.85,10921.28,626.55,841.22,1949.18,1151.35,1005.03,640.41,6213.73
047852,Fredericktown Local,1090.9363,13273.29,7910.21,830.23,579.54,9319.98,631.08,584.52,1099.46,625.17,523.91,489.18,3953.31
047878,Kirtland Local,1029.424,16953.08,10496.79,955.37,432.68,11884.84,642.74,845.88,1644.27,1041.52,893.83,0,5068.25
047886,Madison Local,2545.5222,13366.08,8220.1,759.36,88.54,9068,415.35,748.87,1040.81,1037.84,526.2,529.01,4298.08
047894,Riverside Local,4001.8358,15635.22,8434.54,1038.14,320.88,9793.56,421.07,947.28,2040.18,1086.88,745.6,600.65,5841.66
047902,Perry Local,1475.5207,18539.42,9903.74,1263.76,863.16,12030.66,535.44,1069.3,3054.62,863.16,584.65,401.59,6508.76
047928,Dawson-Bryant Local,1076.641,17033.51,9857.42,794.04,212.95,10864.41,529.92,718.28,2132.96,909.31,1060.63,818.01,6169.1
047936,Fairland Local,1269.0202,12702.89,7121.11,699.53,472.65,8293.29,285.87,954.86,1650.16,517.21,401.79,599.71,4409.6
047944,Rock Hill Local,1284.8434,28285.68,12641.91,766.86,442.07,13850.84,1511.53,889.63,9741.67,878.44,616.33,797.25,14434.84
047951,South Point Local,1329.9242,15942.41,8895.99,941.27,877.98,10715.24,529.93,768.91,1741.19,859.24,631.57,696.33,5227.18
047969,Symmes Valley Local,713.2353,18599.74,10329.72,671.2,55.74,11056.65,873.87,673.72,2322.91,1549.91,1217.41,905.26,7543.09
047985,Johnstown-Monroe Local,1585.1599,15613.49,8653.41,770.39,690.97,10114.77,499.54,835.42,1582.6,1251.17,751.72,578.27,5498.72
047993,Lakewood Local,1598.3013,17946.82,9516.77,1571.57,872.55,11960.88,532.18,1003.5,1756.34,1224.63,698.01,771.28,5985.94
048009,Licking Heights Local,5166.9671,13585.18,7441.41,752.19,482.03,8675.63,484.13,697.85,1433.8,835.39,763.63,694.76,4909.56
048017,Licking Valley Local,1996.269,12578.15,7068.56,501.07,213.52,7783.15,458.54,937.84,1434.41,777.97,593.69,592.54,4795.01
048025,North Fork Local,1435.8469,15910.52,9580.96,732.44,149.7,10463.1,567.29,1015.83,1329.94,951.61,758.03,824.72,5447.42
048033,Northridge Local,1128.3751,16678.16,7245.84,879.91,1034.12,9159.86,944.21,1057.04,1975.65,2158.98,946.99,435.42,7518.29
048041,Southwest Licking Local,4891.7069,12803.76,7412.03,914.58,432.9,8759.51,405.04,683.01,1114.6,933.2,472.45,435.95,4044.25
048074,Benjamin Logan Local,1538.8102,13997.87,8174.08,628.42,349.73,9152.23,362.9,857.39,1302.83,939.68,725.42,657.42,4845.64
048082,Indian Lake Local,1304.659,16203.07,9695.03,1337.35,725.7,11758.07,345.09,813.77,773.41,1035.96,695.55,781.22,4445
048090,Riverside Local,530.3623,19316.36,10356.45,997.64,1070.51,12424.6,762.79,1288.85,2273.21,1004.13,774.16,788.62,6891.76
048116,Avon Local,4218.9603,13431.51,7751.75,990.96,380.47,9123.18,414.28,671.55,1472.23,824.96,531.46,393.85,4308.33
048124,Avon Lake City,3417.1688,16493.16,9304.68,1018.66,750.66,11074,467.02,866.18,2320.97,719.76,603.3,441.93,5419.16
048132,Clearview Local,1217.3322,17686.42,10796.52,864.54,106.73,11767.8,737.72,1059.35,2070.26,403.75,918.94,728.6,5918.62
048140,Columbia Local,1025.673,15187.33,8161.24,1315.78,252.18,9729.2,495.04,1346.17,1123.43,1036.54,1029.35,427.61,5458.13
048157,Firelands Local,1636.4262,14387.11,8735.34,931.54,123.84,9790.72,451.7,854.79,1087.82,788.5,838.97,574.6,4596.39
048165,Keystone Local,1376.5376,15046.07,8347.45,897.64,593.23,9838.32,545.75,816.27,1336.49,676.83,1388.2,444.22,5207.75
048173,Midview Local,2534.5168,15598.69,8789.15,1209.36,884.33,10882.84,691.49,763.26,1450.04,900.58,479.21,431.26,4715.85
048207,Anthony Wayne Local,3802.0457,14285.42,8561.67,1144.75,266.27,9972.69,409.73,714.13,1524.24,745.34,544.6,374.68,4312.73
048215,Ottawa Hills Local,1022.0109,16913.22,10862.78,1581.13,545,12988.92,701.36,688.46,1452.13,110.44,971.92,0,3924.3
048223,Springfield Local,3136.8285,16165.56,9842.19,1274.12,476.53,11592.84,438.72,996.64,1361.78,814.27,460.44,500.87,4572.72
048231,Washington Local,6564.8554,16444.38,10286.85,1150.33,351.64,11788.82,226.37,1024.44,1517.19,628.04,705.66,553.87,4655.56
048256,Jefferson Local,931.6016,19514.11,11757.99,641.88,336.43,12736.3,788.15,1047.52,1952.42,883.33,1569.92,536.48,6777.81
048264,Jonathan Alder Local,2242.0266,14803.94,7672.11,1310.77,842.38,9825.27,401.42,840.5,2004.78,802.51,421.93,507.54,4978.67
048272,Madison-Plains Local,1067.1319,17646.4,9844.9,1115.15,372.55,11332.6,859.7,846.15,1242.42,1459.73,1177.24,728.55,6313.8
048298,Austintown Local Schools,4092.3298,12813.62,7998.09,902.46,252.81,9153.36,320.88,671.7,1200.27,505.62,373.98,587.81,3660.26
048306,Boardman Local,3502.1567,15671.13,9516.08,977.36,372.76,10866.2,392.5,881.52,1709.36,818.92,566.36,436.28,4804.93
048314,Canfield Local,2399.2916,13481.28,8645.49,671.53,274.33,9591.36,247.08,846.02,1064.81,899.6,372.02,460.39,3889.92
048322,Jackson-Milton Local,752.9869,15610.67,8830.45,598.74,365.74,9794.92,573.65,749.9,2245.28,852.23,743.63,651.06,5815.75
048330,Lowellville Local,450.3796,15288.07,9361.86,899.72,162.62,10424.21,601.72,821.69,1580.14,551.39,668.4,640.54,4863.87
048348,Poland Local,1709.9497,13171.68,7622.67,1080.04,136,8838.71,530.8,762.76,1557.92,700.11,483.55,297.82,4332.96
048355,Sebring Local,359.5684,24316.08,11842.57,917.3,231.66,12991.53,1311.48,1502.41,4998.31,732.77,1460.73,1318.85,11324.55
048363,South Range Local,1222.3553,12477.55,7173.22,765.56,335.52,8274.3,395.67,743.24,1125.37,885.6,630.24,423.14,4203.26
048371,Springfield Local,856.4752,15767.15,8779.42,585.55,517.6,9882.56,901.85,984.4,2056.78,520.7,782.36,638.49,5884.59
048389,West Branch Local,1716.9505,13890.78,8015.49,1085.44,497.6,9598.53,475.65,566.43,1662.6,569.38,412.08,606.12,4292.25
048397,Western Reserve Local,536.8837,16701.31,10124.62,466.07,516.04,11106.73,468.67,950.3,1622.71,936.02,887.06,729.81,5594.57
048413,Elgin Local,1001.2778,15624.51,8364.13,1203.56,411.81,9979.5,384.64,901.97,1552.82,1025.57,1093.95,686.06,5645.01
048421,Pleasant Local,1246.7976,12236.27,6692.94,505.3,332.01,7530.24,609.55,813.86,1514.35,526.79,672.08,569.39,4706.03
048439,Ridgedale Local,619.5994,16570.58,9394.83,883.43,704.92,10983.18,699.45,1025.75,1458.3,894.81,720.66,788.43,5587.4
048447,River Valley Local,1796.2299,18750.1,7326.41,607.95,465.01,8399.37,451.65,812.03,6326.14,916.76,814.32,1029.84,10350.74
048462,Black River Local,908.6688,18692.63,11357.41,691.46,328.48,12377.35,1144.98,872.95,1587.68,1221.52,813.33,674.83,6315.28
048470,Buckeye Local,1991.3487,13690.08,7956.06,886.71,611.95,9454.73,432.02,717.66,1229.15,803.59,739,313.93,4235.35
048488,Cloverleaf Local,2317.4596,17191.84,10504.92,1267.61,465.98,12238.5,370.92,692.16,1631.17,980.88,611.15,667.07,4953.34
048496,Highland Local,3277.771,13436.58,8009.94,1104.66,272.26,9386.86,238.71,596.65,1285.15,945.3,424.96,558.94,4049.72
048512,Eastern Local,695.8807,16164.31,9464.48,934.5,107.38,10506.36,335.42,969.82,1631.39,1081.77,914.67,724.88,5657.95
048520,Meigs Local,1549.6188,18750.27,9909.04,876.58,948.79,11734.41,462.74,1102.86,2024.91,1438.53,508.9,1477.92,7015.86
048538,Southern Local,671.5188,15893.43,8589.27,899.73,318.08,9807.07,404.52,1016.39,1904.13,804.3,1114.71,842.31,6086.36
048553,Marion Local,954.2387,12258.77,8192.45,445.68,535.03,9173.16,353.13,540.56,911.07,342.44,436.05,502.37,3085.61
048579,Parkway Local,961.1772,15191.75,9908.78,314.79,0.73,10224.3,517.83,946.81,1758.42,578.06,559.06,607.27,4967.45
048587,St Henry Consolidated Local,1033.411,11540.75,7536.54,372.96,240.04,8149.54,257.46,596.8,1445.12,254.57,390.51,446.76,3391.21
048595,Fort Recovery Local,959.6556,13071.8,8754.85,284.26,498.95,9538.06,312.34,705.08,1046.6,379.55,502.36,587.81,3533.75
048611,Bethel Local,1963.4637,12352.73,7344.01,751.96,416.5,8512.47,327.84,695.33,1025.6,724.93,687.62,378.94,3840.26
048629,Miami East Local,1278.5064,14999.36,8110.34,649.01,630.02,9389.37,1446.24,636.11,1393.66,1021.02,646.32,466.64,5610
048637,Newton Local,587.9474,15839.96,8959.79,321.32,452.54,9733.66,831.13,1119.06,1767.44,981.2,632.04,775.44,6106.3
048652,Switzerland of Ohio Local,1871.6072,31585.93,15321.57,2058.8,2506.35,19886.73,696.08,1886.74,4441.78,2100.64,1555.01,1018.94,11699.2
048678,Brookville Local,1512.3257,12117.89,6976.26,1285.05,612.23,8873.55,498.2,484.99,1028.33,473.13,286.11,473.58,3244.35
048686,Jefferson Township Local,258.7485,33992.94,15172.31,2627.08,1818.02,19617.42,2832.76,1749.04,3204.09,3572.07,1800.6,1216.96,14375.52
048694,Trotwood-Madison City,2452.9395,20014.12,10719.91,1466.84,864.45,13051.19,909.01,1198.43,1888.61,1109.59,883.41,973.89,6962.94
048702,Mad River Local,3710.4245,15363.23,9308.94,1299.83,609.11,11217.87,267.77,858.29,1518.07,512.02,470.85,518.36,4145.36
048710,New Lebanon Local School District,1013.8093,15971.55,9937.47,927.56,590.41,11455.44,538.75,799.11,1475.21,771.08,426.71,505.25,4516.11
048728,Northmont City,4639.9904,15623.37,9803.43,1239.51,262.31,11305.25,191.24,1010.86,933.16,721.26,561.56,900.06,4318.12
048736,Northridge Local,1629.1362,20546.18,12099.59,1599.08,847.16,14545.83,728.46,1419.78,1490.6,809.87,728.07,823.58,6000.35
048744,Valley View Local,1695.3583,15926.76,8378.02,1557.79,378.91,10314.72,682.06,934.16,1494.94,1605.79,314.65,580.44,5612.04
048751,Huber Heights City,5659.4832,15272.02,9411.98,1142.59,397.65,10952.22,459.35,769.69,1137.29,715.36,707.13,530.98,4319.8
048777,Morgan Local,1586.1842,19148.49,10593.93,1010.91,359.96,11964.8,964.63,994.76,2442.87,1194.62,857.78,729.02,7183.69
048793,Cardington-Lincoln Local,915.3882,16807.36,9241.06,724.09,599.3,10564.45,756.14,1120.6,2208.88,842.19,717.45,597.65,6242.91
048801,Highland Local,1696.7849,14442.29,7556.93,1854.39,176.09,9587.41,445.91,869.43,1733.71,890.07,398.94,516.82,4854.88
048819,Northmor Local,978.3274,16225.85,8711.91,1060.63,474.66,10247.2,506.65,806.5,2061.12,1141.41,829.09,633.89,5978.65
048835,East Muskingum Local,2024.0783,12564.32,7359.19,418.99,284.16,8062.34,231.19,753.96,1665.69,755.97,464.68,630.48,4501.98
048843,Franklin Local,1745.6615,16913.93,10165.76,992.96,492.79,11651.51,572.16,680.24,1339.69,1024.68,757.52,888.13,5262.42
048850,Maysville Local,1921.4975,14249.74,8660.95,728.86,130.37,9520.19,572.45,766.33,1600.58,708.9,281.57,799.72,4729.55
048876,Tri-Valley Local,2758.4463,13996.11,8583.27,562.19,9.5,9154.95,681.76,968.21,1264.06,858.51,470.14,598.49,4841.16
048884,West Muskingum Local,1619.609,11115.67,5460.08,397.59,218.37,6076.04,380.27,739.6,1913.08,1018.77,397.61,590.3,5039.62
048900,Noble Local,1037.5987,22753.48,10789.6,1220.75,575.31,12585.66,860.02,660.61,5220.47,1411.47,1417.15,598.11,10167.82
048926,Benton Carroll Salem Local,1216.9168,17603.61,9278.68,1998.26,254.64,11531.57,1011.62,813.68,2031.31,755.2,954.8,505.42,6072.03
048934,Danbury Local,516.8992,23821.63,13955.15,1384.99,797.32,16137.46,966.34,1320.47,2442.46,779.92,1641.3,533.67,7684.16
048942,Genoa Area Local,1205.0111,12655.05,7919.41,524.75,208.61,8652.78,317.47,686.98,1193.8,399.9,915.03,489.1,4002.27
048975,Put-In-Bay Local,73.2811,48995.84,30543.14,3236.52,548.98,34328.64,4108.7,0,4031.78,367.94,6158.79,0,14667.2
048991,Antwerp Local,656.3413,16416.29,8936.38,810.77,605.05,10352.2,1040.99,795.64,2308.12,770.78,690.09,458.47,6064.09
049031,Wayne Trace Local,843.1939,19195.53,10607.34,995.11,1019.64,12622.09,616.14,970.42,2528.5,856.11,724.37,877.9,6573.44
049056,Northern Local,2130.9862,14027.17,7273.36,625.04,478.43,8376.82,355.22,740.59,2038.96,1110.27,650.32,754.99,5650.35
049064,Southern Local,577.3843,25382.13,13920.21,818.35,582.5,15321.06,1337.42,894.78,4924.53,1015.78,895.78,992.78,10061.07
049080,Logan Elm Local,1606.1943,16733.93,9264.52,1249.56,443.48,10957.56,494.05,809.8,1554.74,1311.23,1101.92,504.64,5776.37
049098,Teays Valley Local,4498.9744,14121.61,8580.97,753.71,371.75,9706.43,500.82,630.06,1288.31,826.86,625.32,543.82,4415.18
049106,Westfall Local,1267.7998,17951.54,9586.73,649.9,2034.29,12270.92,447.55,937.64,1873.87,1108.07,711.07,602.41,5680.62
049122,Eastern Local School District,751.724,20084.37,12673.83,1089.88,213.53,13977.24,693.81,860.94,1402.91,1571.72,679.16,898.6,6107.13
049130,Scioto Valley Local,1121.0462,15534.73,8787.96,917.33,295.12,10000.41,455.39,838.1,1789.11,893.6,733.26,824.87,5534.32
049148,Waverly City,1602.1734,15758.14,9315.59,866.1,365.7,10547.39,686.67,886.65,1634.13,828.09,407.86,767.34,5210.75
049155,Western Local,684.537,22080.89,11484.49,1384.74,629.78,13499.02,706.75,1117.61,2815.91,1620.69,1194.31,1126.61,8581.87
049171,Aurora City,2998.2867,17218.12,10787.15,1353.27,624.38,12764.79,438.61,834.28,1448.19,768.69,564.82,398.73,4453.33
049189,Crestwood Local,1268.5299,18343.36,10201.13,1228.76,13.77,11443.66,555.07,957.39,2497.65,1222.46,1083.95,583.19,6899.69
049197,Field Local,1917.5111,13615.98,7588.39,867.48,325.46,8781.33,575.25,955.15,1416.73,781.74,629.71,476.06,4834.65
049205,James A Garfield Local,1161.9975,15395.34,8766.85,1135.6,355.22,10257.67,509.31,953.99,1465.04,1059.97,484.99,664.38,5137.67
049213,Rootstown Local,899.4622,15746.88,9123.82,717.04,439.76,10280.62,814.45,848.19,1824.96,938.02,559.92,480.72,5466.27
049221,Southeast Local,1371.6855,17418.65,9862.14,1063.71,865.01,11790.86,413.56,1028,1625.34,1282.99,664.49,613.42,5627.79
049239,Streetsboro City,1902.1652,16598.53,9338.14,1195.96,451.92,10986.02,840.51,946.41,1523.53,914.39,863.8,523.86,5612.51
049247,Waterloo Local,782.3341,14904.46,7663.93,1397.6,175.39,9236.92,587.24,936.34,1806.15,766.76,976.18,594.87,5667.54
049270,National Trail Local,863.1123,20540.33,11736.69,958.03,697.69,13392.41,641.47,1105.4,2684.4,1322.42,689.85,704.38,7147.91
049288,Preble Shawnee Local,1211.1682,18218.23,9195.08,1587.39,220.56,11003.03,593.06,859.12,3050.52,1157.94,1013.99,540.58,7215.2
049296,Twin Valley Community Local,715.51,18139.52,9740.35,812.51,573.66,11126.53,473.66,1262.62,2407.41,928.72,1150.48,790.09,7012.99
049312,Columbus Grove Local,673.6199,15484.23,9679.39,652.41,242.3,10574.09,539,628.21,1411.78,859.41,965.81,505.94,4910.14
049320,Continental Local,475.5485,18721.56,9548.68,578.07,768.09,10894.84,644,837.2,4281.89,735.7,715.45,612.48,7826.71
049338,Jennings Local,320.4901,16154.54,8670.94,784.83,864.96,10320.73,808.18,1042.63,1973.39,647.39,831.99,530.23,5833.81
049346,Kalida Local,593.8654,13024.36,8107.61,370.35,375.39,8853.35,424.93,776.93,1159.08,485.4,704.25,620.4,4171
049353,Leipsic Local,628.8978,14466.67,8949.92,448.47,102.58,9500.96,500.36,791.26,1475.64,664.58,669.46,864.41,4965.71
049361,Miller City-New Cleveland Local,511.2263,17028.84,9238.64,1185.43,711.14,11135.21,604.44,784.59,2952.9,614.47,332.43,604.8,5893.63
049379,Ottawa-Glandorf Local,1390.0243,14397.53,8292.94,714.64,361.93,9369.5,542.26,785.54,1938.09,516.3,577.55,668.28,5028.03
049387,Ottoville Local,478.3346,14792.99,8803.6,691.21,574.14,10068.94,501.82,781.35,1413.61,541.35,731.88,754.04,4724.05
049395,Pandora-Gilboa Local,495.4478,17825.96,9984.35,786.34,873.99,11644.69,1043.6,856.08,1962.37,1052.74,637.55,628.92,6181.27
049411,Clear Fork Valley Local,1462.4008,14613.37,8906.51,776,398.76,10081.27,359.31,833.28,1465.9,783.78,444.99,644.85,4532.1
049429,Crestview Local,872.1795,16693.03,9062.93,1007.91,1135.48,11206.33,708.71,864.88,1828.32,852.24,492.82,739.74,5486.71
049437,Lexington Local,2180.6356,14095.46,8500.24,901.28,614.84,10016.35,468.55,902.5,1051.48,842.21,352.34,462.03,4079.1
049445,Lucas Local,406.2108,19253.46,9723.75,1084.61,1165.72,11974.08,982.81,1171.52,2305.85,1295.66,813.67,709.87,7279.38
049452,Madison Local,2575.5058,16086.37,10256.16,917.89,430.32,11604.36,310.92,1137.97,1333.03,672.04,437.01,591.04,4482.01
049460,Plymouth-Shiloh Local,603.2953,19998.57,11689.78,1236.94,696.33,13623.05,594.94,1052.09,2031.64,1006.07,747.27,943.51,6375.52
049478,Ontario Local,1908.2063,12530.77,7292.62,854.53,425.33,8572.48,519.21,763.81,1165.82,466.12,481.29,562.03,3958.29
049494,Adena Local,1046.1557,13873.69,7874.38,349.98,314.73,8539.09,572.08,1098.3,1507.94,922.42,755.76,478.11,5334.61
049502,Huntington Local,957.8646,19632.75,13000.73,930.24,475.04,14406.01,386.88,908.77,1731.75,1059.46,365.36,774.51,5226.74
049510,Paint Valley Local,706.123,18745.94,12169.01,574.31,237.05,12980.37,1080.61,773.8,1875.39,748.32,625.99,661.46,5765.57
049528,Southeastern Local,894.0519,17424.23,10950.03,554.3,252.03,11756.36,605.98,790.57,1524.95,1330.84,748.17,667.35,5667.87
049536,Union-Scioto Local,1993.5721,13560.11,8033.89,881.44,453.66,9369,333.25,882.65,1254.86,620.25,525.39,574.71,4191.11
049544,Zane Trace Local,1135.2813,16488.59,9514.34,1500.53,296.46,11311.32,609.91,823.49,1539.42,774.12,901.67,528.65,5177.27
049569,Lakota Local,893.7177,15895.87,8221.7,1063.18,403.45,9688.34,356.7,786.71,2734.24,945.86,790.76,593.27,6207.53
049577,Woodmore Local,919.1862,13731.99,7733.86,854.42,450.03,9038.3,613.01,644.51,1778.3,634.51,609.57,413.79,4693.69
049593,Bloom-Vernon Local,763.292,17536.4,9293.51,875.88,733.8,10903.19,493.73,1023.12,2494.26,1180.67,455.27,986.16,6633.21
049601,Clay Local,595.2404,15718.27,8906.99,631.48,641.32,10179.8,733.47,1092.22,1614.78,873.61,599.62,624.78,5538.48
049619,Green Local,474.9186,19294.85,11100.98,498.59,700.34,12299.91,820.38,826.7,2274.41,1067.99,1159.15,846.31,6994.94
049627,Minford Local,1143.6908,14464.02,8597.04,578.26,185.22,9360.51,615.99,954.55,1723.32,832.96,292.44,684.23,5103.51
049635,Northwest Local,1092.6171,19609.9,11124.97,1167.37,630.8,12923.14,444.82,1045.09,2053.17,1471.36,756.67,915.64,6686.76
049643,Valley Local,966.9803,16058.43,9350.65,935.96,389.44,10676.05,408.32,955.52,2098.27,679.6,701.44,539.22,5382.38
049650,Washington-Nile Local,1066.0437,19795.53,11042.85,1408.93,861.92,13313.71,778.81,1040.34,2084.54,956.9,571.3,1049.93,6481.82
049668,Wheelersburg Local,1516.9984,11171.46,7062.52,480.54,266.62,7809.69,371.29,682.49,1044.59,427.56,470.9,364.94,3361.77
049684,Seneca East Local,756.2098,16169.31,9419.33,435.33,548.3,10402.96,685.88,893.13,1524.61,1030.33,1009.61,622.78,5766.35
049700,Hopewell-Loudon Local,719.4418,14290.01,8975.38,529.54,424.36,9929.28,266.08,803.6,1530.28,469.86,648.27,642.64,4360.73
049718,New Riegel Local,371.6575,18327.26,10009.94,1122.66,821.85,11954.45,866.37,1021.32,2539.55,654.03,727.52,564.02,6372.81
049726,Old Fort Local,619.5018,18397.1,9198.93,985.29,822.93,11007.15,489.82,1309.85,2795.64,756.12,845.44,1193.08,7389.95
049759,Anna Local,1058.6233,14114.18,8944.81,378.77,567.49,9891.08,373.23,618.17,1412.91,436.39,788.27,594.13,4223.1
049767,Botkins Local,578.4685,15655.01,9777.69,767.38,781.15,11326.21,490.72,797.44,1551.3,491.85,520.91,476.58,4328.8
049775,Fairlawn Local,494.0405,16468.87,9028.72,1114.69,313.97,10457.38,554.29,1180.76,1837.58,1192.28,558.51,688.06,6011.49
049783,Fort Loramie Local,647.7978,17023.19,9916.37,1288.86,501.55,11706.78,608.92,793.32,1750.6,658.3,800.76,704.5,5316.4
049791,Hardin-Houston Local,651.7803,17645.18,9029.24,2078.74,210.59,11318.57,698.37,1188.52,1939.85,1280.35,629.89,589.63,6326.61
049809,Jackson Center Local,504.2595,16278.68,9376.59,920.12,318.51,10615.22,482.85,771.37,2177.29,489.25,1054.74,687.96,5663.46
049817,Russia Local,395.2978,15597.97,10253,327.95,182.3,10763.24,760.27,429.48,1735.01,349.11,1004.64,556.21,4834.73
049833,Canton Local,1764.3197,17868.57,10405.61,1141.44,836.33,12383.38,600.49,1064.11,1455.58,736.89,927.54,700.57,5485.18
049841,Fairless Local,1201.6922,16305.29,8767.02,1634.85,181.58,10583.45,633.94,1367.44,1522.06,928.56,688.93,580.91,5721.84
049858,Jackson Local,5693.1398,13129.49,7377.26,1005.02,780.43,9162.72,380.82,564.88,1368.93,676.52,443.2,532.44,3966.78
049866,Lake Local,3247.3814,12732.51,7728.48,790.48,598.64,9117.6,325,574.51,1155.33,825.67,390.82,343.59,3614.91
049874,Louisville City,2743.6814,13089.46,7623.91,794.06,810.42,9228.39,284.44,718.81,1172.49,603.66,457.73,623.94,3861.07
049882,Marlington Local,1787.0568,16920.15,8526.14,724.03,640.79,9890.96,371.6,833.83,3313.34,1085.26,699.85,725.31,7029.19
049890,Minerva Local,1589.9719,14781.9,8488.28,769.76,267.71,9525.75,399.68,895.42,1326.33,1099.83,843.65,691.23,5256.14
049908,Northwest Local,1599.5602,16114.76,9315.38,790.57,270.76,10376.71,556.5,836.38,1950.75,910.61,968.93,514.89,5738.05
049916,Osnaburg Local,857.2695,13711.9,7736.22,709.18,716.98,9162.38,664.8,690.35,1376.76,693.67,467.58,656.36,4549.52
049924,Perry Local,4108.6283,13601.25,7854.19,1037.31,304.44,9195.95,449.24,699.81,1160.8,704.38,792.68,598.38,4405.3
049932,Plain Local,5716.4169,12617.88,6818.4,840.6,439.09,8098.09,256.31,956,1488.31,675.6,508.43,635.13,4519.79
049940,Sandy Valley Local,1187.9189,15872.13,8958.9,1785.17,513.84,11257.91,812.53,947.79,1505.06,377.61,679.93,291.3,4614.21
049957,Tuslaw Local,1249.5239,12954.5,7352.28,844.63,294.58,8491.5,443.68,891.49,1430.25,652.32,605.04,440.22,4463
049973,Woodridge Local,1878.7188,17846.6,10572.9,1123.62,384.81,12081.34,639.56,1109.51,1497.03,1244.78,753.66,520.71,5765.25
049981,Copley-Fairlawn City,2623.0807,17378.21,10874.25,1408.22,375.27,12657.74,368.84,628.46,1699.98,838.76,881.01,303.41,4720.47
049999,Coventry Local,1384.742,16487.79,8905.62,1503.67,447.21,10856.5,551.15,695.54,2078.03,865.87,854.14,586.56,5631.29
050005,Manchester Local,1165.3189,17100.67,9598.08,1256.89,375.33,11230.31,509.77,865.03,1720.15,1044.86,1140.11,590.45,5870.36
050013,Green Local,3825.2112,13910.99,8421.3,849.51,399.83,9670.65,451.38,665.35,1276.39,809.43,686.5,351.29,4240.34
050021,Hudson City,4404.5483,18920.43,11319.8,1624.49,654.08,13598.38,618.78,760.1,1565.43,1092.4,827.22,458.12,5322.05
050039,Mogadore Local,649.5828,17248.16,10018.38,1093.97,724.9,11837.25,1106.52,843.97,1700.53,612.48,689.7,457.71,5410.91
050047,Nordonia Hills City,3223.9313,18954.44,10407.52,2212.06,392.1,13011.67,304.52,828.43,2178.55,1392.9,836.45,401.91,5942.77
050054,Revere Local,2859.1406,16164.57,9380.04,1116.04,758.43,11254.51,561.27,643.48,1700.53,896.6,597.82,510.36,4910.06
050062,Springfield Local,1651.3672,16113.27,9127.56,1302.66,1163.86,11594.09,205.3,822.22,1243.55,1017.47,664.53,566.12,4519.18
050070,Twinsburg City,3779.8081,16724.99,9903.71,1332.59,351.55,11587.84,467.66,905.54,1433.81,1050.06,828.64,451.43,5137.15
050096,Bloomfield-Mespo Local,197.8725,29440.37,14283.63,1643.17,863.84,16790.64,985.04,1939.45,5582.89,1552.74,1508.33,1081.28,12649.74
050112,Bristol Local,412.0124,18058.65,9766.04,422.19,478.74,10666.98,1118.67,1091.62,2220.13,1394.3,928.65,638.31,7391.67
050120,Brookfield Local,956.2812,15279.65,7505.51,794.17,248.55,8548.23,725.28,927.42,2112.07,733.41,1526.13,707.11,6731.42
050138,Champion Local,1138.2576,16289.44,9647.34,1050.21,465.95,11163.5,564.23,1053.83,1551.88,856.06,546.7,553.23,5125.93
050153,Mathews Local,578.7509,20081.32,9790.15,1744.5,538.78,12073.43,917.71,841.52,3546.61,1140.28,921.14,640.65,8007.9
050161,Howland Local,2253.6756,16261.05,9612.09,1034.68,609.65,11256.42,506.3,730.32,1542.42,1028.45,717.82,479.33,5004.63
050179,Joseph Badger Local,557.6453,18916.73,10252.04,1013.16,85.56,11350.76,924.02,894.25,2164.8,1029.62,1433.86,1119.44,7565.98
050187,Lakeview Local,1434.4097,13646.81,8032.7,667.79,277.14,8977.64,723.86,715.87,1227.26,843.42,785.9,372.86,4669.17
050195,Liberty Local,1077.1718,16176.79,10406.6,697.75,261.55,11365.9,533.07,873.83,1406.6,642.83,694.17,660.41,4810.9
050203,Lordstown Local,376.9796,26911.19,16368.04,953.83,89.76,17411.63,1418.2,1289.09,3574.32,995.36,1272.62,949.97,9499.56
050211,Maplewood Local,594.2464,16147.43,9386.9,1089.46,168.96,10645.31,576.88,707.3,1904.08,959.82,800.25,553.79,5502.12
050229,McDonald Local,692.3969,14405.11,8784.61,375.42,160.38,9320.4,789.74,682.35,2177.64,423.42,678.31,333.25,5084.71
050237,Southington Local,428.7509,14010.51,7888.64,568.64,171.53,8628.81,882.5,549.36,1976.41,539.11,810.06,624.26,5381.7
050245,LaBrae Local,976.485,15727.78,9615.69,903.88,235.67,10755.24,490.83,796.25,1789.41,597.27,548.42,750.35,4972.53
050252,Weathersfield Local,885.5967,16461.86,9157.92,1112.84,108.71,10379.47,494.43,1115.67,2692.3,630.83,583.15,566.01,6082.39
050278,Garaway Local,1050.1226,15267.89,8420.87,793.26,236.65,9450.79,520.79,886.25,2206.98,976.31,688.33,538.44,5817.1
050286,Indian Valley Local,1545.7081,16792.19,9425.08,734.18,577.16,10736.42,391.65,853.67,2406.22,948.95,590.47,864.82,6055.77
050294,Strasburg-Franklin Local,474.2033,17335.04,9710.53,618.82,526.12,10855.46,1399.34,843.75,1912.45,539.03,1081.68,703.32,6479.58
050302,Tuscarawas Valley Local,1214.1959,14747.22,8283.24,647.63,668.2,9599.07,566.55,771.2,1550.26,905.8,715.55,638.8,5148.15
050328,Fairbanks Local,1028.1149,16373.32,9125.1,1091.22,248.92,10465.25,632.5,1080.95,2238.22,938.71,615.4,402.3,5908.07
050336,North Union Local School District,1354.717,17054.62,9525.97,1645.79,605.59,11777.35,245.32,1125.76,1909.26,949.59,361.56,685.79,5277.27
050351,Crestview Local,940.5114,14857.58,9102.61,758.28,422.02,10282.91,634.43,784.98,1324.43,485.08,643.78,701.96,4574.67
050369,Lincolnview Local,801.0479,16690.07,10261.25,621.62,707.9,11590.76,492.16,1084.87,1538.64,830.26,500.65,652.74,5099.31
050393,Vinton County Local,1631.584,20158.9,11119.27,1472.1,748.62,13339.99,861.11,1126.46,2186.27,1352,424.61,868.46,6818.91
050419,Carlisle Local,1488.8384,16647.57,10056.71,974.49,222.24,11253.43,357.05,669.9,1429.55,1152.91,1261.6,523.11,5394.13
050427,Springboro Community City,5762.8538,11974.75,7251.13,800.2,440.92,8492.25,246.18,572.4,889.52,864.07,508.61,401.72,3482.5
050435,Kings Local,4898.333,14567.11,8657.02,1304.92,431.31,10393.25,287.99,717.77,940.18,1287.15,494.17,446.59,4173.86
050443,Little Miami Local,5359.3222,13685.47,8186.65,510.55,413.98,9111.19,641.2,556.93,1328.22,1212.39,399,436.55,4574.28
050450,Mason City,9867.4147,15367.42,9372.31,1149.58,615.88,11137.77,250.85,575.41,1470.7,916.12,593.46,423.1,4229.65
050468,Wayne Local,1455.1964,14992.54,8880.61,1273.39,709.52,10863.53,487.71,637.34,1301.99,706.9,660.75,334.32,4129.02
050484,Fort Frye Local,862.5566,19251.71,9903.44,833.63,655.99,11393.06,579.69,1623.06,2254.43,1264.97,1304.51,831.99,7858.66
050492,Frontier Local,529.6164,18630.08,9897.89,817.81,831.32,11547.02,569.43,900.3,2948.26,1107.45,817.24,740.39,7083.07
050500,Warren Local,1980.0281,12893.28,7293.01,506.83,418.27,8218.11,403.25,830.25,1216.26,1131.52,431.51,662.38,4675.17
050518,Wolf Creek Local,589.0593,18968.98,10713.13,1052.38,507.05,12272.57,618.04,1803.71,1612.71,1017.46,876.16,768.33,6696.41
050534,Chippewa Local,1135.071,14434.38,7824.67,656.74,995.21,9476.62,634.39,925.92,1333.71,730.31,853.29,480.13,4957.76
050542,Dalton Local,848.14,15209.6,8388.51,837.84,423.87,9650.23,447.29,825.04,2473.3,667.88,656.76,489.09,5559.37
050559,Green Local,1004.4021,14657.97,8909.04,664.36,279.84,9853.23,462.96,761.14,1349.72,1265.06,481.05,484.81,4804.74
050567,Norwayne Local,1214.4841,13553.6,7759.97,652.44,495.05,8907.46,484.81,911.48,1327.41,956.52,469.19,496.73,4646.14
050575,Northwestern Local,1217.0892,15947.37,9388.29,646.83,706.02,10741.14,634.9,925.1,1866.31,829.09,398.38,552.45,5206.23
050583,Waynedale Local,1001.0716,20438.8,12045.06,1290.2,672.67,14007.93,661.81,1190.48,1679.98,1631.52,605.97,661.12,6430.87
050591,Triway Local,1373.8672,17405.41,10274.48,1106.03,923.71,12304.22,614.93,803.24,1803.15,897.75,420.02,562.09,5101.19
050617,Edgerton Local,496.5735,16711.97,8824.63,976.04,1112.56,10913.23,582.12,762.34,2065.21,627.94,1088.11,673.03,5798.74
050625,Edon Northwest Local,512.7438,15102.63,8863.55,539.53,217.45,9620.53,461.39,905.48,1684.13,818.2,1094.28,518.61,5482.1
050633,Millcreek-West Unity Local,497.2096,17472.18,9070.55,1426.43,381.46,10878.44,986.22,1065.45,1996.09,798.33,926.02,821.63,6593.74
050641,North Central Local,501.9136,18905.58,11073.8,1093,483.25,12650.05,575.49,1162.08,1986.8,929.26,1051.86,550.05,6255.53
050658,Stryker Local,372.8181,19229.62,11005.85,597.2,307.32,11910.37,701.26,1090.98,2692.37,642.53,1399.82,792.28,7319.25
050674,Eastwood Local,1403.7806,16115.37,9445.52,639.56,270.15,10355.23,839.86,625.15,1661.96,1056.75,982.75,593.69,5760.14
050682,Elmwood Local,1117.0255,16175.04,9677.36,1166.54,711.21,11555.11,364.09,712.73,1551.31,879.16,536.06,576.59,4619.94
050690,Lake Local,1531.2415,14920.93,9006.63,842.68,483.41,10332.72,530.12,815.93,1434.51,705.28,533.35,569.03,4588.21
050708,North Baltimore Local,578.9216,21198.2,11697.94,2445.86,351.98,14495.78,1150.66,753.24,2503.97,624.26,784.94,885.34,6702.41
050716,Northwood Local Schools,810.6763,19156.93,10420.31,1247.08,1119.63,12787.03,606.46,1294.68,1710.64,794.95,1237.61,725.57,6369.9
050724,Otsego Local,1526.1507,13948.97,8549.28,598.51,275.18,9422.97,700.13,699.96,1125.97,841.93,628.49,529.52,4526
050740,Mohawk Local,829.9427,16501.38,8144.59,1765.71,894.78,10805.09,582.49,651.35,2029.6,1075.2,808.44,549.2,5696.29
061903,Adams County Ohio Valley Local,3394.3416,16840.97,9768.93,849.08,304.4,10922.42,716.65,851.79,2179.24,818.77,720.97,631.14,5918.56
065680,Gallia County Local,1991.9765,17699.3,9499.35,568.14,629.12,10696.61,627.27,910.88,2436.29,1389.25,927.1,711.9,7002.69
069682,East Guernsey Local,992.4635,18421.31,11361.19,941.41,779.06,13081.66,532.35,861.15,1729.32,920.79,782.22,513.82,5339.65
091397,Tri-County North Local,677.555,19718.19,10888.93,1291.78,888.42,13069.13,1051.29,1014.36,2323.12,1104.15,467.16,688.98,6649.06
139303,Monroe Local,2718.2725,13834.27,7569.59,1115.21,666.45,9351.25,480.06,617.72,1470.46,926.39,594.22,394.16,4483.02
