irn,school,county,designation,enrolled_adm,base_cost,special_education,dpia,english_learners,career_technical,core_foundation_funding,transportation,equity_supplement,formula_transition_supplement,base_funding_supplement,facilities,total_state_support
000131,Glass City Academy,Lucas,site-based,384.437565,2992235.58,655109.74,313859.67,0,63300.7,4024505.69,0,153775.03,0,15377.5,376317.55,4569975.77
000138,Pathway School of Discovery,Montgomery,site-based,794.200718,6499371,994518.7,679742.86,191866.01,0,8365498.56,0,317680.29,0,31768.03,777425.77,9492372.65
000139,Alliance Academy of Cincinnati,Hamilton,site-based,311.717483,2564746.22,312597.92,463186.22,9636.84,0,3350167.2,270110.36,124686.99,0,12468.7,305133.45,4062566.7
000222,Wildwood Environmental Academy,Lucas,site-based,357.698834,2897385.26,939278.75,299679.85,0,0,4136343.86,0,143079.53,0,14307.95,350143.59,4643874.94
000236,Ohio Connections Academy  Inc,Franklin,e-school,4666.063781,37171596.11,8874774.11,0,49505.86,273728.05,46369604.12,0,0,0,186642.55,114187.7,46670434.38
000241,Quaker Digital Academy,Tuscarawas,e-school,819.487949,6389190.42,990068.74,0,24284.38,11129.26,7414672.8,0,0,0,32779.52,20054.47,7467506.79
000282,Greater Ohio Virtual School,Warren,e-school,364.24099,2810671.53,637638.95,0,8706.12,0,3457016.6,0,0,0,14569.64,8913.69,3480499.93
000288,Auglaize County Educational Academy,Auglaize,e-school,87.240168,780058.41,73219.74,0,0,217440.86,1070719,0,0,0,3489.61,2134.94,1076343.55
000298,Summit Academy Secondary - Akron,Summit,site-based,68.30137,523744.69,801053.87,42730.28,0,0,1367528.85,0,27320.55,0,2732.05,66858.72,1464440.17
000300,Summit Academy Secondary - Canton,Stark,site-based,78.822811,604366.33,666881.01,80094.83,0,0,1351342.17,0,31529.12,0,3152.91,77157.93,1463182.14
000301,Summit Academy - Toledo,Lucas,site-based,135.836879,1084247.05,877646.43,120134.57,0,0,2082028.05,0,54334.75,94324.2,5433.48,132967.76,2369088.23
000302,Summit Academy Community School - Parma,Cuyahoga,site-based,116.997662,925498.92,1193579.67,61683.89,2138.42,0,2182900.91,0,46799.06,0,4679.91,114526.46,2348906.34
000303,Summit Academy Secondary - Youngstown,Mahoning,site-based,74.1817,575379.05,600280.34,90592.26,0,0,1266251.65,0,29672.68,0,2967.27,72614.85,1371506.45
000305,Summit Academy Community School-Warren,Trumbull,site-based,91.479288,743302.64,1024064.4,135930.6,1299.7,0,1904597.35,0,36591.72,0,3659.17,89547.08,2034395.32
000311,Bridges Community Academy dba Bridges Preparatory Academy,Seneca,site-based,115.042206,946455.4,164541.08,106042.69,0,0,1217039.16,0,46016.88,0,4601.69,112612.31,1380270.04
000316,Constellation Schools: Westpark Community Middle,Cuyahoga,site-based,147.987041,1177230.13,163230.71,169085.04,7924.74,0,1517470.62,0,59194.82,0,5919.48,144861.29,1727446.21
000318,Menlo Park Academy,Cuyahoga,site-based,350.460626,2857306.7,400788.08,13733.72,9978.12,0,3281806.62,0,140184.25,0,14018.43,343058.27,3779067.56
000319,Constellation Schools: Madison Community Elementary,Cuyahoga,site-based,219.134718,1798065.34,241763.01,189733.45,46985.39,0,2276547.2,0,87653.89,0,8765.39,214506.2,2587472.67
000320,Constellation Schools: Lorain Community Middle,Lorain,site-based,88.058281,700329.5,125375.49,117263.6,7592.05,0,950560.63,0,35223.31,0,3522.33,86198.33,1075504.61
000321,Constellation Schools: Old Brooklyn Community Middle,Cuyahoga,site-based,235.078697,1869391.76,569893.12,310867.79,3033.74,0,2753186.41,0,94031.48,0,9403.15,230113.41,3086734.45
000338,Horizon Science Academy Toledo,Lucas,site-based,533.560412,4355203.65,439696.15,406798.75,16465.09,228449.37,5446613.01,413188.62,213424.16,0,21342.42,522290.66,6616858.86
000402,Findlay Digital Academy,Hancock,e-school,236.424992,1829931.92,346793.16,0,1685.88,0,2178410.95,0,0,0,9457,5785.78,2193653.73
000417,Buckeye On-Line School for Success,Columbiana,e-school,600.978041,4736471.43,1216806.59,0,6401.13,0,5959679.15,0,0,0,24039.12,14707.11,5998425.38
000509,Whitehall Preparatory and Fitness Academy,Franklin,site-based,368.194328,3013319.84,714363.01,399010.74,39294.86,0,4165988.45,0,147277.73,0,14727.77,360417.4,4688411.35
000510,Springfield Preparatory and Fitness Academy,Clark,site-based,158.971256,1307591.9,329512.7,166672.64,34715.9,0,1838493.14,0,63588.5,0,6358.85,155613.5,2064053.99
000511,Northland Preparatory and Fitness Academy,Franklin,site-based,124.928357,1019040.25,251513.43,153728.38,14377.56,0,1438659.62,0,49971.34,0,4997.13,122289.65,1615917.75
000525,Canton Harbor High School,Stark,site-based,95.017877,738487.64,182571.21,91686.27,0,14087.21,1026832.33,0,38007.15,0,3800.72,93010.93,1161651.12
000527,Cleveland Academy for Scholarship Technology and Leadership,Cuyahoga,site-based,291.600252,2490200.13,519819.03,302922.5,2599.4,885468.31,4201009.37,131043.64,116640.1,0,11664.01,285441.13,4745798.25
000534,Constellation Schools: Puritas Community Middle,Cuyahoga,site-based,85.923062,683314.46,61791.86,101760.3,15894.42,0,862761.05,0,34369.22,0,3436.92,84108.21,984675.41
000543,Pinnacle Academy,Cuyahoga,site-based,724.581836,5921044.66,871184.94,704502.84,2540.66,0,7499273.1,0,289832.73,0,28983.27,709277.36,8527366.48
000546,Winterfield Venture Academy,Lucas,site-based,309.366504,2540122.12,389038.11,459692.87,1255.64,0,3390108.74,156450.06,123746.6,0,12374.66,302832.13,3985512.19
000553,Columbus Humanities  Arts and Technology Academy,Franklin,site-based,626.564386,5148868.05,462416.01,551864.54,203413.9,0,6366562.5,0,250625.75,0,25062.58,613330.22,7255581.05
000556,A+ Arts Academy,Franklin,site-based,187.362809,1529935.4,108281.23,278405.53,0,0,1916622.16,0,74945.12,0,7494.51,183405.37,2182467.17
000557,Columbus Arts & Technology Academy,Franklin,site-based,615.198617,4998539.52,513903.26,430074.74,65829.67,144010.3,6152357.48,0,246079.45,0,24607.94,602204.51,7025249.39
000558,Columbus Preparatory Academy,Franklin,site-based,728.433367,5871065.27,355077.72,688190.51,162486.63,0,7076820.12,0,291373.35,0,29137.33,713047.54,8110378.35
000559,Orion Academy,Hamilton,site-based,446.137091,3643243.05,357241.83,467774.92,42330.64,0,4510590.44,407839.9,178454.84,0,17845.48,436713.87,5551444.53
000560,Apex Academy,Cuyahoga,site-based,449.355882,3692419.42,473090.9,599373.43,1204.24,0,4766088,0,179742.35,0,17974.24,439864.68,5403669.26
000575,Northwest School of the Arts,Cuyahoga,site-based,303.388237,2475764.43,302244.5,288574.91,8234.19,0,3074818.03,0,121355.29,0,12135.53,296980.13,3505288.99
000577,Emerson Academy,Montgomery,site-based,597.28856,4863566.67,468266.88,792583,29330.08,0,6153746.63,0,238915.42,0,23891.54,584672.75,7001226.35
000598,Coshocton Opportunity School,Coshocton,site-based,42.582872,345938.66,42567.29,63274.6,0,25937.09,477717.64,0,17033.15,0,1703.31,41683.45,538137.55
000608,Summit Academy School - Cincinnati,Hamilton,site-based,100.891304,797576.01,1063240.37,110795.99,0,0,1971612.37,0,40356.52,0,4035.65,98760.3,2114764.84
000613,Heir Force Community School,Allen,site-based,222.187211,1819148.89,118171.69,162543.04,0,0,2099863.62,0,88874.88,0,8887.49,217494.22,2415120.21
000614,Summit Academy School–Columbus,Franklin,site-based,85.132435,678688.57,658331.16,102695.57,0,0,1439715.3,0,34052.97,0,3405.3,83334.28,1560507.86
000616,Summit Academy Alternative LearnersWarren Middle & Secondary,Trumbull,site-based,64.482993,497135.14,413664.38,68365.93,0,0,979165.45,0,25793.2,120061.34,2579.32,63121,1190720.3
000621,Summit Academy School–Dayton,Montgomery,site-based,128.822036,1022302.95,1124497.89,129471.73,0,0,2276272.57,0,51528.81,0,5152.88,126101.08,2459055.35
000623,Summit Academy-Youngstown,Mahoning,site-based,127.75425,1043295.01,891861.02,147778.46,1299.7,0,2084234.19,0,51101.7,0,5110.17,125055.85,2265501.91
000634,Summit Academy Secondary School - Middletown,Butler,site-based,93.708988,730163.26,1076217.74,64248.78,0,0,1870629.78,0,37483.6,0,3748.36,91729.69,2003591.42
000640,Rittman Academy,Wayne,site-based,25.561822,196854.69,33650.22,16078.4,0,0,246583.31,0,10224.73,0,1022.47,25021.91,282852.42
000664,Capital City Career Prep High School,Franklin,site-based,101.942078,854210.52,157703.04,132216.15,15550.76,207439.03,1367119.51,0,40776.83,0,4077.68,99788.88,1511762.9
000679,Oakstone Community School,Franklin,site-based,151.443252,1192591.8,4233482.89,50.31,3467.25,0,5429592.25,0,60577.3,0,6057.73,148244.5,5644471.78
000725,Zenith Academy,Franklin,site-based,466.08229,3774244.2,204814.52,453225.62,81109.23,303806.19,4817199.76,510802.76,186432.92,0,18643.29,456237.79,5989316.52
000736,Phoenix Village Academy Primary 2 dba Wings Academy 1,Cuyahoga,site-based,94.242783,769314.2,20369.96,106117.87,0,0,895802.03,0,37697.11,0,3769.71,92252.21,1029521.06
000770,Maritime Academy of Toledo  The,Lucas,site-based,135.00996,1044098.88,379296.3,200613.56,4333.44,0,1628342.17,0,54003.98,0,5400.4,132158.31,1819904.86
000779,Educational Academy for Boys & Girls,Franklin,site-based,160.932099,1331887.14,32031.49,112916.68,165552.29,0,1642387.61,0,64372.84,0,6437.28,157532.92,1870730.65
000780,Midnimo Cross Cultural Middle School,Franklin,site-based,189.939591,1511068.71,83796.01,164066.33,106404.99,0,1865336.05,0,75975.84,0,7597.58,185927.72,2134837.2
000804,Horizon Science Academy-Cincinnati,Hamilton,site-based,254.296601,2107097.37,272336.43,194124,3899.11,180670.84,2758127.74,0,101718.64,0,10171.86,248925.4,3118943.65
000808,Horizon Science Academy-Dayton,Montgomery,site-based,196.755555,1630360.91,76413.16,193635.54,0,0,1900409.61,197902.64,78702.22,0,7870.22,192599.72,2377484.42
000813,Gem City Career Prep High School,Montgomery,site-based,152.648136,1169307.22,148847.18,159357.99,8147.84,326980.12,1812640.34,0,61059.25,0,6105.93,149423.93,2029229.45
000825,Horizon Science Academy-Springfield,Lucas,site-based,372.592955,3113664.79,123502.45,298286.86,4745.7,144862.12,3685061.9,379759.12,149037.18,0,14903.72,364723.12,4593485.05
000838,Horizon Science Academy-Denison Middle School,Cuyahoga,site-based,268.574909,2217071.7,224928.52,288846.94,71519.13,111329.93,2913696.21,0,107429.96,0,10743,262902.12,3294771.3
000843,Bennett Venture Academy,Lucas,site-based,371.981596,3064408.25,217519.04,552733.68,1255.64,0,3835916.61,0,148792.64,0,14879.26,364124.68,4363713.19
000855,Stambaugh Charter Academy,Mahoning,site-based,437.881359,3602692.13,669997.07,624447.63,64028.49,0,4961165.32,0,175152.54,0,17515.25,428632.52,5582465.63
000858,Horizon Science Academy-Cleveland Middle School,Cuyahoga,site-based,260.565732,2167516.66,171703.12,303560.27,0,154699.06,2797479.11,0,104226.29,0,10422.63,255062.11,3167190.15
000875,Westside Academy,Franklin,site-based,344.971268,2833926.98,163295.09,408145.48,267655.48,0,3673023.03,0,137988.51,0,13798.85,337684.85,4162495.24
000912,Early College Academy,Franklin,site-based,95.48378,732187.95,134532.37,127955.06,0,0,994675.38,0,38193.51,0,3819.35,93466.99,1130155.23
000936,Promise Academy,Cuyahoga,site-based,84.586134,647350.95,100636.59,125687.95,0,0,873675.5,0,33834.45,0,3383.45,82799.52,993692.92
000938,East Bridge Academy of Excellence,Franklin,site-based,84.151514,706856.18,21727.96,125042.14,41830.84,32976.2,928433.32,0,33660.61,0,3366.06,82374.08,1047834.07
000941,Par Excellence Academy dba Par Excellence STEM Academy,Licking,site-based,227.189387,1879240.25,466719.81,146629.6,3033.74,0,2495623.39,0,90875.75,0,9087.58,222390.74,2817977.46
000951,Toledo Preparatory and Fitness Academy,Lucas,site-based,256.477088,2112464.59,619285.57,292836.25,3468.07,0,3028054.47,0,102590.84,0,10259.08,251059.83,3391964.22
000952,Columbus Preparatory and Fitness Academy,Franklin,site-based,452.853697,3697300.68,493751.52,228026.73,269288.75,0,4688367.69,0,181141.48,0,18114.15,443288.61,5330911.93
000953,Mt. Healthy Preparatory and Fitness Academy,Hamilton,site-based,192.749793,1588371,327678.03,235096.75,1387.95,0,2152533.74,0,77099.92,0,7709.99,188678.57,2426022.22
007984,Youngstown Academy of Excellence,Mahoning,site-based,268.976606,2215472.75,171427.14,219141.44,62927.62,0,2668968.95,0,107590.64,0,10759.06,263295.34,3050614
007995,Cleveland Arts and Social Sciences Academy,Cuyahoga,site-based,384.815753,3177392.01,250840.38,392783.73,867.84,46626.55,3868510.51,0,153926.3,0,15392.63,376687.75,4414517.2
007999,Charles School at Ohio Dominican University,Franklin,site-based,314.735906,2456117.2,479424.37,270257.68,45383.56,157148.98,3408331.79,0,125894.36,0,12589.44,308088.12,3854903.71
008000,Lorain Preparatory Academy,Lorain,site-based,402.557743,3297049.48,320856.41,508757.1,31818.42,0,4158481.42,0,161023.1,0,16102.31,394055,4729661.82
008063,Cascade Career Prep High School,Summit,site-based,92.057959,704932.05,183259.7,113217.34,2274.48,0,1003683.57,0,36823.18,0,3682.32,90113.53,1134302.6
008064,Monroe Preparatory Academy,Erie,site-based,187.237001,1537378.97,387180.39,261033.53,0,0,2185592.89,0,74894.8,0,7489.48,183282.22,2451259.39
008278,Noble Academy-Cleveland,Cuyahoga,site-based,254.409093,2129109.19,170465.4,378030.73,0,218779.51,2896384.82,0,101763.64,0,10176.36,249035.52,3257360.34
008280,Noble Academy-Columbus,Franklin,site-based,258.004244,2119567.74,222123.5,293755.41,157288.79,29563.11,2822298.54,0,103201.7,0,10320.17,252554.73,3188375.13
008281,South Scioto Academy,Franklin,site-based,216.505613,1768572.43,435354.79,222316.06,11162.99,0,2437406.27,0,86602.25,0,8660.22,211932.62,2744601.36
008282,North Woods Career Prep High School,Franklin,site-based,198.094249,1517846.14,129639.33,45777.33,124464.71,0,1817727.51,0,79237.7,123261.27,7923.77,193910.14,2222060.39
008283,Dayton Business Technology High School,Montgomery,site-based,87.466117,720954.6,151989.33,67700.31,0,441082.45,1381726.69,0,34986.45,0,3498.64,85618.68,1505830.45
008286,Harvard Avenue Performance Academy,Cuyahoga,site-based,381.351333,3088055.92,533603.44,426443.62,0,0,4048102.98,0,152540.53,0,15254.05,373296.51,4589194.07
008287,Groveport Community School,Franklin,site-based,563.418008,4604111.54,212775.03,581592.89,111729.66,0,5510209.12,0,225367.2,0,22536.72,551517.61,6309630.65
008289,Eagle Learning Center,Lucas,site-based,46.078729,353616.69,22667.32,25949.33,0,0,402233.34,0,18431.49,0,1843.15,45105.46,467613.44
009148,Zanesville Community High School,Muskingum,site-based,154.205897,1187715.81,331379.14,229137.12,2576.73,0,1750808.81,0,61682.36,0,6168.24,150948.79,1969608.19
009149,Constellation Schools: Westside Community School of the Arts,Cuyahoga,site-based,196.100188,1599639.79,215484.01,159716.42,11731.16,0,1986571.38,0,78440.08,0,7844.01,191958.2,2264813.66
009179,Horizon Science Academy Columbus Middle School,Franklin,site-based,431.26381,3461450.49,361568.47,468801.98,192835.94,129782.49,4614439.36,0,172505.52,0,17250.55,422154.74,5226350.18
009192,Foundation Academy,Richland,site-based,371.431689,3037975.21,624322.59,424496.5,1299.7,0,4088093.99,0,148572.68,0,14857.27,363586.38,4615110.32
009283,Dayton Early College Academy  Inc,Montgomery,site-based,321.642857,2463411.97,191655.46,265695.07,4766.95,0,2925529.45,0,128657.14,0,12865.71,314849.18,3381901.49
009953,Sullivant Avenue Community School,Franklin,site-based,310.31818,2569873.17,101070.23,212680.84,302009.66,0,3185633.9,155112.88,124127.27,0,12412.73,303763.7,3781050.48
009955,Madison Avenue School of Arts,Lucas,site-based,416.234177,3416799.53,253847.11,409641.69,0,0,4080288.33,316911.66,166493.67,0,16649.37,407442.56,4987785.59
009957,Klepinger Community School,Montgomery,site-based,490.094798,4023159.38,413755.19,691702.31,0,0,5128616.88,562952.78,196037.92,0,19603.79,479743.11,6386954.49
009971,Ashland County Community Academy,Ashland,site-based,61.659696,501907.35,65671.89,71314.44,0,28003.82,666897.51,0,24663.88,0,2466.39,60357.33,754385.1
009990,Horizon Science Academy Elementary School,Franklin,site-based,722.349641,5984337.27,526870.11,776864.08,452491.66,0,7740563.11,0,288939.86,0,28893.99,707092.32,8765489.27
009996,Mahoning Valley Community School,Mahoning,site-based,131.990829,1016244.17,258295.16,164869.83,11314.62,0,1450723.77,34766.68,52796.33,0,5279.63,129202.95,1672769.36
009997,KIPP Columbus,Franklin,site-based,2250.132894,18650215.32,3517052.92,1610080.63,128826.14,0,23906175.01,1778449.4,900053.16,0,90005.32,2202606.04,28877288.92
010036,Cesar Chavez College Preparatory School,Franklin,site-based,400.006175,3315017.65,100076.31,468503.14,438658.24,0,4322255.34,0,160002.47,0,16000.25,391557.32,4889815.38
010182,Performance Academy Eastland,Franklin,site-based,306.257714,2511965.85,489892.29,293842.64,152653.24,0,3448354.02,0,122503.09,0,12250.31,299789,3882896.41
010205,L. Hollingworth School for Talented and Gifted,Lucas,site-based,290.425153,2381030.48,276767.35,322756.52,24300.14,0,3004854.49,0,116170.06,0,11617.01,284290.85,3416932.4
011291,Village Preparatory School Cliffs,Cuyahoga,site-based,1072.262336,8765067.26,1549760.31,1301506.15,93838.65,0,11710172.38,0,428904.93,0,42890.49,1049614.23,13231582.03
011324,Hardin Community School,Hardin,site-based,41.04268,315044.87,57651.66,33966.81,0,0,406663.34,0,16417.07,0,1641.71,40175.78,464897.91
011381,Greater Summit County Early Learning Center,Summit,site-based,74.83041,625355.07,80284.31,15348.51,867.84,0,721855.74,0,29932.16,0,2993.22,73249.86,828030.97
011390,Bella Academy of Excellence,Cuyahoga,site-based,140.072389,1155526.52,134667.9,196037.92,0,0,1486232.34,0,56028.96,0,5602.9,137113.81,1684978
011439,Renaissance Academy dba Bessie Sherrod Price Preparatory Aca,Franklin,site-based,121.931516,1021744.02,24845.18,156366.12,0,34328.41,1237283.73,0,48772.61,0,4877.26,119356.1,1410289.7
011468,Columbus Bilingual Academy-North,Franklin,site-based,518.744961,4265056.14,325353.24,314399.07,429066.74,0,5333875.2,0,207497.98,0,20749.8,507788.13,6069911.11
011506,Dayton Regional STEM Schools,Montgomery,stem,1032.69598,8736222.89,628295.01,3671.46,1735.68,1231080.53,10601005.59,0,0,0,41307.84,1010883.58,11653197.01
011511,Lakeland Academy Community School,Harrison,site-based,64.851588,529981.41,46527.18,41167.56,0,0,617676.15,0,25940.64,0,2594.06,63481.81,709692.66
011533,Horizon Science Academy Lorain,Lorain,site-based,897.078658,7504230.1,812581.13,650647.91,133387.94,939374.91,10040221.99,0,358831.46,0,35883.15,878130.74,11313067.34
011534,Horizon Science Academy Dayton High School,Montgomery,site-based,309.067481,2428982.39,278157.02,291688.05,867.84,103721,3103416.3,74882.08,123626.99,0,12362.7,302539.42,3616827.49
011923,Northeast Ohio College Preparatory School,Cuyahoga,site-based,307.614559,2448679.09,347712.17,457089.62,7848.9,0,3261329.78,0,123045.82,0,12304.58,301117.19,3697797.37
011947,Imagine Akron Academy,Summit,site-based,26.357843,236153.4,23969.43,32117.68,0,0,292240.52,0,10543.14,0,1054.31,25801.12,329639.09
011967,The Richland School of Academic Arts,Richland,site-based,348.909332,2856022.4,151631.45,334472.06,0,0,3342125.91,0,139563.73,0,13956.37,341539.74,3837185.75
011972,Graham Elementary and Middle School,Franklin,site-based,302.447028,2453915.31,1024535.26,287148.47,14249.8,0,3779848.84,0,120978.81,0,12097.88,296058.8,4208984.33
011976,Horizon Science Academy Dayton Downtown,Montgomery,site-based,179.948057,1463696.22,204450.35,227528.29,10833.6,0,1906508.46,90928.24,71979.22,0,7197.92,176147.23,2252761.07
011986,Horizon Science Academy Youngstown,Mahoning,site-based,491.054485,4088337.58,416458.33,430878.4,48535.54,127186.48,5111396.33,0,196421.79,0,19642.18,480682.53,5808142.83
012009,Zenith Academy East,Franklin,site-based,191.079505,1572919.73,60075.16,151711.49,35955.04,21413.09,1842074.52,225983.42,76431.8,0,7643.18,187043.56,2339176.48
012010,Cleveland College Preparatory School,Cuyahoga,site-based,211.261114,1727332.83,204572.43,131992.89,11697.32,0,2075595.46,0,84504.45,0,8450.44,206798.9,2375349.25
012011,Columbus Performance Academy,Franklin,site-based,148.325923,1210820.13,386331.7,163654.2,0,0,1760806.02,0,59330.37,0,5933.04,145193.01,1971262.44
012025,Constellation Schools: Stockyard Community Middle,Cuyahoga,site-based,39.344782,312284.14,22556.84,26168.64,6991.77,0,368001.39,0,15737.91,6356.94,1573.79,38513.75,430183.78
012030,Near West Intergenerational School,Cuyahoga,site-based,225.709969,1844764.16,277183.78,149898.27,3035.38,0,2274881.6,0,90283.99,0,9028.4,220942.57,2595136.55
012033,Foxfire Intermediate School,Muskingum,site-based,136.03593,1101633.3,547408.3,150062.59,0,0,1799104.19,0,54414.37,0,5441.44,133162.61,1992122.61
012036,Regent High School,Cuyahoga,site-based,247.27344,1932041.29,246600.53,324986.9,4609.19,1339261.1,3847499.01,0,98909.38,0,9890.94,242050.58,4198349.9
012037,Mason Run High School,Franklin,site-based,104.35772,800384.98,210164.82,155066.88,5303.06,416893.84,1587813.59,49475.66,41743.09,0,4174.31,102153.5,1785360.14
012038,Old Brook High School,Cuyahoga,site-based,423.890846,3333401.49,553853.13,521045.63,34700.55,2274528.26,6717529.06,0,169556.34,0,16955.63,414937.51,7318978.54
012040,Road to Success Academy,Franklin,site-based,47.777611,366214.12,63430.81,70993.55,0,0,500638.48,13371.8,19111.04,0,1911.1,46768.46,581800.89
012041,Central High School,Franklin,site-based,113.417106,869205.74,179246.31,85079.8,0,0,1133531.85,46801.3,45366.84,8666.37,4536.68,111021.53,1349924.58
012042,Southern Cleveland Drop Back Indba Innovative Career Academy,Cuyahoga,site-based,79.693248,626960.77,121961.7,69039.55,0,19237.74,837199.76,0,31877.3,0,3187.73,78009.98,950274.77
012043,West Cleveland Drop Back In dba Frederick Douglass High Scho,Cuyahoga,site-based,502.785123,3885891.21,760450.84,625426.76,109751.9,2817133.68,8198654.39,0,201114.05,0,20111.4,492165.4,8912045.24
012044,Capital High School,Franklin,site-based,60.32931,461531.08,136523.69,89644.33,0,57283.74,744982.84,38778.22,24131.72,0,2413.17,59055.05,869361.01
012045,Patriot Preparatory Academy,Franklin,site-based,744.557246,6165929.06,739674.17,563730.52,142425.41,0,7611759.16,72207.72,297822.9,0,29782.29,728830.86,8740402.92
012060,Akros Middle School,Summit,site-based,142.345041,1131703.56,262982.32,120180.17,1488.17,0,1516354.21,0,56938.02,0,5693.8,139338.46,1718324.49
012105,Southside Academy,Mahoning,site-based,185.493771,1553149.21,189486.5,224991.71,253.76,62432.85,2030314.02,0,74197.51,0,7419.75,181575.81,2293507.09
012391,Metro Early College High School,Franklin,stem,1086.615131,8631424.02,281360.65,107598.5,158261.77,298585.22,9477230.16,0,0,0,43464.61,1063663.86,10584358.63
012501,Beacon Hill Community School AKA Beacon Hill Academy,Wayne,site-based,189.03557,1545394.99,44041.96,5032.96,130099.9,10483.32,1735053.13,0,75614.23,0,7561.42,185042.8,2003271.58
012528,The Academy for Urban Scholars,Franklin,site-based,399.389302,3150691.88,504620.32,443169.47,0,1561341.47,5659823.15,0,159755.72,0,15975.57,390953.48,6226507.92
012529,Focus North High School,Franklin,site-based,257.621272,2223496.93,288920.58,258210.31,31836.33,1092883.17,3895347.33,119009.02,103048.51,0,10304.85,252179.85,4379889.56
012541,University of Cleveland Preparatory School,Cuyahoga,site-based,175.920885,1445234.45,110562.11,138233.27,1299.7,0,1695329.53,0,70368.35,0,7036.84,172205.12,1944939.84
012558,Global Village Academy,Cuyahoga,site-based,221.818389,1817908.39,0,177874.79,219296.8,0,2215079.98,0,88727.36,0,8872.74,217133.19,2529813.26
012644,STEAM Academy of Warren,Trumbull,site-based,455.129909,3753140.15,345283.67,331779.23,7798.21,0,4438001.26,0,182051.96,0,18205.2,445516.75,5083775.17
012671,Constellation Schools: Eastside Arts Academy,Cuyahoga,site-based,137.764173,1127112.9,84388.02,174436.64,2266.87,0,1388204.43,0,55105.67,0,5510.57,134854.35,1583675.01
012684,Broadway Academy,Cuyahoga,site-based,523.096647,4334759.69,508137,450117.21,0,46282.69,5339296.59,0,209238.66,0,20923.87,512047.9,6081507.02
012867,Townsend Community School,Erie,site-based,346.021558,3172295.78,526080.56,424986.2,5608.75,708363.42,4837334.71,0,138408.62,0,13840.86,338712.96,5328297.15
012924,DECA PREP,Montgomery,site-based,928.635006,7592667.28,572604.77,936316.76,20753.93,0,9122342.74,632486.14,371454,0,37145.4,909020.56,11072448.85
013034,Village Preparatory School Woodland Hills,Cuyahoga,site-based,687.212776,5622289.07,930253.26,673685.84,10791.64,0,7237019.81,0,274885.11,0,27488.51,672697.61,8212091.03
013132,Lake Erie College Preparatory School,Cuyahoga,site-based,277.048241,2272121.24,254804.85,314341.91,867.84,0,2842135.84,0,110819.3,0,11081.93,271196.48,3235233.55
013147,STEAM Academy of Warrensville Heights,Cuyahoga,site-based,382.161139,3154696.68,285147.59,310848.64,0,0,3750692.91,0,152864.46,0,15286.45,374089.21,4292933.01
013148,Stepstone Academy,Cuyahoga,site-based,194.095239,1586996.28,75484.84,233293.78,0,0,1895774.9,0,77638.1,0,7763.81,189995.6,2171172.4
013170,The Brilliance School,Cuyahoga,site-based,154.190537,1264962.16,25846.31,229114.3,0,0,1519922.77,0,61676.21,0,6167.62,150933.76,1738700.36
013175,SunBridge Schools,Lucas,site-based,271.994924,2231524.67,453137.31,304946.61,0,0,2989608.59,46801.3,108797.97,0,10879.8,266249.9,3422337.56
013195,Ann Jerkins-Harris Academy of Excellence,Lucas,site-based,133.036858,1086629.46,150691.81,131266.77,1292.15,0,1369880.19,0,53214.74,0,5321.47,130226.88,1558643.28
013199,Cleveland Preparatory Academy,Cuyahoga,site-based,135.853944,1119704.65,243031.31,104537.71,7354.78,0,1474628.45,0,54341.58,0,5434.16,132984.46,1667388.65
013232,A+ Children's Academy,Franklin,site-based,81.261815,674520.1,57178.84,120748.29,0,0,852447.23,0,32504.73,0,3250.47,79545.42,967747.85
013249,Academy for Urban Scholars Youngstown,Mahoning,site-based,437.137663,3576032.58,546498.55,355866.17,0,1957223.52,6435620.81,0,174855.07,0,17485.51,427904.53,7055865.91
013253,Ohio College Preparatory School,Cuyahoga,site-based,210.0168,1722164.34,143419.95,132362.31,0,0,1997946.61,0,84006.72,0,8400.67,205580.87,2295934.87
013254,Akron Preparatory School,Summit,site-based,383.142014,3125545.58,462917.93,380198.45,2886.63,0,3971548.59,0,153256.81,0,15325.68,375049.37,4515180.44
013255,Canton College Preparatory School,Stark,site-based,410.801234,3377876.13,396340.46,454957.59,5202.93,0,4234377.11,0,164320.49,0,16432.05,402124.37,4817254.02
013864,Cincinnati Technology Academy,Hamilton,site-based,168.946107,1421775.34,191762.16,113803.82,58927.7,73190.08,1859459.1,0,67578.44,0,6757.84,165377.66,2099173.05
013930,Global Impact STEM Academy,Clark,stem,902.612085,7055755.24,616949.57,37045.65,0,0,7709750.45,0,0,220668.58,36104.48,883547.29,8850070.81
013962,Liberty Preparatory School,Wayne,site-based,54.500739,512575.9,154765.2,24050.57,0,123473.52,814865.2,0,21800.3,0,2180.03,53349.59,892195.11
013994,Albert Einstein Academy for Letters  Arts and Sciences-Ohio,Cuyahoga,site-based,251.663813,2015458.89,1049535.98,9467.25,0,0,3074462.13,0,100665.53,0,10066.55,246348.22,3431542.43
013999,Rise & Shine Academy,Lucas,site-based,104.207211,854945.75,52931.74,84222.3,0,0,992099.79,0,41682.88,0,4168.29,102006.17,1139957.13
014065,Lincoln Park Academy,Cuyahoga,site-based,243.05375,1987665.77,355785.51,227747.46,31755.02,0,2602953.75,0,97221.5,0,9722.15,237920.02,2947817.42
014066,Main Preparatory Academy,Summit,site-based,101.383718,822832.35,79395.84,118882.6,1299.7,0,1022410.49,0,40553.49,0,4055.35,99242.31,1166261.63
014067,Ohio Construction Academy,Franklin,site-based,137.924215,1162068.06,206639.88,101792.79,0,709690.78,2180191.5,73544.9,55169.69,0,5516.97,135011.01,2449434.06
014090,Eastland Preparatory Academy,Franklin,site-based,231.954549,1922800.98,223801.14,228099.92,2599.4,2870.28,2380171.73,0,92781.82,0,9278.18,227055.25,2709286.98
014091,Hope Learning Academy of Toledo,Lucas,site-based,56.2,457475.87,596641.36,18170.1,0,0,1072287.33,0,22480,0,2248,55012.95,1152028.28
014121,Imagine Leadership Academy,Summit,site-based,147.036846,1196651.03,160948.37,181179.53,867.84,0,1539646.77,0,58814.74,0,5881.47,143931.16,1748274.15
014139,Imagine Columbus Primary Academy,Franklin,site-based,250.024239,2057327.4,249375.17,288811.46,264921.03,0,2860435.07,215285.98,100009.7,0,10000.97,244743.28,3430474.99
014147,East Preparatory Academy,Cuyahoga,site-based,192.267015,1568063.78,146046.05,264771.6,153.73,0,1979035.17,0,76906.81,0,7690.68,188205.99,2251838.64
014149,Dayton SMART Elementary School,Montgomery,site-based,103.929818,857946.12,104653.39,89078.85,52693.75,0,1104372.11,106974.4,41571.93,0,4157.19,101734.63,1358810.27
014187,East Academy,Cuyahoga,site-based,232.587126,1909195.18,146133.85,215593.58,0,5594.7,2276517.31,0,93034.85,0,9303.49,227674.47,2606530.11
014188,Discovery Academy,Lucas,site-based,322.815275,2668939.83,1632363.41,322359.71,0,0,4623662.95,239355.22,129126.11,0,12912.61,315996.84,5321053.73
014189,West Park Bilingual Academy,Cuyahoga,site-based,235.478741,1934654.32,384577.35,198319.75,58754.21,0,2576305.63,0,94191.5,0,9419.15,230505.01,2910421.29
014231,Bio-Med Science Academy STEM School,Portage,stem,890.593853,7290667.83,1101176.02,28747.24,4333.44,800130.96,9225055.49,0,0,0,35623.75,871782.91,10132462.15
014467,United Schools Columbus,Franklin,site-based,908.536538,7399200.25,1314450.67,843449.4,91764.94,0,9648865.27,723414.38,363414.62,0,36341.46,889346.61,11661382.34
014830,Utica Shale Academy of Ohio,Columbiana,site-based,136.144076,1104947.06,321095.03,183078.18,0,763557.16,2372677.44,17383.34,54457.63,0,5445.76,133268.47,2583232.64
014904,T2 Honors Academy,Cuyahoga,site-based,129.261166,994279.75,179386.18,125359.87,0,0,1299025.79,77556.44,51704.47,0,5170.45,126530.94,1559988.08
014927,Steel Academy,Summit,site-based,88.00405,740464,366965.62,106713.65,0,211641.21,1425784.48,37441.04,35201.62,0,3520.16,86145.25,1588092.55
014943,Valley STEM+ME2 Academy,Mahoning,stem,223.892656,1775718.06,537901.73,114546.48,0,193133.75,2621300.03,0,0,0,8955.71,219163.64,2849419.37
015234,Zenith Academy West,Franklin,site-based,255.472387,2111052.03,82593.33,132946.23,61430.47,85532.68,2473554.74,239355.22,102188.95,0,10218.9,250076.35,3075394.16
015237,Flex High School,Franklin,site-based,401.379046,3075767.07,676561.74,393949.67,32856.62,0,4179135.1,0,160551.62,0,16055.16,392901.2,4748643.08
015261,Citizens Academy Southeast,Cuyahoga,site-based,970.292089,7920595.38,1119202.79,1325408.91,9679.33,0,10374886.42,0,388116.84,0,38811.68,949797.77,11751612.71
015329,iSTEM,Lake,stem,147.686196,1149668.11,19493.5,4937.23,0,0,1174098.84,0,0,0,5907.45,144566.8,1324573.09
015344,Tri-State STEM+M School,Lawrence,stem,97.598264,784533.45,197159.81,9459.8,0,120622.15,1111775.21,0,0,0,3903.93,95536.81,1211215.95
015709,Beacon Academy,Stark,site-based,197.755956,1660275.83,177535.86,257251.97,0,81586.45,2176650.11,0,79102.38,0,7910.24,193578.99,2457241.73
015710,Bridge Gate Community School,Franklin,site-based,191.425543,1610467.15,64275.88,284442.42,120129.08,72219.99,2151534.52,0,76570.22,0,7657.02,187382.29,2423144.05
015712,Euclid Preparatory School,Cuyahoga,site-based,345.578453,2841869.24,306184.07,423224.73,0,17270,3588548.04,0,138231.38,0,13823.14,338279.21,4078881.77
015713,East Branch Preparatory AcademydbaWright Preparatory Academy,Stark,site-based,244.847066,2029097.66,227523.88,179157.73,0,0,2435779.27,0,97938.83,0,9793.88,239675.46,2783187.43
015714,Five Rivers Career Prep High School,Montgomery,site-based,46.035061,353469.81,88253.45,68404.27,0,0,510127.53,0,18414.02,0,1841.4,45062.72,575445.68
015737,Global Ambassadors Language Academy,Cuyahoga,site-based,289.611144,2395992.73,112386.65,68731.08,94357.83,0,2671468.3,0,115844.46,0,11584.45,283494.04,3082391.24
015741,Westwood Preparatory Academy,Franklin,site-based,318.460694,2491059.25,2206601.37,256396.48,36.72,0,4954093.81,0,127384.28,1295355.34,12738.43,311734.23,6701306.08
016812,SMART Academy,Cuyahoga,site-based,90.958579,760234.72,97935.9,108043.53,0,0,966214.14,0,36383.43,0,3638.34,89037.37,1095273.29
016829,South Columbus Preparatory Academy at German Village,Franklin,site-based,293.081669,2410615.59,240396.35,252091.35,0,0,2903103.28,0,117232.67,0,11723.27,286891.26,3318950.48
016836,Kids Care Elementary,Franklin,site-based,155.860658,1280412.88,53518.42,149388.71,93252.71,0,1576572.72,0,62344.26,0,6234.43,152568.6,1797720.01
016837,Orchard Park Academy,Cuyahoga,site-based,377.455888,3107404.08,252840.12,411644.73,68205.36,0,3840094.29,0,150982.36,0,15098.24,369483.34,4375658.22
016849,Liberty High School,Montgomery,site-based,350.4963,2750242.72,310748.62,392412.62,9306.12,1884909.75,5347619.83,0,140198.52,0,14019.85,343093.19,5844931.39
016850,Cincinnati Achievement Academy,Hamilton,site-based,163.442541,1372781,58067.09,138566.09,13358.32,67028.08,1649800.58,0,65377.02,0,6537.7,159990.34,1881705.64
017212,Empowered by the Arts Academy,Hamilton,site-based,53.601177,434968.19,22916,79646.89,0,0,537531.08,0,21440.47,0,2144.05,52469.02,613584.62
017233,Great River Connections Academy,Franklin,e-school,2010.931958,15852652.93,2406491.16,0,33137.46,12899.2,18305180.75,0,0,0,80437.28,49211.44,18434829.46
017259,Montgomery Preparatory Academy,Montgomery,site-based,235.913298,1948899.33,93779.75,210991.16,14296.72,0,2267966.97,0,94365.32,0,9436.53,230930.38,2602699.2
017270,Lorain Bilingual Preparatory Academy,Lorain,site-based,244.674415,2011800.19,137110.11,263683.21,91273.83,0,2503867.34,0,97869.77,0,9786.98,239506.45,2851030.54
017274,Mount Auburn Preparatory Academy,Hamilton,site-based,366.702793,2935536.09,279849.47,400067.89,0,0,3615453.45,0,146681.12,0,14668.11,358957.37,4135760.05
017275,AchievePoint Career Academy - Cincinnati,Hamilton,site-based,389.491906,2984651.98,781796.49,193199.03,4141.01,0,3963788.51,0,155796.76,0,15579.68,381265.14,4516430.08
017490,ReGeneration Bond Hill,Hamilton,site-based,251.669728,2105145.46,78991.83,226992.6,0,0,2411129.89,283482.16,100667.89,0,10066.79,246354.01,3051700.74
017497,Cypress High School,Richland,site-based,229.769056,1840716.47,489899.41,220457.08,0,1078558.67,3629631.64,0,91907.62,0,9190.76,224915.92,3955645.94
017498,Northwest Ohio Classical Academy,Lucas,site-based,580.626502,4845379.3,161657.11,12746.5,246.49,0,5020029.4,0,232250.6,0,23225.06,568362.63,5843867.68
017535,Huber Heights Preparatory Academy dba Parma Academy,Cuyahoga,site-based,159.757399,1366286.36,125115.57,134247.25,12999.49,0,1638648.67,0,63902.96,0,6390.3,156383.04,1865324.96
017536,Kenmore Preparatory Academy dba Toledo Preparatory Academy,Lucas,site-based,357.668878,2926784.68,299530.62,466170.52,1299.7,0,3693785.53,290168.06,143067.55,0,14306.76,350114.27,4491442.16
017537,Capital Collegiate Preparatory Academy,Franklin,site-based,94.086206,767804.23,54438.84,139804.27,0,0,962047.34,0,37634.48,0,3763.45,92098.94,1095544.2
017538,North Columbus Preparatory Academy,Franklin,site-based,123.638885,1010769.85,116653.32,159908.53,7812.68,0,1295144.38,0,49455.55,0,4945.56,121027.41,1470572.9
017585,Academy of Arts and Technology,Marion,site-based,110.582311,912771.44,202984,164316.11,0,6451.24,1286522.79,0,44232.92,0,4423.29,108246.61,1443425.62
017643,Ohio Digital Learning School,Lucas,e-school,724.456391,5552949.17,1275153.69,0,14066.4,0,6842169.25,0,0,0,28978.26,17728.86,6888876.37
019152,Buckeye Community School,Richland,site-based,681.199586,6125169.01,1403166.87,397030.06,2599.4,2403803.29,10331768.63,0,272479.83,0,27247.98,666811.42,11298307.87
019197,Flex High School Cleveland,Cuyahoga,site-based,134.968393,1034125.67,212115.3,99868.94,0,0,1346109.91,0,53987.36,46170.74,5398.74,132117.62,1583784.36
019199,Sagewood Preparatory Academy,Franklin,site-based,60.725272,502196.44,99432.72,90232.7,6569.42,0,698431.28,0,24290.11,0,2429.01,59442.64,784593.05
019200,South Columbus Preparatory Academy at Southfield,Franklin,site-based,236.724137,1950643.19,179570.39,241336.03,17772.21,0,2389321.82,0,94689.65,0,9468.97,231724.1,2725204.54
019201,Franklinton Prep High School,Franklin,site-based,185.733003,1423195.72,289709.24,275983.78,49400.28,1024961.46,3063250.48,0,74293.2,0,7429.32,181809.99,3326782.99
019220,North Shore High School,Cuyahoga,site-based,447.643219,4133095,566976.51,409590.05,3899.11,947102.61,6060663.28,0,179057.29,0,17905.73,438188.19,6695814.48
019221,Case Preparatory Academy,Summit,site-based,305.511622,2526173.2,222815.4,351476.65,3467.25,0,3103932.49,0,122204.65,0,12220.46,299058.67,3537416.27
019226,Franklinton High School,Franklin,site-based,169.574169,1299003.7,359591.09,138898.63,867.84,0,1798361.25,0,67829.67,0,6782.97,165992.46,2038966.35
019227,Dublin Preparatory Academy dba Northside Preparatory Academy,Hamilton,site-based,264.906972,2185068.1,134226.95,281676.59,5198.81,0,2606170.46,0,105962.79,0,10596.28,259311.66,2982041.18
019235,Focus Learning Academy of Central Columbus,Franklin,site-based,155.30097,1353264.19,0,144499.36,171252.08,0,1669015.63,183193.66,62120.39,0,6212.04,152020.73,2072562.45
019426,Dayton Career Tech High School dba Riverscape Career Tech,Montgomery,site-based,100.173074,947577.88,77032.14,148848.85,0,269188.57,1442647.44,37441.04,40069.23,0,4006.92,98057.24,1622221.87
019427,Akron Career Tech High School,Summit,site-based,82.175781,757244.63,156355.08,115212.92,0,265208.47,1294021.1,81567.98,32870.31,0,3287.03,80440.08,1492186.51
019441,Buckeye Community School - London,Madison,site-based,377.381172,3331382.5,652578.75,191352.68,0,1477033.75,5652347.68,0,150952.47,0,15095.25,369410.2,6187805.6
019442,Buckeye Community School - Marion,Marion,site-based,947.52654,8550789.64,1708749.13,532676.53,6066.65,3263616.53,14061898.47,0,379010.62,0,37901.06,927513.07,15406323.22
019450,Youngstown Preparatory Academy,Mahoning,site-based,141.22853,1171215.18,164107.89,129665.96,1299.7,0,1466288.73,0,56491.41,0,5649.14,138245.53,1666674.82
019474,Explorers Academy of Science and Technology,Lucas,site-based,381.229302,3107312.25,300379.19,299868.54,0,0,3707559.98,398479.64,152491.72,0,15249.17,373177.05,4646957.57
019478,Niles Preparatory Academy,Trumbull,site-based,156.093567,1309713.08,107744.96,148836.02,0,0,1566294.06,0,62437.43,0,6243.74,152796.59,1787771.82
019511,Western Toledo Preparatory Academy,Lucas,site-based,422.216608,3473304.52,457374.83,218666.97,0,0,4149346.32,256738.56,168886.64,0,16888.66,413298.63,5005158.82
019530,Cincinnati Classical Academy,Hamilton,site-based,949.512306,7722870.13,414767.72,2649.78,13877.22,0,8154164.84,0,379804.92,0,37980.49,929456.9,9501407.16
019602,Community STE(A)M Academy - Xenia,Greene,stem,203.827135,1626612.11,301262.41,12843.6,0,83608.45,2024326.58,0,0,0,8153.09,199521.94,2232001.6
020007,IDEA Greater Cincinnati  Inc,Hamilton,site-based,1056.026365,8569841.35,873916.64,849699.55,398415.25,0,10691872.79,803645.18,422410.55,0,42241.05,1033721.19,12993890.76
020046,Unity Academy,Franklin,site-based,134.417183,1030305.04,68969.3,65865.58,70102.46,0,1235242.38,0,53766.87,0,5376.69,131578.05,1425963.99
020076,Solon Academy,Cuyahoga,site-based,95.815594,826721.21,9457.85,21090.3,0,0,857269.36,0,38326.24,0,3832.62,93791.8,993220.02
020077,Westlake Academy,Cuyahoga,site-based,57.029068,503531.3,0,13106.35,1299.7,0,517937.35,0,22811.63,0,2281.16,55824.51,598854.65
020078,Gateway Online Academy of Ohio,Cuyahoga,e-school,1422.409163,11207795.85,2369336.76,0,33448.08,399039.88,14009620.56,0,0,0,56896.37,34809.13,14101326.06
020091,Legacy Academy of Excellence,Franklin,site-based,211.058023,1716816.36,145413.58,251635.78,228.02,0,2114093.74,0,84423.21,0,8442.32,206600.1,2413559.37
020092,Sheffield Academy,Lorain,site-based,190.023255,1584117.21,92376.17,184399.89,0,0,1860893.27,0,76009.3,0,7600.93,186009.62,2130513.13
020186,Lorain Preparatory High School,Lorain,site-based,106.69035,849530.84,267460.46,98557.32,15649.94,42853.1,1274051.66,0,42676.14,0,4267.61,104436.86,1425432.27
020187,Cleveland Sports Academy,Cuyahoga,site-based,54.889183,430450.24,117766.93,29858.17,0,0,578075.33,0,21955.67,0,2195.57,53729.82,655956.4
020188,Hinckley Preparatory Academy,Medina,site-based,44.033899,371322.55,61549.56,9326.56,2167.54,0,444366.22,0,17613.56,0,1761.36,43103.82,506844.95
020189,Strongsville Academy,Cuyahoga,site-based,64.195266,557134.41,3859.29,6417.27,1299.7,0,568710.68,0,25678.11,0,2567.81,62839.35,659795.94
020293,Engage High School,Montgomery,site-based,69.771095,659472.1,58433.99,17475.98,0,183301.23,918683.3,50812.84,27908.44,0,2790.84,68297.4,1068492.83
020726,ChallengeU Ohio Community School,Hamilton,e-school,412.599442,3162150.53,407486.36,0,8208.67,0,3577845.56,0,0,0,16503.98,10097.11,3604446.66
020728,Mosaic Classical Academy,Lucas,site-based,42.013474,359610.3,15825.16,14447.56,0,0,389883.02,0,16805.39,0,1680.54,41126.07,449495.02
020729,AkroTech High School,Summit,site-based,63.114065,483680.8,258877.18,66111.96,0,0,808669.94,0,25245.63,0,2524.56,61780.98,898221.11
020754,Buckeye Community School - Fremont,Sandusky,site-based,194.866985,1739880,266449.95,19241.31,193.1,713988.51,2739752.87,0,77946.79,0,7794.68,190751.04,3016245.38
020755,Pathfinder Career Academy of Ohio,Cuyahoga,e-school,602.814213,4760640.37,766036.24,0,11829.97,264533.29,5803039.87,0,0,0,24112.57,14752.04,5841904.48
020759,Fairfield Preparatory Academy,Butler,site-based,228.998762,1930559.54,231318.67,90468.44,16462.3,0,2268808.94,0,91599.5,0,9159.95,224161.9,2593730.3
020760,Franklin Learning Academy,Franklin,site-based,60.214773,525062.89,50618.44,33904.41,0,0,609585.74,0,24085.91,0,2408.59,58942.93,695023.17
020761,New Richmond Preparatory Academy,Clermont,site-based,99.97093,846597.39,85888.49,9454.4,0,0,941940.28,0,39988.37,0,3998.84,97859.36,1083786.85
020811,Southern Ohio Career Academy,Ross,site-based,68.388925,645973.23,53006.82,33783.77,0,178691.82,911455.63,0,27355.57,0,2735.56,66944.43,1008491.19
020817,ReGeneration Middle School,Hamilton,site-based,173.037136,1375551.5,95002.7,142192.39,0,0,1612746.59,0,69214.85,0,6921.49,169382.28,1858265.21
020825,Springfield Sports Academy,Clark,site-based,105.982455,884516.78,72268.72,116175.82,7366.35,0,1080327.67,0,42392.98,0,4239.3,103743.91,1230703.86
021440,Mater Academy Preparatory  Inc.,Franklin,site-based,92.1875,775184.82,40626.19,8707.8,34922,0,859440.82,0,36875,0,3687.5,90240.33,990243.65
021442,Legacy Academy of Excellence Mansfield,Richland,site-based,101.913779,844281.95,110320.69,94119.68,0,0,1048722.32,0,40765.51,0,4076.55,99761.18,1193325.56
021445,Steel City High School,Lorain,site-based,176.287518,1394350.61,219019.13,40169.83,27019.61,897450.13,2578009.32,0,70515.01,0,7051.5,172564.01,2828139.83
021446,ACE Community Academy,Geauga,site-based,42.571212,340906.71,93017.35,2297.96,0,49655.51,485877.53,0,17028.48,0,1702.85,41672.03,546280.9
021447,Heart of Ohio Classical Academy,Franklin,site-based,237.167139,1957049.88,155967.9,2738.54,4339.21,0,2120095.53,0,94866.86,0,9486.69,232157.74,2456606.82
021448,Columbus Noor Academy,Franklin,site-based,58.400354,485526.71,15183.75,25788.41,49094.91,0,575593.79,76219.26,23360.14,0,2336.01,57166.83,734676.03
021449,Northeast Ohio Classical Academy,Summit,site-based,112.423796,932731.88,65190.47,12488.97,0,0,1010411.31,0,44969.52,0,4496.95,110049.2,1169926.99
021450,Southeast Ohio Classical Academy,Hocking,site-based,174.938018,1438978.63,186894.27,300.61,0,0,1626173.51,0,69975.21,0,6997.52,171243.01,1874389.25
021456,Ginn-Thompson School for Girls,Cuyahoga,site-based,118.95332,944860.03,118603.58,10565.03,0,0,1074028.65,0,47581.33,0,4758.13,116440.81,1242808.92
021457,Lake Erie Bilingual Academy,Lake,site-based,76.305081,648998.46,21750.02,16377.95,22525.18,0,709651.61,0,30522.03,0,3052.2,74693.38,817919.23
021458,Huron Sports Academy,Erie,site-based,35.057803,296881.89,38550.83,7135.55,0,0,342568.27,0,14023.12,0,1402.31,34317.32,392311.02
021487,Columbus Bilingual West,Franklin,site-based,153.426261,1288941.74,108265.17,7848.39,61230.4,0,1466285.7,0,61370.5,0,6137.05,150185.62,1683978.88
021513,Buckeye Community School - Springfield,Clark,site-based,384.734091,3507980.38,794117.66,92686.51,7132.45,1216038.9,5617955.9,0,153893.64,0,15389.36,376607.81,6163846.72
021547,LINC Academy Columbus,Franklin,site-based,118.579584,1021286.79,263169.21,10730.18,0,0,1295186.18,82905.16,47431.83,0,4743.18,116074.97,1546341.33
022018,Jefferson Classical Academy of Ohio,Franklin,e-school,54.810568,445919.25,105381.58,0,763.15,0,552063.98,0,0,0,2192.42,1341.32,555597.73
022019,PREMIER HIGH SCHOOL ONLINE,Franklin,e-school,68.92602,527812.33,0,0,0,0,527812.33,0,0,0,2757.04,1686.75,532256.13
022021,ISCHOOL VIRTUAL ACADEMY,Franklin,e-school,39.678402,303572.86,0,0,0,0,303572.86,0,0,0,1587.14,971.01,306131
022050,Virtual Preparatory Academy of Ohio,Franklin,e-school,311.199158,2490235.78,394040.55,0,16002.49,0,2900278.82,0,0,0,12447.97,7615.65,2920342.44
022052,AchievePoint Virtual Academy,Hamilton,e-school,132.094561,1011676.36,134708.06,0,5814.85,0,1152199.27,0,0,0,5283.78,3232.61,1160715.66
022057,Cincinnati Career Prep High School,Hamilton,site-based,68.079776,521032.7,88078.07,50544.53,0,0,659655.3,0,27231.91,0,2723.19,66641.81,756252.21
022063,Columbus Bilingual Central,Franklin,site-based,39.116279,330199.04,25017.74,3999.49,867.84,0,360084.1,0,15646.51,0,1564.65,38290.07,415585.34
022064,Ohio Cyber Academy,Jefferson,e-school,31.119175,241351.04,53274.97,0,0,0,294626.01,0,0,0,1244.77,761.55,296632.32
022075,Buckeye Community School - Tiffin,Seneca,site-based,106.015171,816071.5,93091.25,32834.36,0,0,941997.11,0,42406.07,0,4240.61,103775.94,1092419.73
022079,Shoreway High School,Cuyahoga,site-based,166.297284,1523000.21,243737.94,44387.34,29875.34,0,1841000.82,0,66518.91,0,6651.89,162784.79,2076956.41
022080,Academy for Urban Scholars High School Toledo,Lucas,site-based,56.852183,436069.3,59521.49,25223.82,0,0,520814.61,0,22740.87,0,2274.09,55651.36,601480.94
022113,T-Squared Honors Academy--North,Cuyahoga,site-based,36.077818,276712.49,140370.78,22815.89,0,0,439899.16,41452.58,14431.13,0,1443.11,35315.79,532541.77
022114,Empowered Tech High School,Franklin,site-based,42.137844,322661.73,27052.41,13801.78,6484.52,0,370000.44,36103.86,16855.14,0,1685.51,41247.82,465892.76
132746,Summit Acdy Comm Schl for Alternative Learners of Middletown,Butler,site-based,99.446045,817298.48,722201.52,100345.92,0,0,1639845.92,0,39778.42,0,3977.84,97345.57,1780947.74
132761,Summit Academy Community School Alternative Learners -Xenia,Greene,site-based,133.855167,1066199.21,1281545.19,159204.77,0,0,2506949.17,0,53542.07,0,5354.21,131027.9,2696873.35
132779,Summit Academy Akron Middle School,Summit,site-based,64.171234,510836.65,505779.55,75275.76,0,0,1091891.96,0,25668.49,0,2566.85,62815.82,1182943.12
132795,Cliff Park High School,Clark,site-based,320.232447,2488168.34,372821.73,419133.37,1299.7,1875214.42,5156637.57,0,128092.98,0,12809.3,313468.56,5611008.4
132803,Marshall High School,Butler,site-based,620.327103,4872221.26,799285.44,813605.34,39627.01,3275595.72,9800334.77,0,248130.84,0,24813.08,607224.68,10680503.37
132944,Miami Valley Academies,Montgomery,site-based,116.333785,976366.34,111955.49,135958.79,0,32228.76,1256509.38,0,46533.51,0,4653.35,113876.61,1421572.85
132951,Constellation Schools: Lorain Community Elementary,Lorain,site-based,77.118068,647799.52,78777.39,112802.95,3899.11,0,843278.96,0,30847.23,0,3084.72,75489.2,952700.11
132969,Constellation Schools: Elyria Community,Lorain,site-based,373.578863,3067813.85,305821.92,387665.9,2599.4,0,3763901.08,0,149431.55,0,14943.15,365688.2,4293963.98
132985,YB Columbus Community School,Franklin,site-based,261.380498,2002106.06,339587.99,298135.59,37419.67,1667076.27,4344325.58,100288.5,104552.2,0,10455.22,255859.67,4815481.18
132993,Constellation Schools: Westpark Community Elementary,Cuyahoga,site-based,210.40329,1754931.13,300169.96,206566.15,8705.2,0,2270372.44,0,84161.32,0,8416.13,205959.19,2568909.08
133215,Intergenerational School  The,Cuyahoga,site-based,215.216392,1750469.49,290729.25,215658.9,6498.51,0,2263356.14,0,86086.56,0,8608.66,210670.63,2568721.99
133256,Constellation Schools: Parma Community,Cuyahoga,site-based,1106.418649,8905641.08,1232545.58,1179255.83,153039.1,0,11470481.59,0,442567.46,0,44256.75,1083049.1,13040354.89
133280,Washington Park Community School,Cuyahoga,site-based,202.806214,1653661.84,195795.13,151968.53,1299.7,0,2002725.2,0,81122.49,0,8112.25,198522.58,2290482.51
133306,Summit Academy Community School for Alternative Learn-Canton,Stark,site-based,155.920017,1271762.48,958015.85,147858.93,0,0,2377637.25,0,62368.01,0,6236.8,152626.71,2598868.77
133322,Summit Academy Community School Alternative Learners-Lorain,Lorain,site-based,87.537932,712346.09,589609.85,64182.05,2599.4,0,1368737.4,0,35015.17,0,3501.52,85688.97,1492943.06
133330,T.C.P. World Academy,Hamilton,site-based,317.907358,2611132.2,203776.56,160815.98,26036.82,0,3001761.56,0,127162.94,0,12716.29,311192.58,3452833.38
133348,Richard Allen Preparatory,Montgomery,site-based,327.680255,2723653.04,169750.32,481496.81,1734.03,0,3376634.2,0,131072.1,0,13107.21,320759.06,3841572.57
133421,Graham School  The,Franklin,site-based,132.036149,1011479.89,623608.49,117574.78,6456.31,0,1759119.48,0,52814.46,0,5281.45,129247.31,1946462.69
133439,Cornerstone Academy Community School,Franklin,site-based,1206.704246,9720721.7,1117669.5,893266.81,256745,0,11988403.01,0,482681.7,0,48268.17,1181216.48,13700569.36
133454,Alliance Community Schools  Inc. dba Dayton Leadership Acade,Montgomery,site-based,550.05427,4497213.29,349520.69,645106.42,867.84,0,5492708.24,0,220021.71,0,22002.17,538436.13,6273168.26
133488,River Gate High School,Trumbull,site-based,181.870833,1542930.43,130697.64,183920.32,0,199412.48,2056960.86,0,72748.33,0,7274.83,178029.39,2315013.42
133504,ReGeneration Schools Avondale Elementary,Hamilton,site-based,157.672688,1315024.33,75007.38,142494.59,5071.68,0,1537597.98,0,63069.08,0,6306.91,154342.36,1761316.31
133512,Cincinnati College Preparatory Academy,Hamilton,site-based,973.274403,8009535.9,458679.66,993888.16,34447.78,0,9496551.5,0,389309.76,0,38930.98,952717.1,10877509.33
133538,Edge Learning,Summit,site-based,239.492308,1989453.89,312603.53,301762.1,8666.88,0,2612486.4,0,95796.92,0,9579.69,234433.8,2952296.81
133561,Ohio Achievement Charter Schools  Inc. dba Millennium Commun,Franklin,site-based,478.218597,3908480.93,174808.27,533133.19,72097.49,0,4688519.88,0,191287.44,0,19128.74,468117.76,5367053.83
133587,Summit Academy Akron Elementary School,Summit,site-based,128.154846,1060375.8,992804.45,123400.28,0,0,2176580.54,0,51261.94,0,5126.19,125447.98,2358416.65
133629,Horizon Science Acad Cleveland,Cuyahoga,site-based,285.467199,2295521.05,332368.49,275597.95,1299.7,395862.94,3300650.13,0,114186.88,0,11418.69,279437.62,3705693.31
133660,Horizon Science Academy Columbus,Franklin,site-based,689.132815,5865441.95,377796.77,553116.36,267727.97,1748512.02,8812595.06,0,275653.13,0,27565.31,674577.09,9790390.59
133678,Riverside Community School  Inc. dba Riverside Academy,Hamilton,site-based,218.523254,1789125.36,227271.87,193049.22,7798.21,0,2217244.65,0,87409.3,0,8740.93,213907.65,2527302.54
133736,Richard Allen Academy,Butler,site-based,121.447365,1010282.23,84688.26,122735.61,65099.6,0,1282805.7,0,48578.95,0,4857.89,118882.18,1455124.72
133785,Banyan High School,Hamilton,site-based,126.733002,1026093.38,38515.06,57765.84,0,563823.5,1686197.78,0,50693.2,0,5069.32,124056.17,1866016.47
133835,Invictus High School,Cuyahoga,site-based,352.428843,3336912.78,540242.66,335078.09,0,848970.62,5061204.15,0,140971.54,0,14097.15,344984.91,5561257.75
133868,Towpath Trail High School,Summit,site-based,797.54882,6260056.03,1159039.92,813937.63,19768.74,4218238.11,12471040.42,0,319019.53,0,31901.95,780703.15,13602665.06
133942,Toledo School For The Arts,Lucas,site-based,779.880378,6196520.82,630653.48,80394.83,2167.54,399078.35,7308815.02,0,311952.15,0,31195.22,763407.9,8415370.28
134072,Youngstown Community School,Mahoning,site-based,322.618822,2656479.01,166501.22,459913.16,8234.19,0,3291127.58,0,129047.53,0,12904.75,315804.53,3748884.4
134098,Constellation Schools: Old Brooklyn Community Elementary,Cuyahoga,site-based,330.692133,2760333.41,212844.42,400370.62,4766.95,0,3378315.41,0,132276.85,0,13227.69,323707.32,3847527.26
134122,Autism Model School,Lucas,site-based,98.258427,803470.63,2962147.48,15368.98,0,120159.51,3901146.59,124357.74,39303.37,0,3930.34,96183.03,4164921.07
134197,Green Inspiration Academy,Cuyahoga,site-based,185.942601,1518275.27,177533.63,86711.85,0,0,1782520.75,0,74377.04,0,7437.7,182015.16,2046350.65
134213,Middlebury Academy,Summit,site-based,154.954763,1292116.06,150173.38,230249.88,10579.88,51092.1,1734211.3,0,61981.91,0,6198.19,151681.84,1954073.23
134247,City Day Community School,Montgomery,site-based,180.16627,1481146.93,190759.41,216313.15,0,44530.02,1932749.52,0,72066.51,0,7206.65,176360.83,2188383.51
142901,Stark High School,Stark,site-based,98.352619,898187.99,186607.76,106114.34,0,340348.39,1531258.48,84242.34,39341.05,0,3934.1,96275.23,1755051.21
142919,Black River Career Prep High School,Lorain,site-based,136.075773,1168634.38,199671.01,202197.27,6014.17,256049.64,1832566.46,0,54430.31,0,5443.03,133201.61,2025641.41
142927,Focus Learning Academy of Southwestern Columbus,Franklin,site-based,444.614912,3829874.45,528950.19,537133.63,1297.94,1766004.2,6663260.42,125694.92,177845.96,0,17784.6,435223.84,7419809.74
142935,Focus Learning Academy of Southeastern Columbus,Franklin,site-based,219.886459,1983494.85,324694.04,306747.68,6460.44,548618.43,3170015.43,72207.72,87954.58,0,8795.46,215242.06,3554215.25
142943,Focus Learning Academy of Northern Columbus,Franklin,site-based,744.195675,6036181.22,335458.08,785189.12,643839.78,0,7800668.2,879864.44,297678.27,0,29767.83,728476.92,9736455.66
142950,Ohio Virtual Academy,Lucas,e-school,14644.179278,116344754.45,23169245.48,0,175799,1059273.29,140749072.23,0,0,0,585767.17,358371.7,141693211.09
142968,Northstar School of Innovation & Leadership,Cuyahoga,site-based,156.666794,1284107.59,232824.94,226892.6,3899.11,0,1747724.24,0,62666.72,0,6266.67,153357.71,1970015.34
143172,International Acad Of Columbus,Franklin,site-based,302.286951,2476977.04,127639.54,333987.65,174825.84,0,3113430.08,0,120914.78,0,12091.48,295902.11,3542338.44
143198,Great Western Academy,Franklin,site-based,670.69058,5481167.46,397949.44,686283.93,315144.16,0,6880544.99,0,268276.23,0,26827.62,656524.39,7832173.23
143206,Trotwood Preparatory & Fitness Academy,Montgomery,site-based,256.981593,2096461.34,376487.62,381853.25,23818.46,0,2878620.67,0,102792.64,0,10279.26,251553.68,3243246.25
143214,Middletown Preparatory & Fitness Academy,Butler,site-based,343.822096,2819245.1,445525.13,335417.07,218881.89,0,3819069.19,0,137528.84,0,13752.88,336559.95,4306910.87
143297,The Autism Academy Of Learning,Lucas,site-based,55.259616,430712.82,1689768.73,13936.64,0,0,2134418.2,61510.28,22103.85,0,2210.38,54092.43,2274335.14
143305,TRECA Digital Academy,Marion,e-school,1838.036818,14289998.66,2853401.01,0,68675.61,15655.17,17227730.45,0,0,0,73521.47,44980.35,17346232.28
143313,Innovation Academy West,Cuyahoga,site-based,121.847951,1016546.26,171882.35,152049.48,9366.57,33471.24,1383315.91,0,48739.18,0,4873.92,119274.3,1556203.31
143396,Alternative Education Academy,Summit,e-school,5322.864635,43800410.17,10699963.96,0,117034.92,2487467.06,57104876.11,0,0,0,212914.59,130260.9,57448051.6
143479,Constellation Schools: Puritas Community Elementary,Cuyahoga,site-based,108.991029,907419.29,140378.37,130744.31,15875.81,0,1194417.79,0,43596.41,0,4359.64,106688.94,1349062.78
143487,Constellation Schools: Stockyard Community Elementary,Cuyahoga,site-based,126.75004,1039917.43,142504.45,141829.15,18077.15,0,1342328.17,0,50700.02,0,5070,124072.85,1522171.04
143529,North Dayton School of Discovery,Montgomery,site-based,522.884743,4279963.32,632352.05,697728.45,32580.8,0,5642624.62,0,209153.9,0,20915.39,511840.48,6384534.38
143602,Hamilton Cnty Math & Science,Hamilton,site-based,567.429573,4684471.19,49731.81,231188.35,867.84,0,4966259.18,0,226971.83,0,22697.18,555444.44,5771372.63
143610,Arts & College Preparatory Academy,Franklin,site-based,467.408137,3609569.25,819855.31,85377.92,16820.8,0,4531623.28,0,186963.25,0,18696.33,457535.64,5194818.49
143644,Sciotoville Community School,Scioto,site-based,359.661455,2975508.67,369755.29,416516.29,0,0,3761780.25,68196.18,143864.58,0,14386.46,352064.76,4340292.23
147231,Schnee Learning Center,Summit,site-based,62.435774,478449.41,115573.81,44500.77,0,0,638523.98,0,24974.31,0,2497.43,61117.02,727112.74
148981,Tomorrow Center,Morrow,site-based,86.502633,669963.5,329824.01,95513.48,0,78475.59,1173776.58,0,34601.05,0,3460.11,84675.54,1296513.28
148999,The Unlimited Classroom dba Valley Virtual Remote Learning A,Mahoning,e-school,90.027287,690235.33,107490.73,0,2171.46,0,799897.51,0,0,0,3601.09,2203.14,805701.75
149047,GOAL Digital Academy,Richland,e-school,818.900315,6539240.95,1995555.41,0,13138.1,642677.64,9190612.1,0,0,0,32756.01,20040.09,9243408.2
149088,Fairborn Digital Academy,Greene,e-school,201.984882,1548401.28,214188.92,0,0,0,1762590.2,0,0,0,8079.4,4942.96,1775612.56
149302,Skyway Career Prep High School,Lucas,site-based,275.884081,2113821.44,460696.92,409940.77,0,0,2984459.13,0,110353.63,0,11035.36,270056.91,3375905.04
149328,Foxfire High School,Muskingum,site-based,236.967661,1841734.6,836832.64,276808.52,0,51597.01,3006972.77,0,94787.06,0,9478.71,231962.48,3343201.02
151175,West Central Learning Academy II,Allen,site-based,54.718664,419059.98,46046.86,23896,0,0,489002.83,0,21887.47,0,2188.75,53562.91,566641.95
151183,Lake Erie International High School,Cuyahoga,site-based,90.823273,743062.86,53326.49,134955.82,192.81,489871.97,1421409.96,58835.92,36329.31,0,3632.93,88904.92,1609113.04
151209,Randall Park High School,Cuyahoga,site-based,122.712185,954552.66,192752.87,182340.09,0,678391.16,2008036.77,0,49084.87,0,4908.49,120120.28,2182150.42
022074,Buckeye Community School - Lima,,site-based,45.788464,351657.07,83170.43,23582.22,0,0,458409.72,0,18315.39,0,1831.54,44821.33,523377.97
