fiscal_year,irn,district,county,enrolled_adm,base_cost_enrolled_adm,enrolment_is_provisional,base_cost_per_pupil,aggregate_base_cost,property_valuation_annual,property_valuation_three_year_average,property_valuation_used,state_share_percentage,state_share_of_base_cost,core_foundation_funding,guarantee,formula_transition_supplement,base_funding_supplement,total_state_support
2022,050773,Apollo,Allen,914.730781,852.91,no,,7517827.05,2516045200,2465332030,2465332030,0.8360343,6285161.03,7491459.04,0,0,0,7491459.04
2022,050799,Southern Hills,Brown,588.234834,515.909273,no,,4941238.38,982873710,972310746.67,972310746.67,0.9016126,4455083.01,4732729.92,0,0,0,4732729.92
2022,050815,Ashtabula County Technical and Career Center,Ashtabula,669.406082,627.740591,no,,5664460.41,2021006160,1938100906.67,1938100906.67,0.8289245,4695409.96,5726543.07,0,0,0,5726543.07
2022,050856,Belmont-Harrison,Belmont,434.567611,455.37,no,,4615693.22,2825149940,2683369573.33,2683369573.33,0.7093211,3274008.43,4652027.56,0,11920.15,0,4663947.71
2022,050880,Butler Technology & Career Development Schools,Butler,3852.256647,3634.773632,no,,30608896.02,11410394160,10383810253.33,10383810253.33,0.8303792,25416990.89,32146550.13,0,0,0,32146550.13
2022,050906,Columbiana County,Columbiana,301.147419,313.4,no,,3516150.56,1556225900,1446799660,1446799660,0.7942637,2792750.73,3863741.67,0,191562.21,0,4055303.88
2022,050922,Cuyahoga Valley Career Center,Cuyahoga,349.467143,401.51,no,,4182765.49,6881044100,6631328456.67,6631328456.67,0.2073033,867101.26,1624660.05,39488.48,62950.68,0,1727099.21
2022,050948,Polaris,Cuyahoga,610.028741,595.27,no,,5637847.15,5304047010,5259729533.33,5259729533.33,0.5335339,3007982.38,3144634.17,0,0,0,3144634.17
2022,050963,Four County Career Center,Henry,953.134816,912.35,no,,7873213.55,4003644680,3850846796.67,3850846796.67,0.7554463,5947790.15,7780828.89,0,0,0,7780828.89
2022,050989,Delaware Area Career Center,Delaware,790.090759,684.240052,no,,6244755.97,7668127390,7013840240,7013840240,0.4384216,2737835.85,3792845.32,0,45620.92,0,3838466.24
2022,051003,Eastland-Fairfield Career & Technical Schools,Franklin,1441.223753,1407.256556,no,,11805903.15,10288861020,9385177496.67,9385177496.67,0.6025218,7113314.4,6303742.97,0,0,0,6303742.97
2022,051029,EHOVE Career Center,Erie,735.881902,780.57,no,,6956495.4,3895482180,3713014386.67,3713014386.67,0.7331261,5099988.21,6002078.53,0,0,0,6002078.53
2022,051045,Greene County Vocational School District,Greene,1070.624126,892.84,no,,7694547.35,4759538340,4414913490,4414913490,0.7131142,5487090.6,6342798.93,0,0,0,6342798.93
2022,051060,Great Oaks Career Campuses,Hamilton,4117.560175,3884.633656,no,,32834350.34,22630076580,21138950796.67,21138950796.67,0.678097,22264874.94,22034394.39,0,0,0,22034394.39
2022,051128,Jefferson County,Jefferson,300.253758,332.11,no,,3639148.19,1813574520,1706348550,1706348550,0.7655566,2785973.91,2963688.66,0,0,0,2963688.66
2022,051144,Knox County JVSD,Knox,511.478193,538.99,no,,5117761.4,1834649019,1659446769.33,1659446769.33,0.8378738,4288038.02,5376334.18,0,0,0,5376334.18
2022,051169,Auburn,Lake,344.251048,342.61,no,,3765789.72,4895711470,4719647303.33,4719647303.33,0.3733523,1405966.07,1929656.08,0,17385.83,0,1947041.91
2022,051185,Lawrence County,Lawrence,673.076007,625.487694,no,,5869517.09,1418221120,1405763000,1405763000,0.8802488,5166635.59,6377877.95,0,0,0,6377877.95
2022,051201,Career and Technology Educational Centers,Licking,865.975715,842.98,no,,7248225.45,5566438599,4994695345,4994695345,0.6554539,4750877.78,5469224.77,0,0,0,5469224.77
2022,051227,Lorain County JVS,Lorain,1169.148682,1176.990002,no,,10153537.62,7022195840,6835794790,6835794790,0.6633787,6735640.22,7466788.19,0,0,0,7466788.19
2022,051243,Mahoning Co Career & Tech Ctr,Mahoning,751.162403,742.179084,no,,6726589.21,4212009460,3938199683.33,3938199683.33,0.7072662,4757489.37,5029900.64,0,0,0,5029900.64
2022,051284,Miami Valley Career Tech,Montgomery,1978.124818,2049.54,no,,17342564.38,7832673350,7387424643.33,7387424643.33,0.7870146,13648852.06,16302891.19,0,0,0,16302891.19
2022,051300,Mid-East Career and Technology Centers,Muskingum,1023.405747,1053.11,no,,9012603.88,4774170263,4521174201.33,4521174201.33,0.7491749,6752016.78,8719111.55,0,0,0,8719111.55
2022,051334,Ohio Hi-Point Career Center,Logan,933.188801,925.03,no,,7976944.78,3740376890,3652127866.67,3652127866.67,0.7710823,6150880.85,7128430.17,0,0,0,7128430.17
2022,051359,Penta Career Center - District,Wood,2062.62628,1931.871001,no,,16518912.26,7269496900,6906714370,6906714370,0.7909452,13065555.07,17533668.87,0,0,0,17533668.87
2022,051375,Pike County Area,Pike,440.272577,406.41,no,,4121374.95,568448060,544669926.67,544669926.67,0.9339213,3849039.99,4887188.16,0,0,0,4887188.16
2022,051391,Maplewood Career Center District,Portage,658.604104,599.45,no,,5425970.09,2661239780,2609678816.67,2609678816.67,0.7595196,4121130.68,5121061.03,0,0,0,5121061.03
2022,051417,Pioneer Career & Technology,Richland,1262.906404,1274.8,no,,10898880.09,3117643030,2882058650,2882058650,0.8677819,9457850.76,12245492.54,0,0,0,12245492.54
2022,051433,Pickaway-Ross County JVSD,Ross,1017.118426,1038.65,no,,8914986.82,2558690300,2463985033.33,2463985033.33,0.8618066,7682994.3,10740227.27,0,0,0,10740227.27
2022,051458,Vanguard-Sentinel Career & Technology Centers,Sandusky,682.944015,711.28,no,,6571064.52,3733626260,3596926240,3596926240,0.7263057,4772601.4,8165972.97,76761.63,247653.62,0,8490388.22
2022,051474,Warren County Vocational School,Warren,1142.675888,1139.648153,no,,9772070.12,5362101110,5175399413.33,5175399413.33,0.7351943,7184370.41,7964633.16,0,0,0,7964633.16
2022,051490,Scioto County Joint Vocational School,Scioto,580.748625,593.658956,no,,5036204.82,1192837030,1161222423.33,1161222423.33,0.8847126,4455593.61,5617312.92,0,0,0,5617312.92
2022,051532,Springfield-Clark County,Clark,672.151623,697.13,no,,6296434.64,2616816950,2537897510,2537897510,0.7984655,5027485.88,6163761.87,0,0,0,6163761.87
2022,051607,Tri-County Career Center,Athens,512.775528,497.199065,no,,4880318.74,2545457930,2318254900,2318254900,0.7624894,3721191.29,4179880.74,0,0,0,4179880.74
2022,051631,Trumbull Career & Tech Ctr,Trumbull,869.768823,884.11,no,,7740976.11,3654136780,3454901090,3454901090,0.7768433,6013525.56,8072465.33,0,0,0,8072465.33
2022,051656,Buckeye,Tuscarawas,921.873731,923.21,no,,7860054.79,4056581530,3828795666.67,3828795666.67,0.7564396,5945656.96,7553091.94,0,8471.74,0,7561563.68
2022,051672,Vantage Career Center,Van Wert,532.372177,459.981401,no,,4600643.07,1789063870,1792614033.33,1789063870,0.8055637,3706111.13,4164345.01,0,0,0,4164345.01
2022,051698,Washington County Career Center District,Washington,477.999271,511.576633,no,,4853496.83,1661998050,1651894430,1651894430,0.8298243,4027549.61,4024700.66,0,0,0,4024700.66
2022,051714,Wayne County JVSD,Wayne,701.612068,695.58,no,,6192097.28,3291816860,2969038396.67,2969038396.67,0.7602558,4707578.08,6281080.19,0,0,0,6281080.19
2022,062026,Stark County Area,Stark,652.440212,623.96444,no,,5546714.73,1802149670,1723821003.33,1723821003.33,0.8446088,4684804.23,4776623.94,0,0,0,4776623.94
2022,062042,Ashland County-West Holmes Joint Vocational School,Ashland,449.781431,402.85,no,,4063374.44,1922090420,1752946596.67,1752946596.67,0.7842992,3186901.14,3223023.22,0,0,0,3223023.22
2022,062067,Gallia-Jackson-Vinton,Gallia,587.305758,653.92,no,,5938784.57,1923653320,1802970770,1802970770,0.8482037,5037299.18,7414016.63,0,132065.85,0,7546082.48
2022,062109,Medina County Joint Vocational School District,Medina,1095.793842,1080.431303,no,,9156237.56,5477811320,5126085280,5126085280,0.7200769,6593194.92,7570930.52,0,0,0,7570930.52
2022,062125,Upper Valley Career Center,Miami,1348.903215,1273.43,no,,10864520.85,2765719340,2652213353.33,2652213353.33,0.8779415,9538414.17,11504869.91,0,0,0,11504869.91
2022,062802,U S Grant,Clermont,412.987608,395.916298,no,,4034870.73,924315830,896589540,896589540,0.8888949,3586575.96,3335251.73,0,0,0,3335251.73
2022,063495,Portage Lakes,Summit,363.126015,362.035041,no,,3750889.02,2037537580,1839838726.67,1839838726.67,0.7547463,2830969.66,2960532.24,0,0,0,2960532.24
2022,063511,Tolles Career & Technical Center,Madison,831.47163,790.452315,no,,6976691.94,9243178520,8391196870,8391196870,0.3986264,2781093.5,2347971.57,0,0,0,2347971.57
2022,065227,Coshocton County,Coshocton,228.343109,238.470039,no,,2945603.05,765348210,766673916,765348210,0.8700863,2562928.94,2176750.02,0,0,0,2176750.02
2022,065268,Tri-Rivers,Marion,533.070302,499.61,no,,4837478.01,2151437250,2085796086.67,2085796086.67,0.7844129,3794579.97,5820635.41,0,217515.96,0,6038151.37
2023,050773,Apollo,Allen,1032.764157,914.730781,no,8702.9,7960807.28,2742167290,2572355290,2572355290,0.8384363,6674629.63,8278209.59,0,0,0,8278209.59
2023,050799,Southern Hills,Brown,582.902863,588.234834,no,9270.91,5453470.19,1098931840,1017459770,1017459770,0.9067145,4944740.3,5401666.11,0,0,0,5401666.11
2023,050815,Ashtabula County Technical and Career Center,Ashtabula,697.889343,669.406082,no,8995.26,6021480.27,2036640000,1983585620,1983585620,0.8352909,5029687.46,6252137.49,0,0,0,6252137.49
2023,050856,Belmont-Harrison,Belmont,462.941341,435.91,no,10260.95,4472848.78,2769173330,2778039986.67,2769173330,0.6904463,3088262.11,4735007.15,0,0,0,4735007.15
2023,050880,Butler Technology & Career Development Schools,Butler,3712.523538,3852.256647,no,8535.35,32880346.27,11552228010,10970818363.33,10970818363.33,0.8331706,27394937.09,34798362.18,0,0,0,34798362.18
2023,050906,Columbiana County,Columbiana,307.336724,305.45,no,11349.7,3466764.93,1589813270,1559413483.33,1559413483.33,0.775091,2687058.19,3862076.18,0,193227.7,0,4055303.88
2023,050922,Cuyahoga Valley Career Center,Cuyahoga,408.665393,376.57,no,10650.29,4010577.96,7337358960,6922623983.33,6922623983.33,0.1369543,549265.97,1436181.29,227967.24,62950.68,0,1727099.21
2023,050948,Polaris,Cuyahoga,672.370749,610.028741,no,9459.87,5770790.97,6048691810,5536704253.33,5536704253.33,0.520282,3002438.84,3624360.9,0,0,0,3624360.9
2023,050963,Four County Career Center,Henry,942.131656,953.134816,no,8607.28,8203895.1,4097155930,4023250106.67,4023250106.67,0.7547963,6192270.05,8193426.1,0,0,0,8193426.1
2023,050989,Delaware Area Career Center,Delaware,798.408636,790.090759,no,8885.81,7020593.54,7931762900,7470378796.67,7470378796.67,0.4679667,3285404.14,4224171.91,0,0,0,4224171.91
2023,051003,Eastland-Fairfield Career & Technical Schools,Franklin,1434.367359,1441.223753,no,8365.44,12056464.75,10514757200,10021687980,10021687980,0.5843853,7045620.76,7200686.24,0,0,0,7200686.24
2023,051029,EHOVE Career Center,Erie,793.332513,763.82,no,8950.7,6836723.54,4212125880,3967433503.33,3967433503.33,0.7098439,4853006.79,6323957.99,0,0,0,6323957.99
2023,051045,Greene County Vocational School District,Greene,1162.331925,1070.624126,no,8625.8,9234993.93,4873472040,4638798956.67,4638798956.67,0.7488467,6915594.45,7654580.65,0,0,0,7654580.65
2023,051060,Great Oaks Career Campuses,Hamilton,4161.566091,4117.560175,no,8441.27,34757450.94,23189159550,22116989766.67,22116989766.67,0.6818382,23698956.06,25441947.78,0,0,0,25441947.78
2023,051128,Jefferson County,Jefferson,348.739039,325.47,no,11038.75,3592781.35,1898001910,1799158920,1799158920,0.7496147,2693201.89,3305918.5,0,0,0,3305918.5
2023,051144,Knox County JVSD,Knox,559.354479,532.92,no,9502.89,5064282.7,1851500264,1760999206.67,1760999206.67,0.8261354,4183783.1,5556144.04,0,0,0,5556144.04
2023,051169,Auburn,Lake,390.168651,344.251048,no,10931.21,3763079.71,5293737090,4949745180,4949745180,0.3423279,1288207.12,1962110.6,0,0,0,1962110.6
2023,051185,Lawrence County,Lawrence,760.446287,673.076007,no,9253.17,6228087.61,1507517140,1468637503.33,1468637503.33,0.8820956,5493768.86,6976505.15,0,0,0,6976505.15
2023,051201,Career and Technology Educational Centers,Licking,945.645975,865.975715,no,8590.87,7439484.18,5664657616,5337950174,5337950174,0.6412419,4770509.09,5960896.08,0,0,0,5960896.08
2023,051227,Lorain County JVS,Lorain,1277.927227,1169.148682,no,8648.74,10111666.52,7950688080,7277288426.67,7277288426.67,0.6401539,6473022.31,7984516.31,0,0,0,7984516.31
2023,051243,Mahoning Co Career & Tech Ctr,Mahoning,734.060313,751.162403,no,8952.39,6724698.27,4258618810,4098005986.67,4098005986.67,0.6953019,4675695.28,5567005.29,0,0,0,5567005.29
2023,051284,Miami Valley Career Tech,Montgomery,2031.022969,2033.89,no,8463.38,17213589.29,7919787430,7664593866.67,7664593866.67,0.7773679,13381292.36,17229868.85,0,0,0,17229868.85
2023,051300,Mid-East Career and Technology Centers,Muskingum,1098.661029,1026.32,no,8574.67,8800352.66,4922794693,4771513878,4771513878,0.7289021,6414595.72,9018746.2,0,0,0,9018746.2
2023,051334,Ohio Hi-Point Career Center,Logan,1019.644678,933.188801,no,8635.3,8058369.39,3787994660,3754668890,3754668890,0.767033,6181034.94,7765587.63,0,0,0,7765587.63
2023,051359,Penta Career Center - District,Wood,2106.552494,2062.62628,no,8554.19,17644100.84,7659083780,7305027706.67,7305027706.67,0.7929895,13991586.99,18801807.12,0,0,0,18801807.12
2023,051375,Pike County Area,Pike,427.64099,440.272577,no,9881.38,4350498.58,585933990,563085190,563085190,0.935285,4068955.98,5720848.03,0,0,0,5720848.03
2023,051391,Maplewood Career Center District,Portage,639.677956,658.604104,no,8880.93,5849017.76,2995941890,2751506776.67,2751506776.67,0.764789,4473264.37,5584241.89,0,0,0,5584241.89
2023,051417,Pioneer Career & Technology,Richland,1314.893832,1266.7,no,8551.1,10831673.77,3065141420,3064956136.67,3064956136.67,0.8585188,9299195.7,12850952.34,0,0,0,12850952.34
2023,051433,Pickaway-Ross County JVSD,Ross,1103.499157,1017.118426,no,8575.96,8722769.96,2593188030,2545348973.33,2545348973.33,0.8540974,7450095.47,11039178.62,0,0,0,11039178.62
2023,051458,Vanguard-Sentinel Career & Technology Centers,Sandusky,882.536787,691.19,no,9288.4,6420045.81,3955887730,3797708576.67,3797708576.67,0.7042304,4521191.52,8232284.04,10450.56,247653.62,0,8490388.22
2023,051474,Warren County Vocational School,Warren,1153.656955,1144.91,no,8582.83,9826572.9,6314758940,5609657660,5609657660,0.7145669,7021744.07,8512929.87,0,0,0,8512929.87
2023,051490,Scioto County Joint Vocational School,Scioto,668.567591,590.42,no,8666.79,5117046.61,1218126450,1197480273.33,1197480273.33,0.8829911,4518306.47,6524025.28,0,0,0,6524025.28
2023,051532,Springfield-Clark County,Clark,701.532017,677.88,no,9073.13,6150492.45,2643671980,2617335906.67,2617335906.67,0.7872255,4841824.5,6424240.44,0,0,0,6424240.44
2023,051607,Tri-County Career Center,Athens,539.642372,512.775528,no,9712.57,4980368.61,2584518950,2505501726.67,2505501726.67,0.7484622,3727617.75,5241889.48,0,0,0,5241889.48
2023,051631,Trumbull Career & Tech Ctr,Trumbull,913.361684,869.768823,no,8791.66,7646711.68,3705438780,3574070283.33,3574070283.33,0.7663002,5859676.54,8374196.67,0,0,0,8374196.67
2023,051656,Buckeye,Tuscarawas,916.468342,921.873731,no,8552.07,7883930.65,4007795480,4021086830,4007795480,0.745825,5880032.91,7892929.57,0,0,0,7892929.57
2023,051672,Vantage Career Center,Van Wert,507.527824,532.372177,no,9639.8,5131959.24,1842476620,1807250033.33,1807250033.33,0.823922,4228334.22,4647541.64,0,0,0,4647541.64
2023,051698,Washington County Career Center District,Washington,522.556861,498.25,no,9554.3,4760428.64,1727953220,1693698416.67,1693698416.67,0.8221065,3913579.43,4427763.8,0,0,0,4427763.8
2023,051714,Wayne County JVSD,Wayne,722.175439,701.612068,no,8880.64,6230767.08,3323384690,3194547940,3194547940,0.7436473,4633493.11,6481492.73,0,0,0,6481492.73
2023,062026,Stark County Area,Stark,717.683598,652.440212,no,8848.34,5773013.43,2030323980,1869795850,1869795850,0.8380572,4838115.5,5426199.27,0,0,0,5426199.27
2023,062042,Ashland County-West Holmes Joint Vocational School,Ashland,478.920194,449.781431,no,9851.7,4431109.58,1950601230,1903937443.33,1903937443.33,0.7851625,3479140.86,3662777.62,0,0,0,3662777.62
2023,062067,Gallia-Jackson-Vinton,Gallia,680.973007,619.26,no,9062.52,5612055.78,1991109380,1906659966.67,1906659966.67,0.8301282,4658725.8,8104543.89,0,0,0,8104543.89
2023,062109,Medina County Joint Vocational School District,Medina,1146.250199,1095.793842,no,8157.69,8939143.85,5558179360,5457112796.67,5457112796.67,0.6947631,6210587.45,7683074.26,0,0,0,7683074.26
2023,062125,Upper Valley Career Center,Miami,1371.480169,1348.903215,no,8464.19,11417371.16,2804845020,2743521353.33,2743521353.33,0.8798532,10045610.48,12506010.26,0,0,0,12506010.26
2023,062802,U S Grant,Clermont,421.656871,412.987608,no,10004.59,4131770.05,921456140,908553503.33,908553503.33,0.8900528,3677493.3,3802020.46,0,0,0,3802020.46
2023,063495,Portage Lakes,Summit,339.676983,363.126015,no,10425.11,3785626.92,2040375130,1953537370,1953537370,0.7419797,2808858.23,3197796.8,0,0,0,3197796.8
2023,063511,Tolles Career & Technical Center,Madison,890.970728,831.47163,no,8710.19,7242271.93,9380902150,8899058630,8899058630,0.3856169,2792742.61,2807738.86,0,0,0,2807738.86
2023,065227,Coshocton County,Coshocton,236.528251,228.343109,no,12656.31,2889981.12,817874100,785620622.33,785620622.33,0.8640786,2497170.81,2473065.77,0,0,0,2473065.77
2023,065268,Tri-Rivers,Marion,549.034196,533.070302,no,9445.53,5035131.32,2192471680,2141882863.33,2141882863.33,0.7873062,3964189.89,5934483.77,0,103667.6,0,6038151.37
2024,050773,Apollo,Allen,1026.754951,1032.764157,no,9629.47,9944975.81,2796930800,2685047763.33,2685047763.33,0.8650048,8602451.93,10168104.73,0,0,0,10168104.73
2024,050799,Southern Hills,Brown,600.358655,582.902863,no,10426.28,6077509.84,1117951250,1066585600,1066585600,0.9122514,5544217.04,6510947.85,0,0,0,6510947.85
2024,050815,Ashtabula County Technical and Career Center,Ashtabula,706.267889,697.889343,no,9941.24,6937887.18,2070410980,2042685713.33,2042685713.33,0.8527876,5916544.32,7568505.61,0,0,0,7568505.61
2024,050856,Belmont-Harrison,Belmont,511.546028,462.941341,no,11199.93,5184908.3,2999307950,2864543740,2864543740,0.7237614,3752636.43,5389245.76,0,0,0,5389245.76
2024,050880,Butler Technology & Career Development Schools,Butler,3832.936087,3733.18,no,9481.88,35397551.74,11770553830,11577725333.33,11577725333.33,0.8364615,29608689.07,39335650.48,0,0,0,39335650.48
2024,050906,Columbiana County,Columbiana,309.236945,307.336724,no,12565.53,3861847.79,1816620030,1654219733.33,1654219733.33,0.7858254,3034737.92,4173213.93,0,0,0,4173213.93
2024,050922,Cuyahoga Valley Career Center,Cuyahoga,437.714719,408.665393,no,11577.15,4731179.68,7444095020,7220832693.33,7220832693.33,0.2368888,1120763.33,1778796.53,0,0,0,1778796.53
2024,050948,Polaris,Cuyahoga,703.124682,672.370749,no,10328.43,6944531.14,6091599770,5814779530,5814779530,0.5813411,4037141.37,4943301.59,0,0,0,4943301.59
2024,050963,Four County Career Center,Henry,995.063343,942.131656,no,9612.08,9055849.48,4120313540,4073704716.67,4073704716.67,0.7750788,7018997.12,9390669.59,0,0,0,9390669.59
2024,050989,Delaware Area Career Center,Delaware,844.095997,798.408636,no,9827.01,7845966.42,8271095870,7956995386.67,7956995386.67,0.4929245,3867468.73,5098550.49,0,0,0,5098550.49
2024,051003,Eastland-Fairfield Career & Technical Schools,Franklin,1561.637794,1434.367359,no,9342.78,13400977.41,11516530860,10773383026.67,10773383026.67,0.5980374,8014285.9,9180071.51,0,0,0,9180071.51
2024,051029,EHOVE Career Center,Erie,818.696468,793.332513,no,9904.49,7857556.93,4278638810,4128748956.67,4128748956.67,0.7372753,5793182.45,7400292.25,0,0,0,7400292.25
2024,051045,Greene County Vocational School District,Greene,1257.111746,1162.331925,no,9566.87,11119880.69,4949250510,4860753630,4860753630,0.7814386,8689503.87,10035506.75,0,0,0,10035506.75
2024,051060,Great Oaks Career Campuses,Hamilton,4449.856156,4161.566091,no,9507.97,39568044.44,23630130110,23149788746.67,23149788746.67,0.7074686,27993150.07,32617236.66,0,0,0,32617236.66
2024,051128,Jefferson County,Jefferson,353.336474,348.739039,no,11849.74,4132468.65,1936295920,1882624116.67,1882624116.67,0.7722156,3191156.59,3895775.48,0,0,0,3895775.48
2024,051144,Knox County JVSD,Knox,583.477578,559.354479,no,10491.82,5868647.62,1890727928,1858959070.33,1858959070.33,0.8416195,4939168.08,6361011.2,0,0,0,6361011.2
2024,051169,Auburn,Lake,426.842712,390.168651,no,11662.73,4550432.44,5362553250,5184000603.33,5184000603.33,0.4303837,1958432.14,2590441.37,0,0,0,2590441.37
2024,051185,Lawrence County,Lawrence,733.591982,760.446287,no,10217.24,7769659.6,1822360820,1582699693.33,1582699693.33,0.8981487,6978309.75,8681190.65,0,0,0,8681190.65
2024,051201,Career and Technology Educational Centers,Licking,1050.093999,945.645975,no,9669.96,9144363.44,5906141434,5712412549.67,5712412549.67,0.6876539,6288157.17,7673937.81,0,0,0,7673937.81
2024,051227,Lorain County JVS,Lorain,1329.410837,1277.927227,no,9621.26,12295268.51,8094981140,7689288353.33,7689288353.33,0.687307,8450624.33,9858953.24,0,0,0,9858953.24
2024,051243,Mahoning Co Career & Tech Ctr,Mahoning,766.4691,742.47,no,10059.86,7469141.26,4337021710,4269216660,4269216660,0.7142097,5334532.93,6653394.07,0,0,0,6653394.07
2024,051284,Miami Valley Career Tech,Montgomery,2186.892202,2031.022969,no,9458.42,19210275.32,8250538660,8000999813.33,8000999813.33,0.7917521,15209775.41,20042423.19,0,0,0,20042423.19
2024,051300,Mid-East Career and Technology Centers,Muskingum,1143.673722,1098.661029,no,9566.28,10510103.32,5148441772,4948468909.33,4948468909.33,0.7645851,8035868.87,10456629.3,0,0,0,10456629.3
2024,051334,Ohio Hi-Point Career Center,Logan,1113.529497,1019.644678,no,9554.17,9741860.5,4519489260,4015953603.33,4015953603.33,0.7938816,7733883.7,9532055.8,0,0,0,9532055.8
2024,051359,Penta Career Center - District,Wood,2166.547224,2106.552494,no,9554.31,20126652.42,7754573150,7561051276.67,7561051276.67,0.8121632,16346126.78,21869813.19,0,0,0,21869813.19
2024,051375,Pike County Area,Pike,441.993686,427.64099,no,11057.71,4728729.66,602527400,585636483.33,585636483.33,0.9380768,4435911.42,6299482.66,0,0,0,6299482.66
2024,051391,Maplewood Career Center District,Portage,637.204803,639.677956,no,9982.85,6385807.27,3053705510,2903629060,2903629060,0.7726498,4933992.74,6286200.42,0,0,0,6286200.42
2024,051417,Pioneer Career & Technology,Richland,1389.565624,1314.893832,no,9533.63,12535713.47,3259228280,3147337576.67,3147337576.67,0.8744652,10962044.68,14866211.98,0,0,0,14866211.98
2024,051433,Pickaway-Ross County JVSD,Ross,1107.926903,1103.499157,no,9486.07,10467865.88,2924019290,2691965873.33,2691965873.33,0.8714176,9121882.94,12581455.38,0,0,0,12581455.38
2024,051458,Vanguard-Sentinel Career & Technology Centers,Sandusky,975.686396,882.536787,no,9840.9,8684956.36,4057924350,3915812780,3915812780,0.7745635,6727049.97,9927516.25,0,0,0,9927516.25
2024,051474,Warren County Vocational School,Warren,1266.374787,1153.656955,no,9441.59,10892359.79,6475390730,6050750260,6050750260,0.722248,7866984.66,10140402.09,0,0,0,10140402.09
2024,051490,Scioto County Joint Vocational School,Scioto,665.989127,668.567591,no,10141.73,6780435.2,1391144580,1267369353.33,1267369353.33,0.9065422,6146750.52,8145072.15,0,0,0,8145072.15
2024,051532,Springfield-Clark County,Clark,816.659067,701.532017,no,10073.44,7066843.9,3187915330,2816134753.33,2816134753.33,0.8007502,5658776.52,7655506.37,0,0,0,7655506.37
2024,051607,Tri-County Career Center,Athens,582.986638,539.642372,no,10704.88,5776805.41,2805870840,2645282573.33,2645282573.33,0.7710428,4454164.12,6317762.75,0,0,0,6317762.75
2024,051631,Trumbull Career & Tech Ctr,Trumbull,1007.999932,913.361684,no,9739.07,8895297.9,3763640410,3707738656.67,3707738656.67,0.79159,7041428.57,9684891.28,0,0,0,9684891.28
2024,051656,Buckeye,Tuscarawas,941.132017,916.468342,no,9526.1,8730367.06,4720346620,4261574543.33,4261574543.33,0.7559338,6599579.79,8812001.22,0,0,0,8812001.22
2024,051672,Vantage Career Center,Van Wert,520.791408,507.527824,no,10812.4,5487592.16,1943033800,1858191430,1858191430,0.8306916,4558496.44,5299327.33,0,0,0,5299327.33
2024,051698,Washington County Career Center District,Washington,513.823073,522.556861,no,10491.81,5482567.52,1986960650,1792303973.33,1792303973.33,0.8365452,4586415.53,5344880.38,0,0,0,5344880.38
2024,051714,Wayne County JVSD,Wayne,732.600403,722.175439,no,9852.46,7115202.58,3375711010,3330304186.67,3330304186.67,0.7659726,5450050.49,7324495.93,0,0,0,7324495.93
2024,062026,Stark County Area,Stark,783.793335,717.683598,no,9913.22,7114554.07,2104356490,1978943380,1978943380,0.8609229,6125082.38,6734526.55,0,0,0,6734526.55
2024,062042,Ashland County-West Holmes Joint Vocational School,Ashland,519.409394,478.920194,no,10752.9,5149780.4,2090578940,1987756863.33,1987756863.33,0.8070057,4155901.97,4554165.33,0,0,0,4554165.33
2024,062067,Gallia-Jackson-Vinton,Gallia,726.016773,680.973007,no,10170.49,6925831.61,2253480870,2056081190,2056081190,0.8515643,5897791.01,8839754.3,0,0,0,8839754.3
2024,062109,Medina County Joint Vocational School District,Medina,1152.958758,1146.250199,no,8946.26,10254655.74,6791351130,5942447270,5942447270,0.7102561,7283432.1,9229066.12,0,0,0,9229066.12
2024,062125,Upper Valley Career Center,Miami,1425.849012,1371.480169,no,9459.75,12973864.79,3098304850,2889623070,2889623070,0.8886368,11529053.25,14561323.93,0,0,0,14561323.93
2024,062802,U S Grant,Clermont,467.794181,421.656871,no,11179.87,4714067.72,931592920,925788296.67,925788296.67,0.9018058,4251173.57,4824019.17,0,0,0,4824019.17
2024,063495,Portage Lakes,Summit,304.36637,354.95,no,11637.53,4130739.96,2074754360,2050889023.33,2050889023.33,0.7517528,3105295.45,3641736.54,0,0,0,3641736.54
2024,063511,Tolles Career & Technical Center,Madison,915.074836,890.970728,no,9633.61,8583265.39,9789001680,9471027450,9471027450,0.4482853,3847751.66,4173788.9,0,0,0,4173788.9
2024,065227,Coshocton County,Coshocton,249.837742,236.528251,no,13784.46,3260415.12,819629291,800950533.67,800950533.67,0.8771705,2859939.85,2989598.62,0,0,0,2989598.62
2024,065268,Tri-Rivers,Marion,605.239932,549.034196,no,10482.2,5755084.81,2524741070,2289550000,2289550000,0.8010846,4610309.81,6512171.75,0,0,0,6512171.75
2025,050773,Apollo,Allen,1043.832106,1026.754951,no,9628.86,9886479.1,3098283890,2879127326.67,2879127326.67,0.8543907,8446915.44,11041233.43,0,0,0,11041233.43
2025,050799,Southern Hills,Brown,622.40056,600.358655,no,10423.15,6257630.2,1142800470,1119894520,1119894520,0.9105177,5697682.94,7291851.53,0,0,0,7291851.53
2025,050815,Ashtabula County Technical and Career Center,Ashtabula,689.785939,706.267889,no,9963.15,7036652.05,2635715050,2247588676.67,2247588676.67,0.8402942,5912857.71,8279511.17,0,0,0,8279511.17
2025,050856,Belmont-Harrison,Belmont,521.781667,511.546028,no,10911.68,5581825.86,3101382290,2956621190,2956621190,0.7351564,4103515.26,5853027.41,0,0,0,5853027.41
2025,050880,Butler Technology & Career Development Schools,Butler,3887.632316,3832.936087,no,9487.91,36366564.12,15520813630,12947865156.67,12947865156.67,0.8219812,29892631.54,42458285.79,0,0,0,42458285.79
2025,050906,Columbiana County,Columbiana,299.842031,309.236945,no,12528.74,3874348.96,1872415910,1759616403.33,1759616403.33,0.7729146,2994540.76,4250747.28,0,0,0,4250747.28
2025,050922,Cuyahoga Valley Career Center,Cuyahoga,428.646987,437.714719,no,11297.75,4945193.31,8356566920,7712673633.33,7712673633.33,0.2201848,1088856.49,1764813.77,0,0,0,1764813.77
2025,050948,Polaris,Cuyahoga,720.58234,703.124682,no,10246.83,7204796.32,6114240770,6084844116.67,6084844116.67,0.5777227,4162374.26,5801883.62,0,0,0,5801883.62
2025,050963,Four County Career Center,Henry,998.703012,995.063343,no,9621.59,9574086.59,4869292310,4362253926.67,4362253926.67,0.7721843,7392959.63,10257480.34,0,0,0,10257480.34
2025,050989,Delaware Area Career Center,Delaware,921.497269,844.095997,no,9811.86,8282153.67,11133955370,9112271380,9112271380,0.4498852,3726017.98,5556734.32,0,0,0,5556734.32
2025,051003,Eastland-Fairfield Career & Technical Schools,Franklin,1612.78385,1561.637794,no,9345.59,14594433.15,14247116160,12092801406.67,12092801406.67,0.585705,8548032.45,10720727.26,0,0,0,10720727.26
2025,051029,EHOVE Career Center,Erie,873.427191,818.696468,no,9845.13,8060172.84,4368432260,4286398983.33,4286398983.33,0.7341001,5916973.35,8857496.86,0,0,0,8857496.86
2025,051045,Greene County Vocational School District,Greene,1298.858396,1257.111746,no,9512.52,11958302.46,6318212760,5380311770,5380311770,0.7750386,9268146.57,11831981.46,0,0,0,11831981.46
2025,051060,Great Oaks Career Campuses,Hamilton,4563.45963,4449.856156,no,9557.42,42529137.21,29282683210,25367324290,25367324290,0.7017654,29845475.06,38443338,0,0,0,38443338
2025,051128,Jefferson County,Jefferson,364.018254,353.336474,no,11834.78,4181658.47,2009709770,1948002533.33,1948002533.33,0.7670778,3207657.2,4439334.89,0,0,0,4439334.89
2025,051144,Knox County JVSD,Knox,672.888649,583.477578,no,10410.65,6074379.9,2538639703,2093622631.67,2093622631.67,0.8276678,5027568.58,6944670.41,0,0,0,6944670.41
2025,051169,Auburn,Lake,446.293336,426.842712,no,11466.34,4894324.11,6046849560,5567713300,5567713300,0.4312071,2110467.46,2949175.87,0,0,0,2949175.87
2025,051185,Lawrence County,Lawrence,696.992653,733.591982,no,10286.88,7546374.28,1828077020,1719318326.67,1719318326.67,0.8860832,6686715.12,9635175.56,0,0,0,9635175.56
2025,051201,Career and Technology Educational Centers,Licking,1112.620756,1050.093999,no,9582.5,10062529.33,8113592248,6561463766,6561463766,0.6739655,6781797.45,8804965.97,0,0,0,8804965.97
2025,051227,Lorain County JVS,Lorain,1289.196281,1329.410837,no,9596.27,12757379.09,8238379300,8094682840,8094682840,0.6827451,8710037.67,11030956.95,0,0,0,11030956.95
2025,051243,Mahoning Co Career & Tech Ctr,Mahoning,750.347099,766.4691,no,10031.53,7688858.15,5662620790,4752753770,4752753770,0.6909324,5312481.26,7987981.71,0,0,0,7987981.71
2025,051284,Miami Valley Career Tech,Montgomery,2475.899361,2186.892202,no,9474.58,20719886.13,10405183320,8858503136.67,8858503136.67,0.7862319,16290634.56,22800204.58,0,0,0,22800204.58
2025,051300,Mid-East Career and Technology Centers,Muskingum,1169.730436,1143.673722,no,9544.4,10915684.92,5380085534,5150440666.33,5150440666.33,0.7640807,8340464.59,12348877.96,0,0,0,12348877.96
2025,051334,Ohio Hi-Point Career Center,Logan,1197.857003,1113.529497,no,9490.75,10568225.3,4767096660,4358193526.67,4358193526.67,0.7938067,8389128.54,11204881.62,0,0,0,11204881.62
2025,051359,Penta Career Center - District,Wood,2193.062049,2166.547224,no,9554.69,20700684.17,8599210830,8004289253.33,8004289253.33,0.8066661,16698539.54,25046691.31,0,0,0,25046691.31
2025,051375,Pike County Area,Pike,441.079423,441.993686,no,10972.64,4849838.97,741027770,643163053.33,643163053.33,0.9336923,4528257.44,6533191.78,0,0,0,6533191.78
2025,051391,Maplewood Career Center District,Portage,696.19219,645.16,no,9951.68,6420423.91,3114031630,3054559676.67,3054559676.67,0.7621217,4893144.07,6653536.58,0,0,0,6653536.58
2025,051417,Pioneer Career & Technology,Richland,1417.901168,1389.565624,no,9446.49,13126517.48,3789120720,3371163473.33,3371163473.33,0.8715896,11440935.74,16267965.9,0,0,0,16267965.9
2025,051433,Pickaway-Ross County JVSD,Ross,1143.884923,1107.926903,no,9590.37,10625425.76,3259880380,2925695900,2925695900,0.8623257,9162577.81,14080207.47,0,0,0,14080207.47
2025,051458,Vanguard-Sentinel Career & Technology Centers,Sandusky,985.330567,975.686396,no,9744.28,9507358.72,4505529210,4173113763.33,4173113763.33,0.7805324,7420801.84,10796807.58,0,0,0,10796807.58
2025,051474,Warren County Vocational School,Warren,1286.537547,1266.374787,no,9505.84,12037950.58,6728574660,6506241443.33,6506241443.33,0.7297612,8784829.86,11767885.39,0,0,0,11767885.39
2025,051490,Scioto County Joint Vocational School,Scioto,667.694955,665.989127,no,10186.78,6784282.64,1401142260,1336804430,1336804430,0.9014778,6115880.42,8975252.62,0,0,0,8975252.62
2025,051532,Springfield-Clark County,Clark,836.886286,816.659067,no,9778.44,7985649.29,3208435080,3013340796.67,3013340796.67,0.8113278,6478978.89,8821578.56,0,0,0,8821578.56
2025,051607,Tri-County Career Center,Athens,611.143101,582.986638,no,10508.74,6126453.78,3073089160,2821159650,2821159650,0.7697559,4715873.95,7039726.77,0,0,0,7039726.77
2025,051631,Trumbull Career & Tech Ctr,Trumbull,1030.287478,1007.999932,no,9653.62,9730847.32,4839919450,4102999546.67,4102999546.67,0.7891756,7679347.55,11357874.22,0,0,0,11357874.22
2025,051656,Buckeye,Tuscarawas,1006.351044,941.132017,no,9511.8,8951859.42,4851008740,4526383613.33,4526383613.33,0.7471819,6688667.61,10121961.81,0,0,0,10121961.81
2025,051672,Vantage Career Center,Van Wert,558.650409,520.791408,no,10774.14,5611077.04,2441401920,2075637446.67,2075637446.67,0.8150411,4573258.32,5927960.88,0,0,0,5927960.88
2025,051698,Washington County Career Center District,Washington,478.73252,513.823073,no,10543.64,5417567.89,1976493920,1897135930,1897135930,0.8249089,4468999.92,5654491.16,0,0,0,5654491.16
2025,051714,Wayne County JVSD,Wayne,757.259105,732.600403,no,9887.07,7243274.52,4201145210,3633413636.67,3633413636.67,0.7491871,5426567.7,7639279.68,0,0,0,7639279.68
2025,062026,Stark County Area,Stark,774.04983,783.793335,no,9590.36,7516861.36,2155884940,2096855136.67,2096855136.67,0.8605232,6468433.79,8397024.53,0,0,0,8397024.53
2025,062042,Ashland County-West Holmes Joint Vocational School,Ashland,511.184157,519.409394,no,10547.6,5478524.86,2441307120,2160829096.67,2160829096.67,0.802791,4398110.31,5257712.76,0,0,0,5257712.76
2025,062067,Gallia-Jackson-Vinton,Gallia,760.415443,726.016773,no,10041.17,7290057.47,2503078340,2249222863.33,2249222863.33,0.8457335,6165446.04,9808569.66,0,0,0,9808569.66
2025,062109,Medina County Joint Vocational School District,Medina,1212.221581,1152.958758,no,9422.17,10863377.59,6950239470,6433256653.33,6433256653.33,0.7039016,7646749.26,10254562.27,0,0,0,10254562.27
2025,062125,Upper Valley Career Center,Miami,1513.364913,1425.849012,no,9426.45,13440698.3,3574068180,3159072683.33,3159072683.33,0.8824811,11861161.96,16211156.65,0,0,0,16211156.65
2025,062802,U S Grant,Clermont,520.633651,467.794181,no,10990.36,5141225.46,1091957250,981668770,981668770,0.9045297,4650391.07,5948996.16,0,0,0,5948996.16
2025,063495,Portage Lakes,Summit,326.688391,335.72,no,11928.77,4004728.34,2639913290,2251680926.67,2251680926.67,0.7188722,2878887.88,3860669.38,0,0,0,3860669.38
2025,063511,Tolles Career & Technical Center,Madison,952.837214,915.074836,no,9696.88,8873371.26,12407372750,10525758860,10525758860,0.4068907,3610491.83,4636780.79,0,0,0,4636780.79
2025,065227,Coshocton County,Coshocton,277.13355,249.837742,no,13374.47,3341448.52,829484289,822329226.67,822329226.67,0.8769502,2930283.91,3764857.73,0,0,0,3764857.73
2025,065268,Tri-Rivers,Marion,659.830875,605.239932,no,10133.57,6133239.3,2855241820,2524151523.33,2524151523.33,0.7942236,4871163.54,7057276.73,0,0,0,7057276.73
2026,050773,Apollo,Allen,1089.766767,1043.832106,no,9612.65,10033988.81,3589859600,3161691430,3161691430,0.8424514,8825138.83,12388843.47,0,0,29423.7,12418267.17
2026,050799,Southern Hills,Brown,629.224732,622.40056,no,10311.43,6417842.67,1568670530,1276474083.33,1276474083.33,0.9005531,5842974.73,8161056.53,0,0,16989.07,8178045.6
2026,050815,Ashtabula County Technical and Career Center,Ashtabula,715.41174,697.98,no,9962.72,6953781.15,2671378550,2459168193.33,2459168193.33,0.8231778,5867156.02,8899406.03,0,0,19316.12,8918722.15
2026,050856,Belmont-Harrison,Belmont,568.833148,521.781667,no,10870.1,5671820.61,3495350530,3198680256.67,3198680256.67,0.7180201,4439714.44,6680483.66,0,0,15358.5,6695842.16
2026,050880,Butler Technology & Career Development Schools,Butler,3947.107892,3887.632316,no,9466.14,36800867.79,15697424910,14329597456.67,14329597456.67,0.8053092,30089473.01,45382958.77,0,0,106571.91,45489530.68
2026,050906,Columbiana County,Columbiana,327.547023,305.47,no,12588.47,3845400.24,1822512570,1837182836.67,1822512570,0.7630268,3146200.52,4550177.54,0,0,8843.77,4559021.31
2026,050922,Cuyahoga Valley Career Center,Cuyahoga,446.734345,428.646987,no,11346.08,4863463.05,9371076530,8390579490,8390579490,0.1373867,696369.72,1265096.43,399052.1,62950.68,12061.83,1739161.04
2026,050948,Polaris,Cuyahoga,755.317507,720.58234,no,10214.64,7360489.47,7500735830,6568858790,6568858790,0.5537758,4272544.45,6555847.43,0,0,20393.57,6576241
2026,050963,Four County Career Center,Henry,990.465564,998.703012,no,9602.64,9590183.44,5165392450,4718332766.67,4718332766.67,0.754002,7171376.54,10725829.19,0,0,26742.57,10752571.76
2026,050989,Delaware Area Career Center,Delaware,930.009202,921.497269,no,9705.23,8943344.21,11532164220,10312405153.33,10312405153.33,0.4234593,3822123.83,6062186.57,0,0,25110.25,6087296.82
2026,051003,Eastland-Fairfield Career & Technical Schools,Franklin,1712.335046,1612.78385,no,9305.86,15008344.29,14483541070,13415729363.33,13415729363.33,0.553058,8812841.08,12250882.36,0,0,46233.05,12297115.41
2026,051029,EHOVE Career Center,Erie,855.87881,873.427191,no,9775.56,8538242.36,5439514940,4695528670,4695528670,0.7250296,6066101.28,9431832.93,0,0,23108.73,9454941.66
2026,051045,Greene County Vocational School District,Greene,1358.224319,1298.858396,no,9457.89,12284456,6419264600,5895575956.67,5895575956.67,0.7600395,9763418.93,13944503.95,0,0,36672.06,13981176.01
2026,051060,Great Oaks Career Campuses,Hamilton,4768.644532,4563.45963,no,9547.73,43570680.81,30951547900,27954787073.33,27954787073.33,0.6792023,30923897.65,44899260.09,0,0,128753.4,45028013.49
2026,051128,Jefferson County,Jefferson,377.610714,364.018254,no,11655.53,4242827.46,2175562330,2040522673.33,2040522673.33,0.7595322,3342893.38,4836728.52,0,0,10195.49,4846924.01
2026,051144,Knox County JVSD,Knox,683.94947,672.888649,no,10122.62,6811396.62,2570137658,2333168429.67,2333168429.67,0.8287301,5737597.31,8039481.49,0,0,18466.64,8057948.13
2026,051169,Auburn,Lake,443.557898,446.293336,no,11324.57,5054077.94,6911783540,6107062116.67,6107062116.67,0.3958287,1988288.12,3032321.43,0,0,11976.06,3044297.49
2026,051185,Lawrence County,Lawrence,790.24445,730.34,no,10289.75,7515014.85,1842653810,1831030550,1831030550,0.8781749,7140807.04,11194533.66,0,0,21336.6,11215870.26
2026,051201,Career and Technology Educational Centers,Licking,1143.820998,1112.620756,no,9560.47,10637177.24,8333459284,7451064322,7451064322,0.649763,7105461.41,9961258.07,0,0,30883.17,9992141.24
2026,051227,Lorain County JVS,Lorain,1257.227496,1298.84,no,9610.56,12482579.55,10572498830,8968619756.67,8968619756.67,0.6407545,7742018.95,11030497.75,0,0,33945.14,11064442.89
2026,051243,Mahoning Co Career & Tech Ctr,Mahoning,718.083164,750.347099,no,10159.83,7623397.85,5703317720,5234320073.33,5234320073.33,0.6566941,4790979.36,7826338.1,0,0,19388.25,7845726.35
2026,051284,Miami Valley Career Tech,Montgomery,2626.960265,2475.899361,no,9439.76,23371892.08,10587837000,9747852993.33,9747852993.33,0.7914619,19626572.81,28199262.56,0,0,70927.93,28270190.49
2026,051300,Mid-East Career and Technology Centers,Muskingum,1219.948997,1169.730436,no,9534.22,11152472.95,6282043400,5603523568.67,5603523568.67,0.7487765,8709215.75,13375631.01,0,0,32938.62,13408569.63
2026,051334,Ohio Hi-Point Career Center,Logan,1221.792259,1197.857003,no,9466.57,11339599.49,4849867390,4712151103.33,4712151103.33,0.7922257,9163026.59,13186049.17,0,0,32988.39,13219037.56
2026,051359,Penta Career Center - District,Wood,2320.365871,2193.062049,no,9537.7,20916761.01,9685022340,8679602106.67,8679602106.67,0.7925202,17539227.75,27779115.56,0,0,62649.88,27841765.44
2026,051375,Pike County Area,Pike,429.812884,441.079423,no,10937.86,4824466.54,758473690,700676286.67,700676286.67,0.9273834,4359845.58,6670790.09,0,0,11604.95,6682395.04
2026,051391,Maplewood Career Center District,Portage,679.439481,696.19219,no,9806.18,6826983.82,4087493010,3418410050,3418410050,0.7496395,4994627.48,7125009.4,0,0,18344.87,7143354.27
2026,051417,Pioneer Career & Technology,Richland,1375.760245,1417.901168,no,9478.21,13439171.01,4273343520,3773897506.67,3773897506.67,0.8595937,11208882.23,16910070.49,0,0,37145.53,16947216.02
2026,051433,Pickaway-Ross County JVSD,Ross,1203.709843,1143.884923,no,9594.72,10975250.28,3306647690,3163515786.67,3163515786.67,0.8558801,9884780.87,15952857.87,0,0,32500.17,15985358.04
2026,051458,Vanguard-Sentinel Career & Technology Centers,Sandusky,1059.216917,985.330567,no,9725.44,9582768.9,5083007060,4548820206.67,4548820206.67,0.7626565,7856391.97,11874075.54,0,0,28598.86,11902674.4
2026,051474,Warren County Vocational School,Warren,1311.631746,1286.537547,no,9518.69,12246146.12,8446290440,7216751943.33,7216751943.33,0.705346,8806256.08,13107307.14,0,0,35414.06,13142721.2
2026,051490,Scioto County Joint Vocational School,Scioto,719.571829,667.694955,no,10146.34,6774658.86,1410033130,1400773323.33,1400773323.33,0.8966169,6546218.31,10273837.06,0,0,19428.44,10293265.5
2026,051532,Springfield-Clark County,Clark,905.292485,836.886286,no,9740.63,8151801.98,3240249420,3212199943.33,3212199943.33,0.8029758,7080736.27,10198957.85,0,0,24442.9,10223400.75
2026,051607,Tri-County Career Center,Athens,592.448611,611.143101,no,10366.41,6335356.99,3120935330,2999965110,2999965110,0.7632363,4687465.5,7546400.78,0,0,15996.11,7562396.89
2026,051631,Trumbull Career & Tech Ctr,Trumbull,1045.791837,1030.287478,no,9654.14,9946538.25,4903962610,4502507490,4502507490,0.773665,7811092.67,12047758.02,0,0,28236.38,12075994.4
2026,051656,Buckeye,Tuscarawas,1061.907111,1006.351044,no,9425.65,9485510.24,4962834640,4844730000,4844730000,0.7446245,7453069.31,11333203.95,0,0,28671.49,11361875.44
2026,051672,Vantage Career Center,Van Wert,564.346188,558.650409,no,10611.57,5928158.22,2498165060,2294200260,2294200260,0.8064999,4829804.56,6651957.03,0,0,15237.35,6667194.38
2026,051698,Washington County Career Center District,Washington,487.791228,505.04,no,10591.61,5349186.24,1991088750,1984847773.33,1984847773.33,0.814472,4207965.07,5939611.66,0,0,13170.36,5952782.02
2026,051714,Wayne County JVSD,Wayne,768.819198,757.259105,no,9811.66,7429967.97,4246434560,3941096926.67,3941096926.67,0.7347839,5542763.41,8141338.77,0,0,20758.12,8162096.89
2026,062026,Stark County Area,Stark,747.126834,774.04983,no,9621.05,7447175.88,2687542940,2315928123.33,2315928123.33,0.8445097,6070457.86,8792889.37,0,0,20172.42,8813061.79
2026,062042,Heartland Technical Education Center,Ashland,483.009781,511.184157,no,10610.56,5423947.97,2492858010,2341581356.67,2341581356.67,0.7841443,4018742.88,5508101.56,0,0,13041.26,5521142.82
2026,062067,Gallia-Jackson-Vinton,Gallia,782.011274,760.415443,no,9951.12,7566982.76,2625151900,2460570370,2460570370,0.8374143,6516664.32,10443835.27,0,0,21114.3,10464949.57
2026,062109,Medina County Joint Vocational School District,Medina,1300.892769,1212.221581,no,9419.97,11419096.69,7044752540,6928781046.67,6928781046.67,0.6966137,8536562.62,11760094.45,0,0,35124.1,11795218.55
2026,062125,Upper Valley Career Center,Miami,1550.506391,1513.364913,no,9419.84,14255659.77,3618114820,3430162616.67,3430162616.67,0.8796912,12848349.28,18640712.06,0,0,41863.67,18682575.73
2026,062802,U S Grant,Clermont,587.900179,520.633651,no,10716.58,5579413.56,1107793250,1043781140,1043781140,0.9064618,5710962.52,7851684.51,0,0,15873.3,7867557.81
2026,063495,Portage Lakes,Summit,330.339715,326.688391,no,12117.26,3958567.29,2642826530,2452498060,2452498060,0.6902295,2762859.07,4018621.91,0,0,8919.17,4027541.08
2026,063511,Tolles Career & Technical Center,Madison,881.889989,952.837214,no,9588.32,9136107.17,12690201000,11628858476.67,11628858476.67,0.3635767,3074347.65,4558990.36,0,0,23811.03,4582801.39
2026,065227,Coshocton County,Coshocton,281.786672,277.13355,no,12827.87,3555032.05,1016768588,888627389.33,888627389.33,0.8750182,3162948.23,4371433.23,0,0,7608.24,4379041.47
2026,065268,Tri-Rivers,Marion,674.811313,659.830875,no,10076.55,6648819.27,2897201040,2759061310,2759061310,0.7925153,5388921.71,7851523.15,0,0,18219.91,7869743.06
2027,050773,Apollo,Allen,1089.766767,1089.766767,yes,9595.71,10457087.24,3651511076,3446551522,3446551522,0.8352045,8733805.17,13334657.12,0,0,43590.67,13378247.79
2027,050799,Southern Hills,Brown,629.224732,629.224732,yes,10252.71,6451259.61,1641048082,1450839694,1450839694,0.8875536,5725837.89,8782340.25,0,0,25168.99,8807509.24
2027,050815,Ashtabula County Technical and Career Center,Ashtabula,715.41174,715.41174,yes,9943.74,7113871.21,2697873380,2668322326.67,2668322326.67,0.8124559,5779704.3,9446494.15,0,0,28616.47,9475110.62
2027,050856,Belmont-Harrison,Belmont,568.833148,568.833148,yes,10655.54,6061225.69,3405768810,3334167210,3334167210,0.724959,4394139.15,7092501.91,0,0,22753.33,7115255.24
2027,050880,Butler Technology & Career Development Schools,Butler,3947.107892,3947.107892,yes,9404.44,37120357.84,15876089936,15698109492,15698109492,0.7885509,29271277,47214147.01,0,0,157884.32,47372031.33
2027,050906,Columbiana County,Columbiana,327.547023,327.547023,yes,12279.79,4022209.82,2073628642,1922852374,1922852374,0.7609707,3060782.94,4603420.72,0,0,13101.88,4616522.6
2027,050922,Cuyahoga Valley Career Center,Cuyahoga,446.734345,446.734345,yes,11306.53,5051013.7,9268177589,8998607013,8998607013,0.109228,551712.3,946319.75,717828.78,62950.68,17869.37,1744968.58
2027,050948,Polaris,Cuyahoga,755.317507,755.317507,yes,10084.64,7617103.34,7492585086,7035853895.33,7035853895.33,0.5381541,4099176.36,7064573.08,0,0,30212.7,7094785.78
2027,050963,Four County Career Center,Henry,990.465564,994.74,yes,9603.21,9552692.23,5167335167,5067339975.67,5067339975.67,0.7347689,6988863.73,11105705.64,0,0,39618.62,11145324.26
2027,050989,Delaware Area Career Center,Delaware,930.009202,930.009202,yes,9674.54,8997411.55,11893193698,11519771096,11519771096,0.359829,3237529.48,5567131.89,0,0,37200.37,5604332.26
2027,051003,Eastland-Fairfield Career & Technical Schools,Franklin,1712.335046,1712.335046,yes,9269.75,15872909.82,15913542768,14881399999.33,14881399999.33,0.5312333,8432222.5,13067517.88,0,0,68493.4,13136011.28
2027,051029,EHOVE Career Center,Erie,855.87881,855.87881,yes,9813.17,8398884.91,5490490123,5099479107.67,5099479107.67,0.6964192,5849144.26,9685907.05,0,0,34235.15,9720142.2
2027,051045,Greene County Vocational School District,Greene,1358.224319,1358.224319,yes,9463.97,12854189.11,6493130340,6410202566.67,6410202566.67,0.7506575,9649097.29,15424372.69,0,0,54328.97,15478701.66
2027,051060,Great Oaks Career Campuses,Hamilton,4768.644532,4768.644532,yes,9627.05,45907980.7,31334335401,30522855503.67,30522855503.67,0.6675648,30646551.05,49409009.02,0,0,190745.78,49599754.8
2027,051128,Jefferson County,Jefferson,377.610714,377.610714,yes,11436.4,4318506.81,2155712874,2113661658,2113661658,0.7552788,3261676.91,5126615.76,0,0,15104.43,5141720.19
2027,051144,Knox County JVSD,Knox,683.94947,683.94947,yes,10058.34,6879393.74,2624412113,2577729824.67,2577729824.67,0.812649,5590534.53,8407876.24,0,0,27357.98,8435234.22
2027,051169,Auburn,Lake,443.62855,443.62855,yes,11297.45,5011869.54,6995756036,6651463045.33,6651463045.33,0.336429,1686138.87,2774136.36,0,0,17745.14,2791881.5
2027,051185,Lawrence County,Lawrence,790.24445,790.24445,yes,10108.46,7988153.15,2083595637,1918108822.33,1918108822.33,0.8799402,7029098.19,12124177.45,0,0,31609.78,12155787.23
2027,051201,Career and Technology Educational Centers,Licking,1143.820998,1143.820998,yes,9513.69,10881963.19,8515283412,8320778314.67,8320778314.67,0.6176804,6721572.41,10367666.78,0,0,45752.84,10413419.62
2027,051227,Lorain County JVS,Lorain,1257.227496,1291.94,yes,9578.86,12375313.19,10753234432,9854704187.33,9854704187.33,0.6018399,7247841.26,11125546.79,0,0,50289.1,11175835.89
2027,051243,Mahoning Co Career & Tech Ctr,Mahoning,718.083164,744.97,yes,10095.08,7520531.37,5808506774,5724815094.67,5724815094.67,0.6193879,4490009.15,7918355.58,0,0,28723.33,7947078.91
2027,051284,Miami Valley Career Tech,Montgomery,2626.960265,2626.960265,yes,9410.79,24721778.68,11106200253,10699740191,10699740191,0.7835973,19371913.31,30415582.91,0,0,105078.41,30520661.32
2027,051300,Mid-East Career and Technology Centers,Muskingum,1219.948997,1219.948997,yes,9496.63,11585400.11,6359095999,6007074977.67,6007074977.67,0.740748,8581865.02,14036823.79,0,0,48797.96,14085621.75
2027,051334,Ohio Hi-Point Career Center,Logan,1221.792259,1221.792259,yes,9441.67,11535765.17,6105855365,5240939805,5240939805,0.7728389,8915283.54,14128144.82,0,0,48871.69,14177016.51
2027,051359,Penta Career Center - District,Wood,2320.365871,2320.365871,yes,9568.92,22203400.48,9735016744,9339749971.33,9339749971.33,0.7896774,17533519.54,29781791.83,0,0,92814.63,29874606.46
2027,051375,Pike County Area,Pike,429.812884,437.63,yes,11005.24,4816223.67,777431248,758977569.33,758977569.33,0.9212057,4357481.62,7031321.12,0,0,17192.52,7048513.64
2027,051391,Maplewood Career Center District,Portage,679.439481,679.439481,yes,9868.78,6705241.71,4114785423,3772103354.33,3772103354.33,0.71872,4819189.2,7309949.07,0,0,27177.58,7337126.65
2027,051417,Pioneer Career & Technology,Richland,1375.624184,1394.36,yes,9468.65,13202712.94,4303426254,4121963498,4121963498,0.8438975,10992021.42,17624359.38,0,0,55024.97,17679384.35
2027,051433,Pickaway-Ross County JVSD,Ross,1203.709843,1203.709843,yes,9681.89,11654187.27,3864507144,3477011738,3477011738,0.8508256,9915680.04,16968409.43,0,0,48148.39,17016557.82
2027,051458,Vanguard-Sentinel Career & Technology Centers,Sandusky,1057.791569,1057.791569,yes,9587.85,10141948.41,5237541500,4942025923.33,4942025923.33,0.7563573,7670935.57,12379542.36,0,0,42311.66,12421854.02
2027,051474,Warren County Vocational School,Warren,1311.631746,1311.631746,yes,9510.51,12474280.65,8736354454,7970406518,7970406518,0.6805261,8489077.77,13775256.83,0,0,52465.27,13827722.1
2027,051490,Scioto County Joint Vocational School,Scioto,719.571829,719.571829,yes,10033.03,7219483.64,1721202341,1510792577,1510792577,0.8953666,6464086.41,11117595.55,0,0,28782.87,11146378.42
2027,051532,Springfield-Clark County,Clark,905.292485,905.292485,yes,9668.15,8752504.08,4168883525,3539189341.67,3539189341.67,0.7978186,6982910.12,10949901.96,0,0,36211.7,10986113.66
2027,051607,Tri-County Career Center,Athens,592.948611,595.69,yes,10430.9,6213582.52,3449546944,3214523811.33,3214523811.33,0.741331,4585123.09,8027435.89,0,0,23717.94,8051153.83
2027,051631,Trumbull Career & Tech Ctr,Trumbull,1045.791837,1045.791837,yes,9612.64,10052822.16,4952082269,4898654776.33,4898654776.33,0.7563541,7603491.96,12481862.86,0,0,41831.67,12523694.53
2027,051656,Buckeye,Tuscarawas,1061.907111,1061.907111,yes,9338.06,9916155.58,6072221359,5295354913,5295354913,0.7329938,7268478.17,11801660.4,0,0,42476.28,11844136.68
2027,051672,Vantage Career Center,Van Wert,564.346188,564.346188,yes,10559.43,5959173.71,2715942567,2551836515.67,2551836515.67,0.78589,4683255.31,7006787.35,0,0,22573.85,7029361.2
2027,051698,Washington County Career Center District,Washington,487.791228,493.45,yes,10644.33,5252446.76,2315168635,2094250435,2094250435,0.8006403,4157093.21,6316677.72,0,0,19511.65,6336189.37
2027,051714,Wayne County JVSD,Wayne,768.819198,768.819198,yes,9800.03,7534452.83,4300577869,4249385879.67,4249385879.67,0.7180029,5409757.82,8362375.9,0,0,30752.77,8393128.67
2027,062026,Stark County Area,Stark,747.126834,768.32,yes,9625.87,7395752.09,2817414036,2553613972,2553613972,0.827359,5950155.59,9360794.82,0,0,29885.07,9390679.89
2027,062042,Heartland Technical Education Center,Ashland,482.847226,504.48,yes,10618.59,5356864.49,2632137996,2522101042,2522101042,0.7645921,3920183.53,5883521.64,0,0,19313.89,5902835.53
2027,062067,Gallia-Jackson-Vinton,Gallia,782.011274,782.011274,yes,9926.97,7763005.23,2650705766,2592978668.67,2592978668.67,0.8329913,6466513.51,10943522.94,0,0,31280.45,10974803.39
2027,062109,Medina County Joint Vocational School District,Medina,1300.892769,1300.892769,yes,9336.86,12146251.89,8488517413,7494503141,7494503141,0.6914894,8399005.66,12487634.67,0,0,52035.71,12539670.38
2027,062125,Upper Valley Career Center,Miami,1550.506391,1550.506391,yes,9412.56,14594236.4,4184645387,3792276129,3792276129,0.8700757,12698088.74,19991618.18,0,0,62020.26,20053638.44
2027,062802,U S Grant,Clermont,587.900179,587.900179,yes,10419.63,6125704.64,1123050076,1107600192,1107600192,0.9095937,5571900.26,8707701.92,0,0,23516.01,8731217.93
2027,063495,Portage Lakes,Summit,330.339715,330.339715,yes,12082.46,3991315.27,2648072829,2643604216.33,2643604216.33,0.6688307,2669514.94,4147007.19,0,0,13213.59,4160220.78
2027,063511,Tolles Career & Technical Center,Madison,881.314803,916.41,yes,9632.29,8827127.55,13543255514,12880276421.33,12880276421.33,0.2704154,2295577.9,3809957.08,0,0,35252.59,3845209.67
2027,065227,Coshocton County,Coshocton,281.786672,281.786672,yes,12731.95,3587693.91,1022959194,956404023.67,956404023.67,0.8667101,3109490.47,4772216.24,0,0,11271.47,4783487.71
2027,065268,Tri-Rivers,Marion,674.811313,674.811313,yes,10064.14,6791396.32,3336758141,3029733667,3029733667,0.7769437,5276531.97,8098321.68,0,0,26992.45,8125314.13
