irn,district,performance_index_2425,performance_index_2324,performance_index_2223,unweighted_adm_fy25,weighted_adm_fy25,operating_expenditures_fy25,exp_per_equivalent_pupil_fy25,exp_per_equivalent_pupil_federal_fy25,exp_per_equivalent_pupil_state_local_fy25,progress_composite_2425,progress_effect_size_2425
000442,Manchester Local,83.7,80.8,82.1,667.9763,941,11935497.4,12677,1285,11392,1.04,0.02
043489,Akron City,65.8,63.4,61.2,19737.4703,29162,403822560.61,13848,844,13004,2.56,0.01
043497,Alliance City,73.6,72.6,72.8,2878.0025,4062,49338009.33,12147,1009,11138,-7.41,-0.07
043505,Ashland City,93.3,92.1,92.7,2895.6297,3455,39049327.82,11302,539,10762,-4.99,-0.04
043513,Ashtabula Area City,62.5,63.6,66.3,2598.745,3776,47857886.99,12673,1247,11426,-9.84,-0.1
043521,Athens City School District,88.9,86.2,86.6,2214.7097,3304,43516661.76,13172,633,12539,11.14,0.13
043539,Barberton City,79.4,75.3,78.1,3253.6324,4456,61821830.29,13873,891,12982,-7.23,-0.07
043547,Bay Village City,107.9,106.1,106.6,2327.1006,2699,41469161.75,15367,106,15260,8.34,0.09
043554,Beachwood City,106.3,105,106.3,1525.2086,1955,40040892.2,20477,306,20171,10.96,0.17
043562,Bedford City,65.4,63.5,63.5,2847.4075,4250,63655218.42,14977,949,14028,5.46,0.06
043570,Bellaire Local,89.8,88.2,89,1162.5512,1635,17990397.86,11004,1911,9093,-1.86,-0.02
043588,Bellefontaine City,84,82.2,83.3,2163.7995,2805,29684464.87,10583,615,9967,-4.1,-0.04
043596,Bellevue City,93.8,92,92.6,1664.9971,2115,24575509.27,11622,430,11193,1.47,0.02
043604,Belpre City,81.4,79.4,80,870.4516,1154,14061215.69,12187,940,11247,-2.05,-0.03
043612,Berea City,85.6,85.5,85.3,5049.8626,7147,86525277.42,12107,671,11436,3.43,0.03
043620,Bexley City,102.7,100.5,101.6,2481.9122,3109,52183605.49,16787,437,16350,19.03,0.21
043638,Bowling Green City School District,90.6,88.1,85,2454.6101,3187,41290840.05,12955,517,12438,14.5,0.16
043646,Brecksville-Broadview Heights City,106.4,106.8,106.5,3597.4444,4223,58634388.73,13883,202,13681,20.51,0.19
043653,Brooklyn City,79.8,76,76.9,1027.6706,1407,21537538.02,15313,794,14519,7.83,0.13
043661,Brunswick City,93.5,91.8,92.3,5727.3576,7119,89678057.23,12597,322,12275,3.86,0.03
043679,Bryan City,90.5,89,90.3,1734.4834,2431,26908551.84,11068,408,10659,-4.64,-0.05
043687,Bucyrus City,75.8,73.2,73.7,1003.9477,1434,18051235.14,12588,1080,11509,-1.41,-0.02
043695,Cambridge City,70.8,69.7,70.3,1790.3061,2569,28069851.6,10927,1052,9875,-8.9,-0.11
043703,Campbell City,73.9,70.6,68.6,1032.9556,1437,20413347.39,14210,1739,12471,0.89,0.02
043711,Canton City,62.8,58.5,57.7,7351.8676,10258,156704298.44,15276,1861,13415,-0.81,0
043729,Celina City,88.8,87.9,85.8,2576.3602,3205,37080389.78,11571,1218,10353,-3.71,-0.04
043737,Centerville City,96.6,95.4,96.2,7958.1639,9608,128693936.37,13394,381,13013,15.75,0.1
043745,Chillicothe City,73.2,71.6,70.9,2453.2239,3406,40917071.1,12012,1222,10790,-2.45,-0.02
043752,Cincinnati Public Schools,69,66.1,62.8,34389.6885,49935,697962700.69,13978,1489,12488,-2.98,-0.01
043760,Circleville City,78.6,76.3,77.4,2032.6849,2926,32384334.31,11066,720,10346,-3.33,-0.03
043778,Claymont City,82.6,81,81.6,1503.9459,2042,24394843.74,11946,721,11225,-2.02,-0.02
043786,Cleveland Municipal,59.6,55.8,55.3,33398.8674,54002,811488003.59,15027,1379,13648,20.78,0.07
043794,Cleveland Heights-University Heights City,74.6,69.2,70.6,4863.3068,7186,129407499.89,18008,945,17064,-0.68,0
043802,Columbus City Schools District,60.7,57.1,56.3,46052.4116,69943,1128521954.89,16135,1352,14783,-7.62,-0.02
043810,Conneaut Area City,80.2,78.5,76.2,1558.905,2171,24463753.24,11269,1057,10212,2.7,0.04
043828,Coshocton City,80.5,80.2,78.6,1469.3198,2096,24853297.64,11855,869,10986,4.7,0.06
043836,Cuyahoga Falls City School District,82.5,80.6,80.1,3707.6581,5010,66909211.51,13356,507,12849,-3.54,-0.03
043844,Dayton City,55.3,53.3,50.8,12771.038,18823,278119190.43,14775,1722,13054,-15.77,-0.08
043851,Deer Park Community City,86.3,85,82.2,1044.2217,1348,21181610.94,15710,1334,14376,-1.96,-0.03
043869,Defiance City,83.8,81.1,79.7,2317.3666,3165,34433730.87,10880,603,10277,0.73,0.01
043877,Delaware City,89.7,87.2,86.7,5429.5485,6981,85392158.16,12232,530,11702,17.17,0.13
043885,Delphos City,92.2,93.2,93.4,897.8545,1118,12329917.22,11030,363,10667,-10.2,-0.18
043893,Dover City,90.3,89.5,90.9,2576.2033,3510,32312154.66,9207,533,8674,5.75,0.06
043901,East Cleveland City School District,57.6,50.1,45.3,1158.765,1740,44195673.17,25400,2204,23196,5.11,0.08
043919,East Liverpool City,70,68,67.8,1941.5419,2917,33497912.13,11482,1079,10404,-2.03,-0.02
043927,East Palestine City,79.4,80.4,78.9,932.0396,1310,14038294,10718,672,10046,-9.12,-0.16
043935,Eaton Community City,90.7,89.7,90.4,1717.4299,2227,28767651.49,12919,337,12583,2.78,0.03
043943,Elyria City Schools,66.8,66.4,66,5649.0408,8087,88854085.07,10987,1083,9905,-5.89,-0.04
043950,Euclid City,63,60.7,59.8,4307.8315,6496,100185782.71,15423,1204,14219,-0.05,0
043968,Fairborn City,81.2,79.8,78.8,4203.6116,5956,64084508.43,10760,504,10256,5.71,0.05
043976,Fairview Park City,97.3,94.7,94.4,1389.5174,1790,26143256.91,14609,391,14217,4.33,0.06
043984,Findlay City,86.5,87,85.7,5222.1877,6759,76973392.9,11388,540,10849,0.02,0
043992,Fostoria City,67.9,68.1,69.4,1717.3241,2451,25836351.09,10539,917,9623,-7.72,-0.1
044008,Franklin City,81.5,84.5,85,2548.4532,3761,42796912.37,11380,460,10920,-12.22,-0.12
044016,Fremont City,81.1,77.6,77.3,3116.7944,4301,49730168.56,11561,387,11174,0.33,0
044024,Galion City,79.7,78.7,78.6,1548.5461,2252,24289529.79,10787,687,10099,-6.39,-0.08
044032,Gallipolis City,78.2,78.3,77.4,1797.2589,2419,28593882.9,11819,1427,10392,-8.48,-0.1
044040,Garfield Heights City Schools,60.7,56.3,54.4,2564.7872,3652,54983414.92,15055,1551,13504,2,0.02
044057,Geneva Area City,81.7,82.5,83.5,1922.4211,2706,30399774.68,11235,1186,10049,0.32,0
044065,Girard City School District,83,81.8,81.7,1478.803,1921,24758645.87,12889,1275,11614,-3.56,-0.05
044073,Grandview Heights Schools,106,105.5,104.3,1124.9078,1324,24261180.9,18329,303,18026,7.56,0.12
044081,Winton Woods City,63.4,60.6,61.8,3975.2819,5767,66212187.72,11481,816,10665,-2.54,-0.02
044099,Greenville City,82.8,83.4,84.2,2223.7509,2803,34382581.44,12265,1015,11250,-5.26,-0.06
044107,Hamilton City,77.9,76.8,77.2,8682.5236,12587,131568595.89,10453,738,9715,2.97,0.02
044115,Heath City,94.2,93.1,91.8,1527.0804,1910,24291516.27,12720,468,12252,2.73,0.04
044123,Hillsboro City,90.2,90.9,91.5,2099.8865,2858,35312639.72,12357,555,11802,-5.2,-0.06
044131,Huron City Schools,98.6,97.3,95.7,1131.4753,1289,16568807.5,12857,523,12334,4.63,0.08
044149,Ironton City School District,83.9,80.8,83.8,1226.2252,1711,20653449.65,12073,2395,9679,-3.2,-0.04
044156,Jackson City,87,88.5,88.1,2154.1049,2919,34425888.01,11795,1605,10190,-13.9,-0.15
044164,Kent City,89.2,87.4,87.8,3024.5053,4074,59485578.65,14601,602,13999,15.79,0.16
044172,Kenton City,78.3,77,79.4,1754.1644,2474,27341348.65,11053,592,10461,-4.3,-0.05
044180,Kettering City School District,92.9,92,91.8,7565.0557,9803,132682201.81,13535,443,13092,5.17,0.03
044198,Lakewood City,93.6,94.2,94.2,4314.4836,5536,89837448.09,16228,549,15679,-1.94,-0.01
044206,Lancaster City,80.2,78.7,78.9,6075.0313,8741,98288743.9,11244,455,10790,-0.99,0
044214,Lebanon City,92.3,91,91.1,4836.5988,6145,73675643.44,11990,390,11600,6.3,0.05
044222,Lima City,60,61.3,61.5,3356.9946,4762,64591966.18,13563,1384,12179,-14.55,-0.15
044230,Lockland Local,57.2,50.5,53.1,410.7395,592,9713086.78,16408,2102,14306,3.24,0.08
044248,Logan-Hocking Local,87.1,86,88.2,3350.4098,5076,59286377.45,11680,786,10893,-14.42,-0.13
044255,London City,81.3,80.2,79.8,2033.6327,2579,27964151.54,10841,753,10088,4.35,0.05
044263,Lorain City,53.1,51,53.3,6069.8863,9172,120710266.55,13161,1666,11495,-9.86,-0.07
044271,Loveland City,101.9,101.9,100.2,3935.0292,4751,61696951.04,12986,429,12557,10.4,0.09
044289,Madeira City,108.6,106.5,105.9,1738.4913,1931,26451922.81,13696,254,13442,11.35,0.15
044297,Mansfield City,67.2,64.8,64.6,2939.721,4707,64870632.41,13782,1141,12641,1.21,0.01
044305,Maple Heights City,62.8,61.4,60,2886.5278,4262,58705741.68,13774,1812,11963,1.25,0.01
044313,Mariemont City,110.1,109.2,108.7,1497.3128,1679,29014045.4,17279,310,16970,11.2,0.15
044321,Marietta City,78.2,75.8,75.1,2034.1184,2518,31518144.8,12517,1511,11006,-2.83,-0.03
044339,Marion City,67.4,63.3,63.5,3979.9947,5741,71824933.12,12511,1237,11274,-0.33,0
044347,Martins Ferry City,82.5,80.5,79.8,1261.5914,1658,21827994.84,13169,2540,10629,-6.37,-0.09
044354,Massillon City,74.6,73.7,76,4059.012,5515,56865491.18,10311,678,9633,-14.96,-0.13
044362,Maumee City,90.3,88.1,89.8,2053.3539,2584,37732721.74,14602,557,14045,0.87,0.01
044370,Mayfield City,96.4,96,93.3,3959.7836,5149,75844135.9,14731,441,14290,19.31,0.17
044388,Medina City SD,96.5,95.7,96,5734.7368,7063,93325634.23,13213,512,12701,5.41,0.04
044396,Miamisburg City,84.1,83.3,83.7,4747.6417,6195,72994140.76,11783,644,11139,2.58,0.02
044404,Middletown City,64.6,64.2,62.7,5642.7309,8523,92904542.54,10901,1018,9883,-4.97,-0.03
044412,Mt Healthy City,54.8,54.6,54.8,2630.4634,4019,47213209.25,11747,1564,10183,-9.64,-0.1
044420,Mount Vernon City,94,91.5,91.2,3313.9131,4668,50844330.35,10892,754,10138,8.29,0.08
044438,Napoleon Area City,93.9,94.2,92.9,1656.6366,2033,24776965.46,12188,684,11504,-4.76,-0.06
044446,Nelsonville-York City,70.3,68.3,69.8,965.989,1413,19141626.77,13549,3198,10351,-5.61,-0.09
044453,Newark City,79.9,77.9,79.8,5619.7374,8354,99343799.03,11891,662,11230,-7.2,-0.05
044461,New Boston Local,76.3,78,75.3,370.9878,520,7990837.81,15366,1614,13752,3.64,0.1
044479,New Lexington School District,81.8,79.4,80,1725.8342,2383,33291769.1,13972,1401,12571,-12.31,-0.15
044487,New Philadelphia City,87,87.9,85.4,2946.1709,4020,38090291.04,9475,421,9053,-0.78,0
044495,Niles City,83,81,79.9,1871.0416,2568,29390331.97,11446,1300,10146,3.51,0.04
044503,North Canton City,100.8,99.7,100.2,4265.7339,5074,60805448.19,11984,297,11687,4.47,0.04
044511,North College Hill City,54.7,54.2,55.2,1298.737,1909,23436599.72,12278,1313,10965,-5.65,-0.07
044529,North Olmsted City,87,85.5,85.1,3429.5403,4876,63537730.87,13030,851,12179,-2.8,-0.02
044537,North Ridgeville City,91.5,91.6,90.9,4433.7527,5363,57786858.59,10775,326,10449,17.54,0.14
044545,North Royalton City,99,99.8,101.2,4050.65,4904,62085991.16,12662,338,12323,6.85,0.06
044552,Norton City,95.2,93.8,92.8,2063.724,2848,29466928.43,10347,310,10037,1.94,0.02
044560,Norwalk City,89.1,86.7,87,2378.3126,3317,34211666.86,10315,562,9753,-11.66,-0.12
044578,Norwood City,80.4,79.7,80.3,1689.9783,2416,32120842.19,13293,940,12353,4.15,0.06
044586,Oakwood City,108,108.2,107.2,1965.4186,2236,35240615.92,15758,331,15427,14.28,0.18
044594,Oberlin City Schools,85.9,82.1,82.5,750.8464,1002,17992708.51,17962,899,17063,7.17,0.13
044602,Oregon City,90,88.4,87.2,3320.6461,4116,54874209.05,13331,423,12908,5.98,0.06
044610,Orrville City,88.7,90,88.7,1411.8257,1707,21797453.64,12769,482,12287,0.42,0.01
044628,Painesville City Local,67.1,67.2,68,2651.2795,3891,45567855.06,11710,744,10965,-1.82,-0.02
044636,Parma City,83.6,82.2,81.2,8940.681,13153,167009160.3,12698,827,11871,13.17,0.08
044644,Piqua City,82.2,81.5,79.5,2861.3294,4061,51048015.52,12569,650,11919,7.01,0.07
044651,Port Clinton City,88.9,87,89.9,1364.4097,1890,28393453.91,15025,874,14151,4.52,0.06
044669,Portsmouth City,68.3,65.2,66.4,1563.6144,2393,27884123.6,11651,1851,9800,-1.98,-0.02
044677,Princeton City,80.6,77.2,77.4,5699.0031,7722,104323852.81,13510,704,12806,20.96,0.15
044685,Ravenna City,71.4,71.3,72.3,1860.4114,2860,30515742.92,10670,854,9816,-4.01,-0.04
044693,Reading Community City,78.2,77.6,78.8,1382.3662,1735,20440385.77,11779,620,11159,6.43,0.09
044701,Rocky River City,111.1,110.2,110.2,2596.1056,3125,51691392.58,16542,288,16254,16.91,0.19
044719,St Bernard-Elmwood Place City,78.2,71.9,73.3,735.671,1012,14551532.87,14378,1073,13305,2.33,0.04
044727,St Marys City,86.8,86.5,87,1932.7445,2369,28535722.12,12045,451,11594,-12.35,-0.15
044735,Salem City,83,83.6,84.3,1890.7668,2565,25113219.05,9789,633,9157,-3.43,-0.04
044743,Sandusky City,65.8,66.2,66.6,3082.0432,4393,56296661.27,12815,995,11821,-1.47,-0.01
044750,Shaker Heights City,86.6,85.4,84.9,4341.4214,5470,120424457.58,22015,458,21557,10.48,0.09
044768,Sheffield-Sheffield Lake City,85.1,85.6,86,1449.2074,1904,25167219.06,13216,817,12399,-3.21,-0.04
044776,Shelby City,91.3,89.6,89.7,1727.2377,2189,27475250.93,12550,593,11957,7,0.08
044784,Sidney City,74.2,75.5,78,2965.797,4080,44216248.73,10837,672,10165,-1.93,-0.01
044792,South Euclid-Lyndhurst City,74.9,73.5,72.7,3109.9278,4562,71096368.97,15583,561,15022,3.85,0.04
044800,South-Western City,78.5,76.3,76.8,21952.099,30446,342462100.19,11248,593,10655,5.2,0.02
044818,Springfield City School District,60.2,58.2,57.2,7163.3064,10377,138101603.42,13309,1499,11810,-5.01,-0.03
044826,Steubenville City,100.1,104,102.5,2825.243,3886,35468656.75,9128,698,8430,-10.36,-0.11
044834,Stow-Munroe Falls City School District,91.6,89.7,89,4748.4613,5988,73080409.31,12205,364,11841,0.99,0.01
044842,Strongsville City,99.3,99.8,98.8,5513.0558,6589,93048276.22,14121,389,13732,12.43,0.09
044859,Struthers City,81.2,78.4,79.4,1580.3798,2136,22718388.11,10636,882,9754,2.39,0.03
044867,Sycamore Community City,104.1,105.4,105.2,5913.3089,7164,104980637.9,14653,454,14199,10.37,0.08
044875,Sylvania Schools,94.4,94.1,94.5,7733.9791,9717,112765086.57,11605,401,11204,10.19,0.06
044883,Tallmadge City,89.6,89.2,90.3,2421.1574,3052,37093854.97,12152,422,11730,1.61,0.02
044891,Tiffin City Schools,83.9,83,81.1,2302.3471,3298,36696131.67,11126,684,10441,-5.58,-0.06
044909,Toledo City,60.4,57.9,58.8,21159.7532,30758,440219539.58,14312,1519,12793,-5.07,-0.02
044917,Toronto City,81.4,83.5,80.5,830.4774,1212,13237309.61,10920,617,10303,-3.63,-0.06
044925,Troy City,93.7,91.1,90.7,3807.2581,4710,58321087.54,12383,611,11772,19.05,0.16
044933,Upper Arlington City,103.6,102.3,101.1,6630.9301,8266,126425583.63,15295,293,15002,24.01,0.17
044941,Urbana City,77.2,78.5,76.8,1688.2881,2271,28149502.71,12396,1097,11299,-0.42,0
044958,Vandalia-Butler City,87.9,88.7,89.2,2854.2841,3586,42261892.24,11786,444,11342,0.65,0.01
044966,Van Wert City,81.1,81.1,81.1,1923.6585,2451,27383174.55,11171,470,10702,-1.34,-0.01
044974,Wadsworth City,96.4,96.2,95.2,4070.2797,4997,66332269.78,13274,423,12851,8.25,0.07
044982,Wapakoneta City,88.5,89.1,88,2706.5547,3365,39649388.43,11782,462,11320,-2.93,-0.02
044990,Warren City,65.6,63.3,62.9,4650.9295,6627,89706328.74,13536,2013,11522,-7.54,-0.06
045005,Warrensville Heights City,67.7,64.8,62.8,1858.7556,2725,55886235.16,20509,562,19947,5,0.06
045013,Washington Court House City,79.5,79.6,82,1754.6745,2440,28866403.36,11830,1027,10803,-9.6,-0.12
045021,Wellston City,77.3,78.8,77.9,1194.7896,1721,22420441.05,13024,1355,11669,-6.94,-0.1
045039,Wellsville Local,72.2,70.1,68.8,642.4935,867,12724767.42,14669,1094,13576,-6.56,-0.14
045047,Westerville City,89.7,89.1,87.9,14254.5138,18608,239703213.02,12882,494,12388,5.29,0.02
045054,West Carrollton City,73.3,72.6,72.8,3141.359,4629,53386276.26,11534,560,10974,1.77,0.02
045062,Westlake City,100.7,99.9,100.6,3157.5144,3963,62569156.95,15789,360,15429,2.48,0.02
045070,Whitehall City,66.9,67.4,68.3,3443.7078,5236,53356363.46,10190,818,9372,5.17,0.05
045088,Wickliffe City,79.5,75.6,81.3,1201.0466,1499,21941564.17,14635,507,14128,-2.85,-0.04
045096,Willard City,79.2,80.4,77.2,1166.8115,1497,19901546.06,13297,1484,11813,1.09,0.02
045104,Willoughby-Eastlake City,83.5,81.6,81.6,6601.0741,8724,111746174,12809,475,12334,-1.33,0
045112,Wilmington City,79.8,78.2,78.5,2058.947,2825,31719859.81,11229,706,10523,-0.41,0
045120,Wooster City,86.2,85,84.2,3174.9537,4050,60422254.47,14918,512,14406,4.22,0.04
045138,Worthington City,94.3,93.6,94,10612.2692,13636,197103210.71,14455,375,14081,9.1,0.07
045146,Wyoming City,106.9,105.9,104.9,1863.0781,2018,31050184.61,15389,266,15124,6.47,0.08
045153,Xenia Community City,80,76.8,77.1,3523.5599,4895,63846165.81,13042,772,12271,-6.01,-0.05
045161,Youngstown City,57.6,54,53,4427.4139,6294,106906339.49,16984,1627,15357,0.49,0
045179,Zanesville City,73.3,72,72,2997.7213,4692,58655535.91,12502,2582,9921,-3,-0.03
045187,Ada Exempted Village,94.3,90.8,91.6,808.982,914,13407126.68,14670,1277,13393,4.16,0.07
045195,Amherst Exempted Village,93.7,92.5,92.8,3514.1344,4226,48123610.48,11389,368,11021,10.53,0.09
045203,Barnesville Exempted Village,87,84.2,83.5,1263.689,1595,18539826.75,11622,2519,9103,-0.62,0
045211,Bluffton Exempted Village,101.2,100.2,97.3,1120.896,1233,14323181.38,11618,291,11327,0.55,0.01
045229,Bradford Exempted Village,78.8,77.9,80.6,495.136,617,8470603.49,13736,539,13197,0.33,0.01
045237,Bridgeport Exempted Village,79,81.1,82.9,748.5558,1009,12686565.18,12577,840,11737,-13.13,-0.25
045245,Harrison Hills City,76.1,76.2,75.1,1316.4487,1648,25472255.03,15460,867,14592,-9.52,-0.13
045252,Caldwell Exempted Village,79.2,73.8,76.8,744.8402,1025,14723510.76,14371,755,13615,-7.82,-0.14
045260,Carey Exempted Village Schools,85.8,86.4,88.3,836.2901,1110,12348647.04,11126,324,10801,-3.34,-0.06
045278,Carrollton Exempted Village,83.4,82.8,83,1700.0108,2077,27415269.93,13199,576,12624,2.66,0.03
045286,Chagrin Falls Exempted Village,111,111,109.2,1607.401,1873,37178251.22,19845,248,19597,13.6,0.19
045294,Chesapeake Union Exempted Village,86.9,83.6,82.1,1095.7834,1540,17063982.57,11083,898,10185,-8.65,-0.13
045302,Clyde-Green Springs Exempted Village,89.8,88,87.6,1893.1003,2362,28657890.99,12134,634,11500,2.38,0.03
045310,Coldwater Exempted Village,101.2,100,99.5,1436.9699,1606,18037352.88,11231,278,10953,1.6,0.02
045328,Columbiana Exempted Village,99.6,99,98.8,965.7572,1118,13824760.99,12367,685,11681,-0.44,0
045336,Covington Exempted Village,90,88.7,89.3,731.358,848,12286638.3,14484,467,14017,-2.52,-0.04
045344,Crestline Exempted Village,70.2,63.8,69.1,537.5672,773,12539072.01,16222,1633,14590,-5.57,-0.12
045351,Crooksville Exempted Village,73.8,70.6,73.2,1046.764,1510,18525096.33,12272,865,11407,-5.49,-0.08
045369,Fairport Harbor Exempted Village,72,69.8,69.8,511.5739,673,8308577.98,12345,371,11975,-2.34,-0.05
045377,Georgetown Exempted Village,89.5,89.4,88.9,922.4792,1251,14212746.2,11365,717,10648,-0.62,-0.01
045385,Gibsonburg Exempted Village,84.8,82.6,85.2,709.0926,829,11490875.7,13854,604,13249,-7.53,-0.14
045393,Granville Exempted Village,106.4,105.6,105.6,2454.0153,2786,40308108.99,14469,213,14256,8.62,0.09
045401,Greenfield Exempted Village,83.8,83,82.7,1894.4578,2587,30065200.25,11622,630,10992,-2.74,-0.03
045419,Hicksville Exempted Village School District,102,101.4,100.6,868.6363,1155,14724661.03,12747,550,12197,4.08,0.07
045427,Hubbard Exempted Village,86.4,85.4,88.2,1714.2659,2017,21614799.3,10718,684,10034,-11.42,-0.14
045435,Indian Hill Exempted Village,104.3,104.1,103.9,2121.0401,2401,47218212.57,19668,272,19395,7.97,0.1
045443,Leetonia Exempted Village School District,93.7,92.1,87.1,478.2303,647,10211917.46,15776,1112,14664,3.91,0.09
045450,Lisbon Exempted Village,79.6,78.1,78.3,679.091,944,12315031.67,13051,880,12171,-2.82,-0.05
045468,Loudonville-Perrysville Exempted Village,89.1,87.7,86.3,816.0341,991,15911208.47,16051,1359,14692,-0.76,-0.01
045476,Marysville Exempted Village,95.5,94.5,94.8,5339.791,6874,72665223.82,10571,363,10208,-3.98,-0.02
045484,Mechanicsburg Exempted Village,90,92.8,93,785.1073,954,12320921.39,12919,199,12720,0.81,0.01
045492,Mentor Exempted Village,93.9,93.6,91.7,6759.9021,8670,111749713.59,12890,345,12545,10.7,0.07
045500,Milford Exempted Village,97,98.1,96.8,5753.516,6874,86896803.58,12641,401,12240,3.49,0.02
045518,Milton-Union Exempted Village,84.3,84,88.1,1261.5408,1492,16074751.55,10775,427,10348,-3.3,-0.04
045526,Montpelier Exempted Village,85.4,85.3,83.6,766.4309,978,14539646.96,14867,533,14334,-0.49,0
045534,Mount Gilead Exempted Village,80.4,82.6,81.2,967.247,1232,16476346.09,13371,790,12581,7.56,0.13
045542,Newcomerstown Exempted Village,81.8,80.7,79.5,852.8988,1299,15938226.99,12271,822,11449,-1.69,-0.02
045559,New Richmond Exempted Village,85.1,86.1,85.9,1840.8318,2340,27666075.23,11823,475,11348,-2.34,-0.02
045567,Newton Falls Exempted Village,79.7,75.7,74.8,798.9545,1086,13540914.26,12468,1018,11450,4.2,0.07
045575,Paulding Exempted Village,85.6,82.7,84,1295.3137,1633,21323177.89,13057,757,12300,-10.92,-0.16
045583,Perrysburg Exempted Village,103.5,102.8,102.7,5449.3428,6435,79735653.02,12392,257,12135,23.76,0.17
045591,Rittman Exempted Village,89.9,89.5,91.1,758.9101,922,13558096.08,14708,678,14031,5.11,0.09
045609,Rossford Exempted Village,81.7,80.9,81.4,1522.0837,1870,29771833.86,15920,504,15416,0.67,0.01
045617,Tipp City Exempted Village,99.4,98.6,98.2,2285.4367,2618,31883912.55,12178,351,11827,3.14,0.03
045625,Upper Sandusky Exempted Village,93.6,91.1,89.6,1442.3138,1864,23484112.16,12597,419,12179,-0.4,0
045633,Versailles Exempted Village,109.3,109.5,108.8,1223.1865,1350,18613770.42,13787,232,13555,6.56,0.1
045641,Wauseon Exempted Village,87.1,89.4,88.4,1733.0042,2146,24440027.41,11388,445,10943,-3.89,-0.04
045658,Wellington Exempted Village,80.7,82,81.4,849.6395,1041,15316807.84,14710,649,14061,-8.04,-0.13
045666,Windham Exempted Village,70.7,65.4,68.3,454.942,675,9379476.08,13887,1019,12868,1.85,0.05
045674,Yellow Springs Exempted Village,95.1,93.7,91.2,578.9703,744,12205435.49,16416,484,15932,7.65,0.16
045757,Allen East Local,88.2,87.5,90.4,1035.1914,1242,13236385.97,10657,351,10306,1.3,0.02
045765,Bath Local,98.5,99.2,96.7,1550.8447,1845,24544655.32,13306,474,12832,-5.53,-0.07
045773,Elida Local,89.6,89.9,90.2,1943.6599,2360,25925592.68,10988,753,10234,1.78,0.02
045781,Perry Local,81.7,78.6,78.6,656.3243,877,10148464.37,11573,710,10863,2.93,0.06
045799,Shawnee Local,94,96.5,98.1,2136.7111,2548,31278017.54,12278,334,11944,0.01,0
045807,Spencerville Local,96.7,96.6,96.3,924.0914,1147,13865021.51,12086,386,11700,0.45,0.01
045823,Hillsdale Local,93.5,90.3,89.1,893.3998,1061,13518092.78,12738,204,12535,0.37,0.01
045831,Mapleton Local,88.1,81.4,84.5,735.3349,971,11318023.84,11661,729,10932,4.29,0.08
045856,Buckeye Local,81.8,82,80,1615.8776,2174,22570372.39,10381,296,10085,2.81,0.04
045864,Grand Valley Local,83.5,78.1,80.8,777.3756,951,14618040.9,15369,617,14752,0.83,0.01
045872,Jefferson Area Local,84.5,84.4,84.8,1632.7425,2081,20762913.88,9980,891,9089,7.1,0.09
045880,Pymatuning Valley Local School District,83.9,82.3,82.3,1083.0742,1474,17818106.44,12086,605,11481,-7.59,-0.12
045906,Alexander Local,86.5,86.1,85.5,1351.5411,1841,20788474.54,11294,3280,8014,2.89,0.04
045914,Federal Hocking Local,78.4,73.6,73,793.3039,1105,16567554.37,14995,1181,13814,-1.49,-0.02
045922,Trimble Local,68.1,66.9,67.3,671.9441,1022,16586579.46,16229,878,15351,-4.46,-0.08
045948,Minster Local,109,107.8,108.8,869.2676,955,11636682.02,12189,109,12080,3.06,0.06
045955,New Bremen Local,107.7,108,107.1,803.8879,886,12044279.81,13596,178,13417,3.31,0.06
045963,New Knoxville Local,103,103.6,102.6,394.8608,442,6301523.45,14259,404,13856,0.72,0.02
045971,Waynesfield-Goshen Local,89.8,87.4,88.4,461.1159,559,8879081.59,15871,418,15454,0.05,0
045997,St Clairsville-Richland City,94.8,93.6,94.9,1553.247,1897,22366108.93,11789,2234,9555,-6.86,-0.09
046003,Shadyside Local,95.1,90.3,92.3,675.254,817,11579192.95,14168,427,13741,-3.4,-0.06
046011,Union Local,78.3,79.8,80.4,1231.3664,1523,19595860.42,12863,476,12387,-4.11,-0.05
046037,Eastern Local School District,89.5,91.4,89,1056.6558,1243,16956209.43,13646,1253,12393,0.15,0
046045,Fayetteville-Perry Local,84.3,85.9,87.7,688.8853,785,11164064.82,14230,554,13676,-3.03,-0.05
046060,Western Brown Local,87.2,84.4,83.6,2551.3714,3190,36386758.25,11407,769,10638,-9.52,-0.09
046078,Ripley-Union-Lewis-Huntington Local,77.5,78.1,73.4,679.3629,907,12889525.58,14213,1355,12859,-4.38,-0.08
046094,Edgewood City School District,80.2,79.3,79.8,3101.2604,4069,45096195.01,11082,361,10721,-3.72,-0.03
046102,Fairfield City,85.4,84.3,83,8668.7704,11688,119928173.46,10260,539,9721,2.95,0.02
046110,Lakota Local,96.2,94.6,93,16826.7672,20636,238139115.47,11540,358,11182,8.68,0.04
046128,Madison Local,88.3,87.5,85.6,1443.3592,1815,20827122.25,11478,308,11170,-3.32,-0.04
046136,New Miami Local,68.3,68.5,67,580.5703,852,12030409.23,14114,927,13188,-3.74,-0.08
046144,Ross Local,98.1,96.3,95.6,2293.703,2714,33800831.24,12454,402,12052,3.92,0.04
046151,Talawanda City,87.9,88.2,87.1,2750.7547,3358,41697932.7,12416,412,12004,9.36,0.09
046177,Brown Local,79.9,79.5,79.6,556.1023,772,11158672.37,14452,717,13735,-6.29,-0.13
046193,Graham Local,89.3,83.4,85.9,1448.8082,1851,21697544.45,11720,287,11433,7.26,0.1
046201,Triad Local,87.3,88.2,87.8,763.9063,981,12692062.57,12944,208,12736,-5.67,-0.1
046219,West Liberty-Salem Local,98.4,99.1,98.1,1114.1803,1255,17104466.69,13630,853,12777,3.25,0.05
046235,Greenon Local,82.5,83.2,83.5,1521.5294,1888,20522183.39,10867,435,10432,-2.6,-0.03
046243,Tecumseh Local,81.4,79.5,79.6,2547.6011,3573,37154676.4,10399,516,9884,2.89,0.03
046250,Northeastern Local,84.2,82.9,84.6,2937.5415,3649,39570734.87,10845,411,10434,-9.7,-0.09
046268,Northwestern Local,83.9,82.7,81.6,1531.7056,1867,22561403.56,12087,536,11551,-1.56,-0.02
046276,Southeastern Local,87.8,86.9,87.9,676.7377,845,12250782.08,14503,683,13820,-0.23,0
046284,Clark-Shawnee Local,88.9,85.9,86,1628.2135,2091,25618123.69,12253,479,11774,6.15,0.08
046300,Batavia Local,86,84.4,85.3,2419.8516,3120,27803873.6,8913,439,8473,3.89,0.04
046318,Bethel-Tate Local,90.1,91.4,89.6,1271.2961,1625,18009735.94,11082,538,10545,7.45,0.11
046326,Clermont Northeastern Local,79.4,81.4,82.9,1227.0299,1529,20396514.24,13342,850,12492,-5.95,-0.08
046334,Felicity-Franklin Local,85.2,85.3,83.7,626.2592,863,10697499.55,12389,612,11776,-10.9,-0.24
046342,Goshen Local,90.4,91.8,91.4,2601.064,3669,40186723.26,10954,372,10583,-0.26,0
046359,West Clermont Local,86.3,85.1,84,7560.4879,9793,110288759.27,11262,433,10829,7.31,0.05
046367,Williamsburg Local,96,96,95.7,888.5513,1100,12521806.72,11381,413,10968,0.14,0
046383,Blanchester Local,90.6,85.2,83.5,1095.8312,1425,18307435.58,12847,730,12117,4.71,0.07
046391,Clinton-Massie Local,92.3,89.6,88.4,1524.5657,1794,20963487.22,11683,352,11331,5.15,0.07
046409,East Clinton Local,82.5,81.8,80,1107.0559,1511,18092140.32,11977,631,11346,-5.04,-0.08
046425,Beaver Local,92.2,92.4,90.4,1671.2853,2021,22196783.49,10982,529,10454,4.54,0.06
046433,Crestview Local,92.9,91.3,92.3,1102.1008,1354,16861733.74,12456,169,12288,-3.54,-0.05
046441,Southern Local,71.7,72.1,71.7,770.7352,1051,15271092.96,14534,893,13641,-5.05,-0.09
046458,United Local,89.2,85.3,86.9,953.0213,1108,15482849.92,13975,587,13388,-3.11,-0.05
046474,Ridgewood Local,86.1,87,89.4,1199.6122,1641,17058095.05,10393,2016,8377,2.89,0.04
046482,River View Local,84.2,83.6,86.5,1515.0688,1865,24452906.27,13113,1378,11734,-10.72,-0.14
046508,Buckeye Central Local,94,95.6,95.3,626.0597,758,14186574.15,18718,448,18269,-1.02,-0.02
046516,Colonel Crawford Local,92.1,92.7,91.6,903.0265,1070,13406765.89,12528,327,12200,5.72,0.1
046524,Wynford Local,83.6,84.4,86.4,995.7062,1234,14849526.9,12030,473,11557,-0.77,-0.01
046557,Cuyahoga Heights Local,102.5,102.7,102.5,742.536,907,17889161.47,19731,264,19467,10.54,0.2
046565,Independence Local,102.6,101.5,98,1015.9049,1184,21733212.27,18355,274,18081,3.34,0.06
046573,Olmsted Falls City,93.7,92.7,93.3,3295.2715,4216,54624375.61,12956,121,12835,3.35,0.03
046581,Orange City,106.8,105.3,104.1,1986.7771,2468,60528049.9,24529,297,24233,22.75,0.29
046599,Richmond Heights Local,66.5,64.9,63.7,750.7079,982,15590005.58,15879,707,15172,3.06,0.06
046607,Solon City,112.8,111.1,111.6,4533.9325,5372,86064092.18,16022,273,15749,25.4,0.22
046623,Ansonia Local,95.9,94.3,94.1,804.0861,931,11993720.28,12889,344,12545,0.6,0.01
046631,Arcanum-Butler Local,97.3,95.9,95.9,1087.6072,1284,14419163.72,11227,357,10870,-2.81,-0.04
046649,Franklin Monroe Local,96.1,95.8,96.1,493.3299,555,8255745.7,14872,307,14565,-4.04,-0.09
046672,Mississinawa Valley Local,88.2,88.3,87.5,583.082,805,13223891.39,16429,622,15808,-6.97,-0.15
046680,Tri-Village Local,100,100.4,96.8,811.2807,975,11101179.39,11384,353,11031,8.77,0.16
046706,Ayersville Local,97.2,97.5,100,624.2184,716,9381593.84,13112,340,12771,-5.34,-0.1
046714,Central Local,95,90.9,90.1,860.3907,1032,13695617.34,13265,225,13040,4.85,0.08
046722,Northeastern Local,94.6,93,93.8,909.1244,1076,16034400.94,14899,1038,13861,2.7,0.04
046748,Big Walnut Local,95.1,93.9,94.9,4102.1354,4857,58411358.72,12025,328,11698,0.01,0
046755,Buckeye Valley Local,97.7,94.4,94.3,2242.4479,2733,40052743.5,14656,283,14373,12.95,0.15
046763,Olentangy Local,103.9,103.1,103.3,23231.6874,28736,389837579.87,13566,217,13349,24.72,0.09
046789,Edison Local (formerly Berlin-Milan),96,94,94.2,1348.4843,1829,19712633.84,10776,387,10389,-0.53,0
046805,Margaretta Local,90.8,88.6,87.4,1028.4604,1226,17462558.96,14241,486,13755,-2.17,-0.03
046813,Perkins Local,86.7,86.6,86.6,1816.625,2168,30366983.42,14006,662,13345,4.3,0.05
046821,Vermilion Local,88.6,88.3,89,1582.6078,1941,27170110.92,13997,410,13587,1.46,0.02
046847,Amanda-Clearcreek Local,81.4,79.6,79.7,1476.571,1843,25193451.44,13668,438,13230,-0.03,0
046854,Berne Union Local,88.4,85.3,86.7,801.8084,930,14538031.28,15633,464,15169,-1.39,-0.02
046862,Bloom-Carroll Local,93.4,93,92.7,2266.0776,2558,28825140.07,11267,369,10898,-0.62,0
046870,Fairfield Union Local,89.5,88.8,89.5,1861.8754,2536,28470960.84,11229,440,10789,3.77,0.05
046888,Liberty Union-Thurston Local,88.7,89.2,87.6,1139.0124,1422,20438413.48,14376,374,14003,2.54,0.04
046896,Pickerington Local,90.9,90.1,89.2,11406.8021,16454,165059647.09,10032,257,9775,12.54,0.07
046904,Walnut Township Local,81.7,84.9,84.2,472.8465,686,10960870.02,15983,395,15589,-5.8,-0.13
046920,Miami Trace Local,88.3,90,90.5,2283.5209,2812,36277454.82,12903,682,12221,-6.35,-0.06
046946,Canal Winchester Local,89.1,86.2,86.8,3723.639,5412,60152236.34,11115,472,10643,8.17,0.07
046953,Hamilton Local,82.2,83,85.6,3231.2543,4477,41912870.14,9361,403,8958,-8.01,-0.08
046961,Gahanna-Jefferson City,89.7,88.6,88,8197.2613,10687,129042991.44,12075,612,11463,2.04,0.01
046979,Groveport Madison Local,72.6,69.4,67.5,6327.933,9314,102741326.52,11030,593,10438,3.79,0.03
046995,New Albany-Plain Local,105.1,104.5,104.7,4919.1317,6172,83249025.6,13489,383,13106,10.2,0.08
047001,Reynoldsburg City,72.2,71.4,70.6,7089.3289,9893,113120375.22,11435,673,10762,-0.95,0
047019,Hilliard City,90,88.2,89.4,16001.8816,20352,251149100.96,12340,414,11926,31.78,0.14
047027,Dublin City,97.6,98,97.3,16259.2302,21381,304080558.99,14222,334,13888,17.56,0.08
047043,Archbold-Area Local,99.1,99.4,97.5,1101.6404,1229,16307987.82,13264,442,12823,-5.52,-0.08
047050,Evergreen Local,99.5,96.7,97.1,1117.0788,1305,18910833.82,14495,464,14031,2.1,0.03
047068,Fayette Local,81.9,81.2,79.8,329.594,451,7334166.69,16265,592,15674,-5.19,-0.16
047076,Pettisville Local,95.3,98.2,96.2,465.6331,522,7848573.34,15032,198,14833,-4.34,-0.09
047084,Pike-Delta-York Local,92.6,94.6,95.5,1058.8944,1254,17330030.9,13816,170,13646,0.98,0.02
047092,Swanton Local,90.8,89.4,92.4,1065.9501,1396,17970244.19,12871,419,12451,-8.79,-0.13
047167,Berkshire Local,87.2,85.9,84.8,1294.3626,1504,22279468.62,14818,507,14311,-0.74,-0.01
047175,Cardinal Local,83.8,82.3,83.2,680.4131,857,13192681.39,15386,994,14392,-3.4,-0.06
047183,Chardon Local,101.9,101.9,100.1,2372.7361,2706,42149468.55,15578,473,15104,2.46,0.03
047191,Kenston Local,103.8,104.8,102.5,2463.1909,2784,41583326.34,14935,211,14724,3.02,0.03
047225,West Geauga Local,108.5,108.2,108.1,1914.6145,2197,33985560.28,15468,333,15135,13.68,0.16
047241,Beavercreek City,98.1,97.1,97.5,7822.2514,9840,113379466.56,11522,495,11027,12.5,0.08
047258,Cedar Cliff Local,99.4,96.3,98.6,547.5061,662,8623643.34,13036,399,12637,-0.96,-0.02
047266,Greeneview Local,88.6,88,88.6,1235.4359,1474,17805324.02,12078,493,11585,-7.29,-0.1
047274,Bellbrook-Sugarcreek Local,103,101.6,102.2,2572.4397,2986,36232108.22,12136,112,12024,12.34,0.13
047308,Rolling Hills Local,75.9,75.3,79.3,1441.3373,1980,22097007.43,11161,725,10436,-1.3,-0.01
047332,Finneytown Local,68.7,69,69.4,1135.4662,1673,20867616.13,12476,834,11642,-2.24,-0.03
047340,Forest Hills Local,102.8,101.5,101.3,6705.5658,7932,100961337.72,12728,298,12430,4.77,0.03
047365,Northwest Local,76.1,73,72.8,7585.2893,10979,112227117.13,10222,592,9630,2.88,0.02
047373,Oak Hills Local,95.2,93.7,92.8,7116.2983,9360,102915615.57,10995,470,10525,6.19,0.04
047381,Southwest Local,92.4,89.8,89.3,4038.2079,4893,58733997.13,12003,526,11477,-4.92,-0.04
047399,Three Rivers Local,91.7,89.6,90.3,1877.611,2391,27693857.6,11583,493,11091,4.3,0.05
047415,Arcadia Local,95.9,93,95.9,540.2233,631,8938633.46,14173,342,13831,-1.4,-0.03
047423,Arlington Local,97.1,95.7,97.4,594.5423,663,8422175.79,12711,580,12131,2.11,0.05
047431,Cory-Rawson Local,79.4,77.2,81.2,489.5183,635,10711809.05,16881,600,16280,-2.32,-0.05
047449,Liberty-Benton Local,100.1,99.1,99.1,1513.5915,1670,17747296.6,10630,305,10325,0.97,0.01
047456,McComb Local,85.6,88.1,86.6,582.9333,727,11391920.87,15672,481,15191,-0.87,-0.01
047464,Van Buren Local,96.7,96.3,97.2,1005.0033,1196,14707064.23,12294,334,11960,1.38,0.02
047472,Vanlue Local,83.8,81.5,79,121.2992,155,3598655.97,23290,517,22774,-0.67,-0.03
047498,Hardin Northern Local,86.6,88.5,87,375.0439,422,8710786.94,20643,621,20022,-5.57,-0.13
047506,Ridgemont Local,77.5,80.9,79.3,452.6747,621,8405205.15,13541,549,12992,-4.4,-0.1
047514,Riverdale Local,84.8,81.3,83.3,881.5685,1102,12062837.78,10942,482,10459,-8.68,-0.15
047522,Upper Scioto Valley Local,84.6,78.7,78.9,397.8205,534,7352053.34,13759,801,12957,1.49,0.04
047548,Conotton Valley Union Local,92.2,90.1,85.6,507.671,614,10119416.67,16480,575,15905,9.37,0.22
047571,Holgate Local,87.5,90.4,93.7,380.186,453,7233832.82,15963,450,15512,-3,-0.07
047589,Liberty Center Local,101.3,100.1,96.3,1005.2896,1188,16528338.96,13916,401,13514,1.73,0.03
047597,Patrick Henry Local,95.3,94.4,93.8,833.3505,997,15210024.8,15256,526,14730,-1.5,-0.02
047613,Bright Local,86.7,87.2,88.2,691.2236,857,11607751.34,13539,657,12882,-11.83,-0.23
047621,Fairfield Local,92.2,91.6,90.4,827.2656,967,12760864.57,13196,664,12532,2.5,0.04
047639,Lynchburg-Clay Local,89.8,90.7,90.7,975.5558,1238,16721849.96,13509,524,12985,-5.7,-0.09
047688,East Holmes Local,99.1,98,98.9,1454.3284,1726,23405111.86,13561,813,12748,-2.72,-0.03
047696,West Holmes Local,88.8,88.1,88.3,1634.621,1996,28143873.23,14100,1596,12504,-6.71,-0.08
047712,Monroeville Local,82.9,82.3,80.5,525.0543,696,9542706.61,13713,441,13273,-2.92,-0.06
047720,New London Local,82.9,82.9,84.4,874.5538,1108,19879295.1,17940,798,17142,0.22,0
047738,South Central Local,87.4,83.9,86.1,719.1694,894,11922625.39,13332,548,12784,0.54,0.01
047746,Western Reserve Local,83.3,82.7,83.4,910.6886,1094,14974838.57,13686,680,13005,-0.71,-0.01
047761,Oak Hill Union Local,81.5,82.8,85.7,1055.3955,1471,17898155.71,12165,1555,10610,-12.5,-0.19
047787,Buckeye Local,75,75.6,80.7,1348.0648,1907,27286720.47,14307,1743,12564,-20.01,-0.29
047795,Edison Local,89.3,89.1,84.6,1351.3313,1741,22157322.2,12726,987,11738,-2.65,-0.03
047803,Indian Creek Local,83.1,82.9,79,1888.3597,2694,26625003.96,9883,761,9122,5.17,0.07
047829,Centerburg Local,91.9,93.7,92.8,980.5596,1182,14618866.3,12367,523,11844,-6.03,-0.09
047837,Danville Local,91.2,86.8,87.5,567.1076,722,9404203.51,13025,603,12422,1.89,0.04
047845,East Knox Local,82.1,81.2,78.7,873.0501,1207,14959720.95,12398,740,11659,-2.55,-0.04
047852,Fredericktown Local,93.5,90.9,93.3,1090.9363,1285,14480310.91,11271,823,10448,-1.94,-0.02
047878,Kirtland Local,103.2,102.1,101,1029.424,1148,17451910.52,15197,404,14793,11.41,0.18
047886,Madison Local,84.2,85.4,84.9,2545.5222,3212,34023665.65,10594,494,10100,-4.62,-0.04
047894,Riverside Local,90.2,90.5,89.3,4001.8358,4716,62569592.33,13269,414,12854,-4.5,-0.03
047902,Perry Local,94.2,93,92.1,1475.5207,1743,27355299.44,15691,420,15271,9.36,0.13
047928,Dawson-Bryant Local,91.2,83.8,86.2,1076.641,1574,18338972.09,11648,612,11036,-2.83,-0.04
047936,Fairland Local,90,86.6,87.9,1269.0202,1762,16120228.83,9149,470,8679,-12.87,-0.18
047944,Rock Hill Local,80.8,77.2,76.9,1284.8434,1875,36342671.73,19382,784,18597,-11.21,-0.16
047951,South Point Local,78.4,76.1,77.3,1329.9242,1832,21202199.8,11574,821,10753,-6.98,-0.1
047969,Symmes Valley Local,87.5,81.7,82,713.2353,1004,13265991.65,13215,697,12518,-6.97,-0.13
047985,Johnstown-Monroe Local,94.5,95.2,96,1585.1599,1870,24749872.37,13233,374,12859,-6.11,-0.07
047993,Lakewood Local,84.2,84.8,84.8,1598.3013,2083,28684429.92,13769,500,13269,-1.39,-0.01
048009,Licking Heights Local,85.4,83.7,81.9,5166.9671,6833,70194193.44,10273,392,9881,28.49,0.22
048017,Licking Valley Local,85,84.1,83.5,1996.269,2400,25109376.59,10463,469,9993,-4.81,-0.05
048025,North Fork Local,82,82.6,83,1435.8469,1818,22845069.94,12570,603,11967,-6.16,-0.08
048033,Northridge Local,87.1,87.4,86.3,1128.3751,1341,18819217.67,14037,355,13682,3,0.05
048041,Southwest Licking Local,91.3,89.7,88.7,4891.7069,6499,62632232.52,9637,426,9211,9.62,0.07
048074,Benjamin Logan Local,90.9,91.6,90.2,1538.8102,1827,21540060.36,11789,464,11325,1.08,0.01
048082,Indian Lake Local,92.8,91.2,93,1304.659,1700,21139477.93,12439,427,12012,-3.76,-0.05
048090,Riverside Local,84.6,84.7,85.3,530.3623,724,10244669.92,14142,708,13434,-4.7,-0.1
048116,Avon Local,103.8,101.8,102.2,4218.9603,5023,56667025.51,11282,301,10981,6.55,0.05
048124,Avon Lake City,102,102,101.8,3417.1688,3911,56359926.46,14410,302,14109,4.68,0.04
048132,Clearview Local,67.7,67.7,70,1217.3322,1591,21530245.54,13530,1012,12518,-5.78,-0.08
048140,Columbia Local,95.3,92.5,92.9,1025.673,1196,15577238.5,13023,297,12727,1.57,0.03
048157,Firelands Local,93.6,91.9,90.9,1636.4262,2016,23543448.53,11681,352,11329,-3.15,-0.03
048165,Keystone Local,87.2,89,88.2,1376.5376,1615,20711484.36,12826,416,12410,2.81,0.04
048173,Midview Local,89.8,90.4,89.9,2534.5168,3194,39535142.76,12377,377,11999,3.96,0.04
048207,Anthony Wayne Local,104.2,103.4,102.2,3802.0457,4465,54313826.65,12165,437,11727,1.17,0.01
048215,Ottawa Hills Local,109.2,108.3,106.1,1022.0109,1138,17285496.39,15185,369,14816,8.06,0.14
048223,Springfield Local,79.5,78.5,81.9,3136.8285,4152,50708585.96,12212,543,11669,-1.99,-0.01
048231,Washington Local,74.7,74,71.6,6564.8554,8762,107954963.86,12321,633,11688,6.64,0.04
048256,Jefferson Local,85.6,85.1,85.6,931.6016,1133,18179379.63,16043,389,15654,-2.94,-0.04
048264,Jonathan Alder Local,95.9,94.2,93.5,2242.0266,2693,33190821.62,12327,449,11878,7.18,0.08
048272,Madison-Plains Local,88,88.5,88.3,1067.1319,1378,18831032.31,13669,612,13057,-1.47,-0.02
048298,Austintown Local Schools,90.4,88.1,89.7,4092.3298,5537,52437572.68,9470,460,9010,-9.64,-0.08
048306,Boardman Local,94.1,93.6,92.2,3502.1567,4395,54882746.08,12489,633,11856,-2.92,-0.02
048314,Canfield Local,103.9,104.2,104.3,2399.2916,2758,32345522,11727,295,11432,6.64,0.07
048322,Jackson-Milton Local,95.1,94.3,94.8,752.9869,877,11754627.51,13403,551,12852,-3.24,-0.05
048330,Lowellville Local,84.2,81,80.4,450.3796,547,6885435.77,12584,366,12217,-2.26,-0.05
048348,Poland Local,97.1,97.2,96.4,1709.9497,1980,22522902.66,11374,321,11052,-0.06,0
048355,Sebring Local,82.8,78.9,79.9,359.5684,528,8743294.7,16559,935,15624,-3.65,-0.09
048363,South Range Local,102,101.9,101.6,1222.3553,1414,15252004.95,10790,390,10400,-1.9,-0.02
048371,Springfield Local,97.3,95.8,97.7,856.4752,1019,13504172.08,13258,291,12967,-2.06,-0.03
048389,West Branch Local,96,93.6,91.7,1716.9505,2079,23849781.85,11469,480,10990,5.28,0.07
048397,Western Reserve Local,96.6,96.2,98,536.8837,603,8966660.2,14881,650,14232,-3.79,-0.07
048413,Elgin Local,82.6,80.7,84.3,1001.2778,1226,15644472.67,12757,788,11969,0.38,0.01
048421,Pleasant Local,88,89,87.6,1246.7976,1465,15256149.54,10411,519,9892,0.95,0.01
048439,Ridgedale Local,78,78.2,79.7,619.5994,738,10267122.47,13908,1236,12672,-1.06,-0.02
048447,River Valley Local,87.4,87.2,88,1796.2299,2300,33679498.81,14645,378,14267,-2.35,-0.02
048462,Black River Local,88.7,87.8,89.6,908.6688,1066,16985411.72,15938,1384,14554,1.34,0.02
048470,Buckeye Local,96.7,95.1,95.5,1991.3487,2299,27261728.69,11857,411,11446,-5.09,-0.05
048488,Cloverleaf Local,96.2,95,92.7,2317.4596,3091,39841406.46,12889,446,12443,3.93,0.04
048496,Highland Local,106.6,105.1,105,3277.771,3752,44042037.5,11738,343,11395,5.62,0.05
048512,Eastern Local,78.4,76.9,80,695.8807,923,11248432.46,12184,776,11408,-11.32,-0.21
048520,Meigs Local,68.6,64.8,69.2,1549.6188,2217,29055775.99,13106,929,12177,-6.41,-0.08
048538,Southern Local,77,77.7,80.6,671.5188,927,10672737.46,11509,953,10556,-3.5,-0.07
048553,Marion Local,111.7,111.5,110.8,954.2387,1058,11697796.93,11057,334,10723,6.29,0.11
048579,Parkway Local,94.6,92.4,93.7,961.1772,1120,14601966.32,13035,390,12646,-3.42,-0.05
048587,St Henry Consolidated Local,108.3,105.5,106.8,1033.411,1108,11926339.65,10767,608,10160,-2.79,-0.04
048595,Fort Recovery Local,103.3,102.4,102.3,959.6556,1050,12544431.01,11952,285,11667,0.31,0.01
048611,Bethel Local,87,89.7,89,1963.4637,2373,24254144.01,10220,241,9979,1.65,0.02
048629,Miami East Local,99.1,99.4,100.6,1278.5064,1470,19176784.46,13048,312,12735,8.31,0.12
048637,Newton Local,99.7,100.3,97.7,587.9474,642,9313061.47,14506,662,13844,-5.27,-0.11
048652,Switzerland of Ohio Local,79.3,76.7,77.9,1871.6072,2375,59116447.44,24893,1148,23745,-13.14,-0.15
048678,Brookville Local,95.5,94.8,97.9,1512.3257,1810,18326202.9,10123,358,9765,1.17,0.02
048686,Jefferson Township Local,55.3,45.9,47.9,258.7485,391,8795621.35,22516,3076,19440,1.93,0.06
048694,Trotwood-Madison City,58.3,52,51.3,2452.9395,3341,49093436.84,14694,890,13803,6.28,0.07
048702,Mad River Local,78.6,76,76.1,3710.4245,5097,57004096.28,11184,485,10698,-3.51,-0.03
048710,New Lebanon Local School District,79.5,80.9,80.1,1013.8093,1353,16192103.56,11971,1073,10898,-4.71,-0.07
048728,Northmont City,90.5,89,90.3,4639.9904,6034,72492298.51,12014,392,11622,11.3,0.09
048736,Northridge Local,57.1,53,56.7,1629.1362,2241,33472530.69,14934,1054,13880,-8.01,-0.1
048744,Valley View Local,89.1,87,87.5,1695.3583,2090,27001559.04,12921,501,12420,2.66,0.03
048751,Huber Heights City,74.4,72.4,71.9,5659.4832,7619,86431737.45,11344,557,10787,1.4,0.01
048777,Morgan Local,83.7,81.3,82.3,1586.1842,2282,30373039.1,13310,783,12527,-0.57,0
048793,Cardington-Lincoln Local,77,80.3,82.4,915.3882,1306,15385261.41,11785,785,11000,-7.24,-0.12
048801,Highland Local,87.1,86.6,87.2,1696.7849,2085,24505458.99,11754,366,11388,-4.12,-0.05
048819,Northmor Local,90.8,90.6,92.5,978.3274,1185,15874193.03,13397,551,12846,4.77,0.08
048835,East Muskingum Local,95.5,96.5,95.7,2024.0783,2706,25431163.18,9398,366,9032,-3.14,-0.03
048843,Franklin Local,80.1,79.1,79.2,1745.6615,2456,29526003.17,12023,490,11532,-6.53,-0.08
048850,Maysville Local,79.3,78.9,80.6,1921.4975,2661,27380840.29,10288,534,9755,-5.2,-0.06
048876,Tri-Valley Local,91.2,91.5,91.4,2758.4463,3409,38607523.96,11327,630,10697,-1.33,-0.01
048884,West Muskingum Local,87.8,86.1,86.4,1619.609,1967,18003031.91,9154,515,8640,0.65,0.01
048900,Noble Local,86.2,84.1,85.5,1037.5987,1219,23608982.26,19373,491,18882,-8.78,-0.15
048926,Benton Carroll Salem Local,98.4,97,98,1216.9168,1437,21422125.28,14908,432,14476,3.05,0.04
048934,Danbury Local,95.8,92,92.1,516.8992,616,12313378.21,19990,339,19651,1.15,0.03
048942,Genoa Area Local,93.3,89.5,92.3,1205.0111,1367,15249475.52,11155,452,10703,1.16,0.02
048975,Put-In-Bay Local,81.5,82.9,87.8,73.2811,77,3590468.83,46716,615,46101,-2.16,-0.29
048991,Antwerp Local,95.1,96.7,95.7,656.3413,765,10774691.57,14079,468,13611,-5.74,-0.11
049031,Wayne Trace Local,92.2,91.6,93.4,843.1939,1018,16185552.91,15898,596,15302,-5.72,-0.1
049056,Northern Local,88.1,88.9,87.8,2130.9862,2883,29891713.72,10368,470,9899,-4.12,-0.04
049064,Southern Local,72.8,72.5,74.7,577.3843,855,14655242.6,17148,3625,13523,-2.13,-0.04
049080,Logan Elm Local,87.2,87,86.9,1606.1943,2019,26877947.13,13312,607,12705,4.93,0.06
049098,Teays Valley Local,92.9,90.2,91.4,4498.9744,6503,63532760.48,9769,276,9493,0.73,0.01
049106,Westfall Local,84,82.6,83.2,1267.7998,1633,22758954.91,13940,457,13483,-5.39,-0.07
049122,Eastern Local School District,82.3,82.4,81.3,751.724,1012,15097902.6,14914,906,14008,-4.18,-0.07
049130,Scioto Valley Local,75.2,73.1,72.6,1121.0462,1589,17415147.69,10963,1024,9939,-1.41,-0.02
049148,Waverly City,76.4,73.4,74.9,1602.1734,2206,25247270.26,11443,735,10709,-3.19,-0.04
049155,Western Local,71,72,73.4,684.537,927,15115189.42,16314,1936,14378,-3.74,-0.07
049171,Aurora City,104.5,104.2,103.7,2998.2867,3648,51624863.23,14150,271,13879,14.22,0.15
049189,Crestwood Local,86,83.5,84.3,1268.5299,1598,23269096.89,14566,514,14052,2.8,0.04
049197,Field Local,90.6,89.3,91.2,1917.5111,2362,26108801.09,11053,478,10575,0.21,0
049205,James A Garfield Local,90.9,89.1,85.6,1161.9975,1402,17889347.88,12759,594,12166,9.51,0.15
049213,Rootstown Local,88.1,85.1,85,899.4622,1057,14163726.26,13400,406,12994,1.93,0.03
049221,Southeast Local,84.4,83.9,87.4,1371.6855,1641,23892905.67,14563,665,13898,-9.33,-0.12
049239,Streetsboro City,88,85.2,81.8,1902.1652,2368,31573151.29,13334,505,12829,19.03,0.23
049247,Waterloo Local,83.3,85.3,87.5,782.3341,1015,11660268.47,11493,443,11050,3.07,0.06
049270,National Trail Local,86.4,86.3,85.2,863.1123,1193,17728608.02,14857,468,14389,-6.67,-0.11
049288,Preble Shawnee Local,79.7,78.5,78.6,1211.1682,1526,22065340.15,14459,517,13942,1.67,0.02
049296,Twin Valley Community Local,79.5,82.9,79,715.51,1009,12979009.18,12867,438,12429,-2.01,-0.03
049312,Columbus Grove Local,99.5,99,98.7,673.6199,852,10430487.74,12240,439,11800,7.6,0.14
049320,Continental Local,92.4,93.2,93.1,475.5485,605,8903009.45,14710,196,14514,-8.77,-0.2
049338,Jennings Local,94.2,93.2,95.3,320.4901,370,5177370.75,13995,329,13665,-4.59,-0.11
049346,Kalida Local,103.3,105.4,103.4,593.8654,642,7734715.15,12042,176,11866,-1.92,-0.03
049353,Leipsic Local,93.7,92.1,93.5,628.8978,768,9098058.87,11852,283,11568,2.71,0.06
049361,Miller City-New Cleveland Local,108.1,108.2,107.5,511.2263,584,8705590.63,14897,368,14530,-3.78,-0.08
049379,Ottawa-Glandorf Local,97.8,97.7,95.5,1390.0243,1665,20012919.18,12021,287,11734,1.71,0.02
049387,Ottoville Local,102.8,103.1,104.8,478.3346,562,7076000.5,12584,442,12142,1.97,0.04
049395,Pandora-Gilboa Local,94.9,93,95.3,495.4478,609,8831829.76,14496,436,14060,-5.3,-0.12
049411,Clear Fork Valley Local,89.1,88.7,86.6,1462.4008,1857,21370604.38,11507,600,10907,-5.94,-0.07
049429,Crestview Local,87.9,86.1,85.2,872.1795,1055,14559321.21,13799,725,13074,-7.34,-0.12
049437,Lexington Local,94.9,96.1,94.3,2180.6356,2729,30737052.39,11261,362,10899,-7.26,-0.08
049445,Lucas Local,90.7,88.5,87.5,406.2108,451,7820963.93,17346,937,16409,-1.41,-0.03
049452,Madison Local,82.6,81.9,82.3,2575.5058,3482,41430533.07,11898,479,11418,0.1,0
049460,Plymouth-Shiloh Local,88.3,85.9,86.9,603.2953,761,12065042.63,15851,843,15008,2.97,0.06
049478,Ontario Local,95.2,95.3,94.4,1908.2063,2261,23911295.46,10578,303,10275,-0.89,-0.01
049494,Adena Local,74,76.5,77.1,1046.1557,1232,14514043.15,11785,598,11187,-13.5,-0.21
049502,Huntington Local,75.1,75.1,75.3,957.8646,1312,18805514.8,14332,733,13599,-2.8,-0.04
049510,Paint Valley Local,76.6,77.1,80.1,706.123,946,13236940.08,13996,1234,12762,-1.82,-0.03
049528,Southeastern Local,87.8,88.6,87.7,894.0519,1224,15578168.1,12731,816,11916,-0.29,0
049536,Union-Scioto Local,86.6,85.7,87.9,1993.5721,2668,27033056.24,10133,554,9580,-0.04,0
049544,Zane Trace Local,84,82.3,81.9,1135.2813,1548,18719192.61,12094,766,11327,-8.79,-0.13
049569,Lakota Local,85.5,84.3,85.3,893.7177,1033,14206419.36,13752,424,13327,-4.69,-0.07
049577,Woodmore Local,89.6,88.3,89.2,919.1862,1139,12622253.83,11080,535,10545,-6.04,-0.1
049593,Bloom-Vernon Local,97.4,94.4,95.2,763.292,1055,13385396.58,12690,457,12233,0.28,0.01
049601,Clay Local,83.2,81.9,80.4,595.2404,772,9356150.66,12127,592,11535,-0.65,-0.01
049619,Green Local,83.1,83.5,79.4,474.9186,628,9163483.44,14592,720,13872,2.97,0.07
049627,Minford Local,80.4,82.4,83.1,1143.6908,1597,16542366.16,10360,788,9572,-4.64,-0.07
049635,Northwest Local,88.7,85.1,85.8,1092.6171,1493,21426111.27,14350,984,13365,8.48,0.13
049643,Valley Local,88.9,88.2,89,966.9803,1163,15528182.19,13351,627,12724,-0.64,-0.01
049650,Washington-Nile Local,77.3,76.3,77,1066.0437,1608,21102896.71,13127,880,12246,-5.06,-0.07
049668,Wheelersburg Local,92.4,92.2,94.5,1516.9984,1823,16947081.14,9298,488,8810,-1.81,-0.02
049684,Seneca East Local,99.8,95.8,98.4,756.2098,845,12227391.11,14477,400,14077,3.39,0.06
049700,Hopewell-Loudon Local,96.3,97.3,98.4,719.4418,820,10280830.4,12532,477,12054,-3.14,-0.05
049718,New Riegel Local,95.3,94.9,94.7,371.6575,422,6811465.21,16158,415,15743,-0.71,-0.01
049726,Old Fort Local,89.8,90.8,89.6,619.5018,734,11397033.15,15518,454,15063,-3.18,-0.06
049759,Anna Local,102.1,100.9,101.2,1058.6233,1223,14941596.71,12220,290,11930,4.41,0.07
049767,Botkins Local,102.3,100.3,101.2,578.4685,668,9055927.4,13548,231,13318,-2.03,-0.04
049775,Fairlawn Local,96,96,96.3,494.0405,578,8136289.75,14086,531,13554,-6.44,-0.13
049783,Fort Loramie Local,108.2,109.2,108.2,647.7978,711,11027582.13,15503,291,15212,-2.74,-0.05
049791,Hardin-Houston Local,97,92.7,90.6,651.7803,810,11500780.32,14204,424,13779,9.33,0.19
049809,Jackson Center Local,102.5,100.7,99,504.2595,619,8208676.86,13252,569,12683,3.1,0.07
049817,Russia Local,109.7,105.3,108.2,395.2978,431,6165843.36,14311,371,13940,4.71,0.12
049833,Canton Local,85.4,81.8,81.7,1764.3197,2411,31525864.97,13074,738,12336,2.28,0.03
049841,Fairless Local,86,85,84,1201.6922,1512,19593939.81,12958,457,12501,-2.58,-0.03
049858,Jackson Local,100.3,99,98,5693.1398,6748,74748045.53,11076,352,10724,12.46,0.09
049866,Lake Local,101.9,101.7,102.6,3247.3814,3825,41347322.06,10810,332,10478,4.3,0.04
049874,Louisville City,94.7,94.5,94.5,2743.6814,3736,35913302.74,9612,416,9196,1.96,0.02
049882,Marlington Local,88.8,85.3,88.6,1787.0568,2345,30237262.62,12893,436,12457,-2.08,-0.02
049890,Minerva Local,87.5,86.8,87.1,1589.9719,2177,23502801.1,10794,750,10044,-1.88,-0.02
049908,Northwest Local,99.4,99.1,101.4,1599.5602,1918,25776527.17,13439,585,12854,-2.69,-0.03
049916,Osnaburg Local,85,83,84.6,857.2695,1122,11754794.46,10476,383,10093,-5.17,-0.09
049924,Perry Local,93.9,92,92.3,4108.6283,4955,55882478.16,11277,355,10922,0.82,0.01
049932,Plain Local,91.6,90.8,89.8,5716.4169,7193,72129067.37,10028,617,9411,-14.41,-0.1
049940,Sandy Valley Local,86.6,86.3,87.8,1187.9189,1613,18854801.03,11688,531,11158,-6.88,-0.1
049957,Tuslaw Local,98.5,98.5,99.2,1249.5239,1421,16186959.61,11391,376,11015,4.73,0.07
049973,Woodridge Local,84.6,83.3,84.9,1878.7188,2443,33528733.88,13724,581,13143,3.14,0.04
049981,Copley-Fairlawn City,98.5,97.6,99.8,2623.0807,3156,45584439.87,14444,365,14078,-6.44,-0.06
049999,Coventry Local,85.5,84.1,85.8,1384.742,1789,22831341.21,12761,450,12312,-11.93,-0.16
050005,Manchester Local,97.3,96,95.5,1165.3189,1358,19927730.2,14671,283,14388,-4.44,-0.06
050013,Green Local,99,98.7,98.6,3825.2112,4613,53212460.03,11536,458,11077,11.1,0.1
050021,Hudson City,107.1,106.9,105.1,4404.5483,5246,83335954.43,15885,389,15496,21.81,0.18
050039,Mogadore Local,90.7,89.4,89,649.5828,795,11204108.32,14097,496,13602,-4.47,-0.08
050047,Nordonia Hills City,98.8,96.7,99,3223.9313,3850,61107799.15,15871,331,15540,-1.7,-0.01
050054,Revere Local,106.1,104.6,103.8,2859.1406,3293,46216777.63,14035,274,13761,0.89,0.01
050062,Springfield Local,77.9,78.4,77.6,1651.3672,2189,26608922.63,12156,697,11459,4.79,0.06
050070,Twinsburg City,96.9,96.6,97.9,3779.8081,4489,63217256.7,14082,353,13728,2.3,0.02
050096,Bloomfield-Mespo Local,73.3,75,77,197.8725,247,5825439.11,23629,1898,21730,0.93,0.03
050112,Bristol Local,91.5,87.7,84.9,412.0124,522,7440385.97,14248,877,13371,-1.52,-0.03
050120,Brookfield Local,80.7,77.5,78.9,956.2812,1282,14611641.95,11402,1163,10239,-0.67,-0.01
050138,Champion Local,97.8,94.8,94.8,1138.2576,1360,18541573.39,13633,518,13115,4.09,0.06
050153,Mathews Local,88.2,85.3,87.8,578.7509,699,11622084.8,16622,1567,15054,-1.09,-0.02
050161,Howland Local,93.1,91.7,91.8,2253.6756,2714,36647141.8,13504,577,12927,5.38,0.06
050179,Joseph Badger Local,88.9,90,87.7,557.6453,768,10548828.61,13728,522,13206,4.33,0.09
050187,Lakeview Local,98.5,98.6,99.4,1434.4097,1662,19575115.32,11779,1013,10766,0.82,0.01
050195,Liberty Local,72.7,71.7,72.2,1077.1718,1408,17425185.49,12372,1024,11348,-2.87,-0.04
050203,Lordstown Local,99.5,97.5,94.8,376.9796,491,10144969.99,20672,556,20117,-0.04,0
050211,Maplewood Local,101.6,100.8,96.2,594.2464,799,9595553.96,12004,392,11612,2.96,0.06
050229,McDonald Local,94.3,96.8,95.6,692.3969,826,9974053.56,12075,180,11894,3.7,0.07
050237,Southington Local,87.6,88.5,93,428.7509,537,6007020.25,11188,642,10546,-0.66,-0.01
050245,LaBrae Local,83.3,83.7,85.5,976.485,1209,15357939.53,12701,789,11912,-4.82,-0.08
050252,Weathersfield Local,100.7,99.9,97.9,885.5967,1121,14578572.04,13009,477,12532,5.09,0.09
050278,Garaway Local,97.1,95.6,94.4,1050.1226,1222,16033153.64,13124,741,12383,0.6,0.01
050286,Indian Valley Local,94.4,92.6,92.7,1545.7081,2024,25955829.93,12825,375,12450,4.18,0.05
050294,Strasburg-Franklin Local,92.7,86.8,89.4,474.2033,569,8220333.17,14454,610,13844,-2.86,-0.06
050302,Tuscarawas Valley Local,94.6,92.7,94.7,1214.1959,1576,17906015.25,11358,503,10855,5.24,0.08
050328,Fairbanks Local,100,99.1,98.1,1028.1149,1201,16833653.82,14022,479,13543,1.25,0.02
050336,North Union Local School District,87,88.4,91.3,1354.717,1624,23104186.79,14226,436,13790,-3.1,-0.04
050351,Crestview Local,98,98,97.9,940.5114,1092,13973720.57,12793,384,12409,-5.51,-0.09
050369,Lincolnview Local,94.8,93.7,97,801.0479,956,13369547.47,13987,396,13591,1.66,0.03
050393,Vinton County Local,81.1,81.1,79.6,1631.584,2248,32890946.16,14633,1191,13442,-11.9,-0.15
050419,Carlisle Local,85.7,86.2,86.2,1488.8384,1834,24785540.68,13514,330,13185,-3.1,-0.04
050427,Springboro Community City,99.2,99.3,99.7,5762.8538,6752,69008748.29,10220,260,9960,7.6,0.05
050435,Kings Local,97.4,96.7,97.5,4898.333,6145,71354536.06,11612,340,11272,0.46,0
050443,Little Miami Local,92.6,91.6,91.8,5359.3222,6374,73344856.3,11508,302,11206,7.6,0.06
050450,Mason City,103.4,103.1,102.5,9867.4147,11795,151636729.46,12856,257,12599,25.44,0.14
050468,Wayne Local,102.9,102.4,102,1455.1964,1652,21817090.93,13208,315,12893,3.89,0.05
050484,Fort Frye Local,92.9,91,90.6,862.5566,1039,16605693.26,15988,786,15202,0.31,0.01
050492,Frontier Local,80.3,81.5,80.8,529.6164,735,9866797.73,13427,636,12791,-4.97,-0.11
050500,Warren Local,89.4,89.7,90.2,1980.0281,2623,25529061.25,9732,386,9346,-3.33,-0.03
050518,Wolf Creek Local,86.1,84.4,86.6,589.0593,712,11173856.02,15688,447,15241,-5.59,-0.11
050534,Chippewa Local,101.4,101.4,98.5,1135.071,1306,16384044.88,12549,491,12058,4.57,0.07
050542,Dalton Local,100,99,98.6,848.14,1006,12899868,12827,932,11895,1.87,0.03
050559,Green Local,94.5,94.7,94.4,1004.4021,1132,14722499.96,13007,1977,11030,6.13,0.1
050567,Norwayne Local,99.3,98.9,98,1214.4841,1422,16460626.78,11580,603,10977,-3.68,-0.05
050575,Northwestern Local,91.1,90.3,91,1217.0892,1396,19409369.54,13905,634,13272,-3.97,-0.05
050583,Waynedale Local,87.5,90.2,92,1001.0716,1235,20460699.64,16571,4530,12041,-0.33,0
050591,Triway Local,95.3,93.9,94.8,1373.8672,1836,23912727.62,13026,458,12568,-0.84,-0.01
050617,Edgerton Local,95.1,94.7,92.1,496.5735,674,8298722.44,12318,308,12010,0.66,0.02
050625,Edon Northwest Local,91,90.6,90.1,512.7438,616,7743779.59,12568,510,12058,-1.73,-0.03
050633,Millcreek-West Unity Local,85.8,86.1,88.8,497.2096,622,8687335.93,13962,482,13481,-0.92,-0.02
050641,North Central Local,84,81.4,82.2,501.9136,605,9488969.48,15677,561,15116,-5.4,-0.12
050658,Stryker Local,83.3,84.6,85.7,372.8181,454,7169150.29,15793,528,15264,-1.11,-0.03
050674,Eastwood Local,98.8,98.6,98.3,1403.7806,1685,22622436.77,13427,338,13088,-1.02,-0.01
050682,Elmwood Local,85.2,85.7,89.9,1117.0255,1424,18067936.68,12688,332,12356,-10.63,-0.16
050690,Lake Local,86.5,84.2,86.7,1531.2415,1848,22847541.87,12362,193,12169,-3.53,-0.04
050708,North Baltimore Local,81.2,80.5,81,578.9216,804,12272094.44,15262,906,14356,0.18,0
050716,Northwood Local Schools,82.7,80.2,79.7,810.6763,1044,15530072.72,14876,356,14520,5.77,0.1
050724,Otsego Local,90.8,87.6,87.7,1526.1507,1840,21288224.73,11570,441,11128,7.22,0.09
050740,Mohawk Local,97.3,95.7,96.5,829.9427,1006,13695200.25,13619,304,13315,-4.59,-0.08
061903,Adams County Ohio Valley Local,80.6,79.9,80.4,3394.3416,4591,57164020.52,12450,1473,10978,-9.82,-0.09
065680,Gallia County Local,77.6,75.9,76.7,1991.9765,2670,35256591.62,13207,2191,11016,-10.83,-0.13
069682,East Guernsey Local,82.8,78.1,82.5,992.4635,1246,18282480.56,14670,813,13857,-1.67,-0.02
091397,Tri-County North Local,85.6,82.5,85.4,677.555,837,13360158.82,15959,726,15233,-2.96,-0.05
139303,Monroe Local,95.3,94.6,94.1,2718.2725,3310,37605327.99,11362,344,11017,3.38,0.03
