irn,district,county,foundation_funding_pre_reduction,net_open_enrollment,net_excess_cost,scholarship_deduction,community_stem_deduction,student_wellness_success,enrollment_growth_supplement,funding_base
000442,Manchester Local SD,Adams,3712452.63,64227.78,0,0,-163263.52,354715.56,0,3968132.45
043489,Akron City SD,Summit,200839446.33,-6935565.46,0,-12659702.95,-26656207.55,7371568.8,25067.04,161984606.21
043497,Alliance City SD,Stark,25824558.04,-1180488.08,0,-109201.21,-478507.8,979894.8,0,25036255.75
043505,Ashland City SD,Ashland,12956281.64,-38878.38,0,-10034,-976433.27,701847.53,0,12632783.52
043513,Ashtabula Area City SD,Ashtabula,26980091.52,-2716274.74,0,-975766.9,-707824.65,1139230.8,0,23719456.03
043521,Athens City SD,Athens,7636725.32,709881.98,0,-354086.29,-611361.6,877568.4,0,8258727.81
043539,Barberton City SD,Summit,29396095.1,-1312839.23,0,-216486.73,-1096437.75,1252738.8,0,28023070.19
043547,Bay Village City SD,Cuyahoga,4484420.02,-10474.8,0,-263094.65,-116931.49,107580.33,2338.63,4203838.04
043554,Beachwood City SD,Cuyahoga,1029871.1,-18060,0,-667772.4,-65151.15,60204.76,75842.96,414935.27
043562,Bedford City SD,Cuyahoga,8281942.12,-273952.08,0,-850750.64,-1902116.22,862968.53,0,6118091.71
043570,Bellaire Local SD,Belmont,9380327.27,-555968.06,0,-262982.66,-207757.01,493774.59,0,8847394.13
043588,Bellefontaine City SD,Logan,14445365.43,-851787.53,0,-8148.9,-489797.03,815623.18,0,13911255.15
043596,Bellevue City SD,Huron,9656554.65,-467417.9,0,-159043,-474490.84,236216.55,0,8791819.46
043604,Belpre City SD,Washington,4075414.62,-509223.43,0,0,-214365.16,263340.84,0,3615166.87
043612,Berea City SD,Cuyahoga,10480549.98,-206774.82,0,-611069.6,-2612105.47,812969.79,0,7863569.88
043620,Bexley City SD,Franklin,4384352.96,-35763.28,0,-284678.17,-240510.25,109546.19,196869.58,4129817.03
043638,Bowling Green City SD,Wood,8329850.38,-783264.3,0,-768284.93,-632607.78,701247.91,49713.99,6896655.27
043646,Brecksville-Broadview Height,Cuyahoga,4721283.86,-23970.12,0,-789136.46,-430977.36,191566.79,0,3668766.71
043653,Brooklyn City SD,Cuyahoga,1139036.9,-165621.4,0,-22756.25,-610450.8,402494.4,0,742702.85
043661,Brunswick City SD,Medina,26857368.65,-308505.71,0,-421771.23,-999998.12,404481.33,0,25531574.92
043679,Bryan City SD,Williams,7609576.41,61469.45,0,-469004.17,-209510.69,754993.45,0,7747524.45
043687,Bucyrus City SD,Crawford,11933448.21,-1989816.99,0,-20952.5,-793101.21,384739.2,0,9514316.71
043695,Cambridge City SD,Guernsey,13196491,-1039650.61,0,-26747.5,-498104.44,661608,0,12293596.45
043703,Campbell City SD,Mahoning,15048991.4,-1074835.85,0,-365632.52,-931098.73,360925.2,0,13038349.5
043711,Canton City SD,Stark,97682548.88,-2332180.37,0,-4079020.8,-10378455.13,2771506.8,0,83664399.38
043729,Celina City SD,Mercer,12306826.3,-1648987.56,0,-143060.5,-468200.5,881793.74,0,10928371.48
043737,Centerville City SD,Montgomery,13167113.72,-289572.62,0,-586477.64,-1003871.89,484305.43,335014.31,12106511.31
043745,Chillicothe City SD,Ross,15607198.12,-2407003.89,0,-483280.01,-582407.49,892416.52,0,13026923.25
043752,Cincinnati City SD,Hamilton,205975703.34,1585695.74,0,-34565764.58,-49054700.21,12528111.6,1555280.4,138024326.29
043760,Circleville City SD,Pickaway,11495152.51,259633.71,0,-205695.44,-515118.65,729184.55,3447.87,11766604.55
043778,Claymont City SD,Tuscarawas,15965860.86,-1013014.86,0,-101249.9,-310343.67,942382.98,0,15483635.41
043786,Cleveland Municipal SD,Cuyahoga,445674459.33,4851453.44,0,-29074957.12,-130522674.37,12577827.6,0,303506108.88
043794,Cleveland Hts-Univ Hts City,Cuyahoga,21307454.95,-803005.91,0,-12201656.21,-3067729.77,1380518.21,0,6615581.27
043802,Columbus City SD,Franklin,346780602.46,-1027047.96,0,-39531497.48,-174359907.96,16818199.2,0,148680348.26
043810,Conneaut Area City SD,Ashtabula,11082116.52,-50870.47,0,-85804.91,-497822.19,808606.77,0,11256225.72
043828,Coshocton City SD,Coshocton,12385986.83,-919023.24,0,-207039,-645284.36,529531.2,52496.43,11196667.86
043836,Cuyahoga Falls City SD,Summit,15741556.42,674219.26,0,-711067.71,-1360031.81,613996.89,0,14958673.05
043844,Dayton City SD,Montgomery,191220328.55,-6428289.26,0,-16513988.91,-55279268.82,4205408.4,0,117204189.96
043851,Deer Park Community City SD,Hamilton,3381254.21,-124239.78,0,-162087.47,-142882.59,111933.55,0,3063977.92
043869,Defiance City SD,Defiance,16744075.36,-549538.56,0,-245899.25,-503811.59,836755.02,0,16281580.98
043877,Delaware City SD,Delaware,17296541.57,254744.11,0,-710772.08,-1424890.32,741347.62,167154.18,16324125.08
043885,Delphos City SD,Allen,3842895.01,-379940.82,0,-191824.54,-126130.96,269004.42,0,3414003.11
043893,Dover City SD,Tuscarawas,8612113.45,-203881.61,0,-22890,-364952.51,426487.37,0,8446876.7
043901,East Cleveland City SD,Cuyahoga,31522727.53,1186555.03,0,-995483.74,-5034121.6,636105.6,0,27315782.82
043919,East Liverpool City SD,Columbiana,21338273.54,-1339965.43,0,-105100,-912583.29,729237.6,66460.87,19776323.29
043927,East Palestine City SD,Columbiana,8141425.17,-1079408.37,0,-11269.25,-179951.57,495922.48,0,7366718.46
043935,Eaton Community Schools City,Preble,10477748.57,-553452.95,0,-10025,-413220.95,608214.59,0,10109264.26
043943,Elyria City SD,Lorain,38478069.16,-1718570.12,0,-1347549.72,-5774617.63,2040717.6,0,31678049.29
043950,Euclid City SD,Cuyahoga,44251239.64,-1330445.44,0,-7427072.9,-12437740.22,1632888,0,24688869.08
043968,Fairborn City SD,Greene,21445923.84,-26799.52,0,-496447.9,-3575300.74,1316453.85,13606.92,18677436.45
043976,Fairview Park City SD,Cuyahoga,2704228.39,-60511.52,0,-161344.07,-408525.38,298436.26,0,2372283.68
043984,Findlay City SD,Hancock,22800429.87,-625268.94,0,-695541.13,-1287940.06,1502629.4,0,21694309.14
043992,Fostoria City SD,Seneca,15199253.79,-2234203.33,0,-394535.8,-1104336.51,591595.2,7191.43,12064964.78
044008,Franklin City SD,Warren,12459348.07,205130.85,0,-335179.29,-1106757.35,768747.53,0,11991289.81
044016,Fremont City SD,Sandusky,17717126.07,-2234271.55,0,-364690.11,-1413328.86,1599782.58,0,15304618.13
044024,Galion City SD,Crawford,14129206.53,-683899.47,0,-201181.75,-1260228.63,556542,0,12540438.68
044032,Gallipolis City SD,Gallia,11580079.4,-66135.12,0,0,-292066.37,823501.15,0,12045379.06
044040,Garfield Heights City SD,Cuyahoga,24029451.13,-883011.84,0,-1644419.82,-3642556.43,1237924.8,0,19097387.84
044057,Geneva Area City SD,Ashtabula,11414070.61,491586.92,0,-307636.37,-766030.56,992907.53,0,11824898.13
044065,Girard City SD,Trumbull,12267805.72,1247921.17,0,-177095.4,-344857.2,596599.87,32640.43,13623014.59
044073,Grandview Heights City SD,Franklin,1484058.27,-14905.52,0,-43867.65,-74102.44,42713.63,2666.29,1396562.58
044081,Winton Woods City SD,Hamilton,19679934.29,555499.97,0,-1113039.91,-2122884.55,1103652.75,251155.03,18354317.58
044099,Greenville City SD,Darke,13092775.53,-2362621.65,0,-155906.2,-518597.41,1345639.43,0,11401289.7
044107,Hamilton City SD,Butler,76280243.44,-1140009.19,0,-1776634.85,-2936208.1,3328322.4,0,73755713.7
044115,Heath City SD,Licking,6344926.37,1351144.55,0,-227162.51,-355329.55,313204.67,14837.39,7441620.92
044123,Hillsboro City SD,Highland,14893283.45,-509569.04,0,-82375,-751950.73,1129589.84,0,14678978.52
044131,Huron City SD,Erie,2294988.08,281748.23,0,-27202.92,-221306.41,344421.91,0,2672648.89
044149,Ironton City SD,Lawrence,9986634.83,76816.65,0,0,-206414.41,374154.9,0,10231191.97
044156,Jackson City SD,Jackson,14153829.36,814268.44,0,-224056.55,-358238.11,1170273.18,0,15556076.32
044164,Kent City SD,Portage,13089626.78,1240467.44,0,-250870.5,-858000.88,924998.76,0,14146221.6
044172,Kenton City SD,Hardin,11271949.84,202701.56,0,0,-597622.5,899263.95,0,11776292.85
044180,Kettering City SD,Montgomery,16586450.61,-324394.31,0,-748997.7,-1509519.82,1248307.17,36083.82,15287929.77
044198,Lakewood City SD,Cuyahoga,17477847.54,-157784.2,0,-423493.86,-1350807.19,1298446.11,0,16844208.4
044206,Lancaster City SD,Fairfield,28680033.48,-1390890.85,0,-500918.76,-1604924.73,2032776.76,77747.74,27293823.64
044214,Lebanon City SD,Warren,20948813.2,-555215.76,0,-730177.04,-1225546.29,436879.21,5922.6,18880675.92
044222,Lima City SD,Allen,45124572.28,-3822391.77,0,-3471788.89,-2444665.77,1212850.8,0,36598576.65
044230,Lockland City SD,Hamilton,4162188.02,-111433.45,0,-224811,-406975.59,192398.4,33580.21,3644946.59
044248,Logan-Hocking Local SD,Hocking,21673330.19,181233.81,0,-139700.17,-468779.35,1085969.39,0,22332053.87
044255,London City SD,Madison,8151477.14,212384.26,0,-89246.55,-556348.9,678521.7,89140.89,8485928.54
044263,Lorain City SD,Lorain,90890702.14,-5647675.06,0,-7197550.14,-19310980.61,2073020.4,0,60807516.73
044271,Loveland City SD,Hamilton,12875114.78,-219483.19,0,-525230.45,-474581.78,297227.62,0,11953046.98
044289,Madeira City SD,Hamilton,2652699.06,-55514.43,0,-158923.66,-16832.91,47150.98,30810.23,2499389.27
044297,Mansfield City SD,Richland,36912015.5,-1841946.07,0,-2459980.92,-9550663.57,1144695.6,0,24204120.54
044305,Maple Heights City SD,Cuyahoga,26255740.32,-781360.51,0,-1430125.03,-4598679.23,1239015.6,57705.61,20742296.76
044313,Mariemont City SD,Hamilton,3095254.66,-82733.26,0,-171583.97,-76285.42,97067.52,0,2861719.53
044321,Marietta City SD,Washington,8950320.55,-424056.28,0,-84200.95,-674266.54,865350,0,8633146.78
044339,Marion City SD,Marion,44559165.37,-2906627.78,0,-212948,-3686154.2,1486054.8,270601.24,39510091.43
044347,Martins Ferry City SD,Belmont,10470938.5,301192.34,0,-95130,-248991.73,434437.88,52597.23,10915044.22
044354,Massillon City SD,Stark,29687436.07,37242.63,0,-346437.32,-867725.11,1371700.8,0,29882217.07
044362,Maumee City SD,Lucas,5931312.08,77875.04,0,-115747.7,-738496.9,387917.28,0,5542859.8
044370,Mayfield City SD,Cuyahoga,2663968.85,-55532.16,0,-816279.75,-469968.89,255861.2,129312.31,1707361.56
044388,Medina City SD,Medina,18366514.07,-708463.99,0,-454038.98,-1142861.78,505042.08,0,16566191.4
044396,Miamisburg City SD,Montgomery,16230911.81,-377286.86,0,-422665.15,-1274388.43,1161360.17,0,15317931.54
044404,Middletown City SD,Butler,39772007.81,-1911025.41,0,-2028906.4,-8399204.24,2112886.8,30186.55,29575945.11
044412,Mount Healthy City SD,Hamilton,30481601.03,-1683531.71,0,-2203520.46,-4733808.42,1062903.6,0,22923644.04
044420,Mount Vernon City SD,Knox,17000197.78,-226568.87,0,-365540.94,-914316.06,1455908.57,0,16949680.48
044438,Napoleon City SD,Henry,8919627.92,-896559.66,0,-342649.5,-258559.44,482514.72,0,7904374.04
044446,Nelsonville-York City SD,Athens,10590884.17,438445.13,0,-27000,-256818.01,387599.34,0,11133110.63
044453,Newark City SD,Licking,38373233.24,-1505824.35,0,-1131884.53,-3368101.04,2240244,288440.01,34896107.33
044461,New Boston Local SD,Scioto,3388539.7,525112.56,0,-36973,-178416.81,144565.2,0,3842827.65
044479,New Lexington City SD,Perry,15987473.56,78918.71,0,-60788.87,-379881.5,959609.92,0,16585331.82
044487,New Philadelphia City SD,Tuscarawas,12676427.44,-802758.11,0,-98010,-1094056.14,1037402.52,83608.79,11802614.5
044495,Niles City SD,Trumbull,17424731.57,-987342.25,0,-301039.03,-1048192.84,773636.4,0,15861793.85
044503,North Canton City SD,Stark,16022450.43,-275563.52,0,-503720.51,-425299.19,303456.73,0,15121323.94
044511,North College Hill City SD,Hamilton,12956059.42,-518297.56,0,-795072.55,-1781090.12,503368.89,0,10364968.08
044529,North Olmsted City SD,Cuyahoga,8754507.97,-134804.13,0,-427280.28,-927783.32,379895.64,0,7644535.88
044537,North Ridgeville City SD,Lorain,11803411.03,-261208.41,0,-491913.77,-773471.77,265977.09,272797.57,10815591.74
044545,North Royalton City SD,Cuyahoga,5798703.59,-31270.88,0,-696710.68,-598498.42,208234.91,0,4680458.52
044552,Norton City SD,Summit,7993832.94,2460972.66,0,-212947.27,-306491.12,281206.41,0,10216573.62
044560,Norwalk City SD,Huron,14858555.43,-403311.31,0,-143220.28,-790042.53,854012.98,0,14375994.29
044578,Norwood City SD,Hamilton,7566922.45,-408203.11,0,-420414.9,-609924.48,617702.4,0,6746082.36
044586,Oakwood City SD,Montgomery,6440133.44,-19801.38,0,-10063.41,-212206.01,82771.71,0,6280834.35
044594,Oberlin City SD,Lorain,3741947.46,-214235.54,0,-114489.26,-256139.57,220114.5,3734.94,3380932.53
044602,Oregon City SD,Lucas,12882754.24,1079730.18,0,-159160.54,-631596.57,470235.06,0,13641962.37
044610,Orrville City SD,Wayne,6691576.2,-295650.84,0,-161381.73,-340583.37,402040.8,7392.84,6303393.9
044628,Painsville City Local SD,Lake,28192821.9,-816481.81,0,-681390.56,-889337.53,970570.8,0,26776182.8
044636,Parma City SD,Cuyahoga,35108480.92,-676388.13,0,-5040914.36,-12647092.62,1778294.07,0,18522379.88
044644,Piqua City SD,Miami,18471715.64,-811137.52,0,-315116.64,-487411.77,962512.19,0,17820561.9
044651,Port Clinton City SD,Ottawa,2756385.18,-44395.33,0,-123624.96,-101912.12,430621.68,0,2917074.45
044669,Portsmouth City SD,Scioto,20820583.42,-3343137.5,0,-955488.83,-2570095.58,562878,0,14514739.51
044677,Princeton City SD,Hamilton,6695395.18,-465715.62,0,-635283.87,-946740.7,1762582.21,230487.55,6640724.75
044685,Ravenna City SD,Portage,15887326.3,-1363167.81,0,-232588.49,-2144051.35,715590.92,0,12863109.57
044693,Reading Community City SD,Hamilton,5068431.22,1829664,0,-95723.1,-383902.68,365137.37,0,6783606.81
044701,Rocky River City SD,Cuyahoga,1457363.3,-418.27,0,-267140.68,-191548.28,146472.66,27454.88,1172183.61
044719,St Bernard-Elmwood Place Cit,Hamilton,5074048.31,779228.85,0,-799516,-549379.26,307994.4,0,4812376.3
044727,St Marys City SD,Auglaize,10791241.35,-229558.14,0,-111708.62,-247434.27,646124.01,0,10848664.33
044735,Salem City SD,Columbiana,9377318.5,-1337619.75,0,-93756.95,-559948.01,662817.26,7661.03,8056472.08
044743,Sandusky City SD,Erie,22485727.37,-1956304.39,0,-996395.07,-3205100.93,1097276.4,0,17425203.38
044750,Shaker Heights City SD,Cuyahoga,17238933.97,-175130.29,0,-1035434.61,-716206.21,333456.38,0,15645619.24
044768,Sheffield-Sheffield Lake Cit,Lorain,4709565.64,661346.97,0,-308019.21,-397006.72,341754.9,0,5007641.58
044776,Shelby City SD,Richland,10481371.72,99101.26,0,-241520.01,-555277.96,759245.1,18185.71,10561105.82
044784,Sidney City SD,Shelby,19246393.44,-3197323.9,0,-577953.2,-771540.67,934315.28,0,15633890.95
044792,South Euclid-Lyndhurst City,Cuyahoga,8545337.36,-598773.5,0,-1233031.26,-1738194.35,364481.73,0,5339819.98
044800,South-Western City SD,Franklin,142008795.14,-1012130.27,0,-3307506.85,-14919448.52,7518283.61,1050286.33,131338279.44
044818,Springfield City SD,Clark,76680487.49,-2364041.55,0,-3155780.05,-7399296.83,2581369.2,0,66342738.26
044826,Steubenville City SD,Jefferson,15300525.52,3730977.61,0,-260187.16,-408649.54,843850.8,105322.16,19311839.39
044834,Stow-Munroe Falls City SD,Summit,13702655.21,2085435.64,0,-530743.74,-589377.65,295115.41,131177.6,15094262.47
044842,Strongsville City SD,Cuyahoga,9074316.5,-174341.94,0,-650364.46,-1541916.62,264926.73,5317.21,6977937.42
044859,Struthers City SD,Mahoning,13138335.59,1316629.82,0,-574030.42,-592214.68,608529.6,0,13897249.91
044867,Sycamore Community City SD,Hamilton,3431163.82,-113038.87,0,-661696.54,-186027.37,249829.65,189741.21,2909971.9
044875,Sylvania City SD,Lucas,18597280.93,-471532.03,0,-1309184.25,-1975162.43,504073.8,264953.67,15610429.69
044883,Tallmadge City SD,Summit,9193901.94,-622834.9,0,-291950.95,-458474.92,422866.39,13522.57,8257030.13
044891,Tiffin City SD,Seneca,13099589.08,-460203.13,0,-258287.67,-1291746.88,818570.58,0,11907921.98
044909,Toledo City SD,Lucas,264602314.99,-2743996.29,0,-18954031.81,-61922294.28,7805008.8,329569.68,189116571.09
044917,Toronto City SD,Jefferson,6320658.86,342729.88,0,-179783.45,-169085.42,292917.6,0,6607437.47
044925,Troy City SD,Miami,15446564.68,-225566.95,0,-344491.54,-444035.74,1288721.56,0,15721192.01
044933,Upper Arlington City SD,Franklin,3408123,-51932.82,0,-819421.88,-459376.59,246737.01,218722.4,2542851.12
044941,Urbana City SD,Champaign,11098771.62,-637930.98,0,-155776.73,-1121367.61,898214.73,0,10081911.03
044958,Vandalia-Butler City SD,Montgomery,5513929.38,-305052.59,0,-470072.26,-865013.61,191248.95,0,4065039.87
044966,Van Wert City SD,Van Wert,12614734.97,-1275149.15,0,-21385,-330036.52,917736.18,18548.5,11924448.98
044974,Wadsworth City SD,Medina,18706244.41,-258272.65,0,-359797.92,-385806.88,288724.42,0,17991091.38
044982,Wapakoneta City SD,Auglaize,16975883.5,-621239.63,0,-83021.5,-428334.78,807566.84,0,16650854.43
044990,Warren City SD,Trumbull,56289804.1,-1663615.06,0,-2216272.03,-7300093.18,1574910,0,46684733.83
045005,Warrensville Heights City SD,Cuyahoga,10967362.86,-360172.8,0,-554803.7,-3364433.72,564181.2,112954.17,7365088.01
045013,Washington Court House City,Fayette,16734879.46,-902980.78,0,-10025,-484945.03,728370,0,16065298.65
045021,Wellston City SD,Jackson,13925952.16,-695128.32,0,-168003.75,-267584.47,446029.2,0,13241264.82
045039,Wellsville Local SD,Columbiana,8631391.03,-167837.41,0,-37025,-133489.47,237830.4,0,8530869.55
045047,Westerville City SD,Franklin,44726010.98,-1414392.58,0,-2309298.39,-6377612.1,2062833.84,539250.72,37226792.47
045054,West Carrollton City SD,Montgomery,20127528.19,790298.74,0,-329940.15,-1398017.73,1209909.6,0,20399778.65
045062,Westlake City SD,Cuyahoga,2508821.32,-30100,0,-405528.07,-389029.49,216334.5,0,1900498.26
045070,Whitehall City SD,Franklin,27630492.49,-439877.74,0,-906777.48,-3415103.26,1165726.8,16244.38,24050705.19
045088,Wickliffe City SD,Lake,2420113.19,-48471.52,0,-265578.37,-274961.76,203038.65,0,2034140.19
045096,Willard City SD,Huron,9666536.8,-876480.55,0,-570879.98,-725007.7,727913.88,0,8222082.45
045104,Willoughby-Eastlake City SD,Lake,16476643.74,-262356.65,0,-812039.19,-1286313.01,833056.97,0,14948991.86
045112,Wilmington City SD,Clinton,11914359.86,-1014140.35,0,-510964.5,-998006.06,1254463.45,0,10645712.4
045120,Wooster City SD,Wayne,10712185.01,-1006112.12,0,-374330.63,-727148.51,971437.54,0,9576031.29
045138,Worthington City SD,Franklin,20931447.29,-83816.91,0,-1912426.82,-1949556.74,615339.87,265688.05,17866674.74
045146,Wyoming City SD,Hamilton,5773293.91,-60527.16,0,-179460,-44708.52,89230.97,87553,5665382.2
045153,Xenia Community City SD,Greene,22372118.38,-1571811.69,0,-526685.01,-2744543.4,1832079.37,0,19361157.65
045161,Youngstown City SD,Mahoning,94165330.53,-7208522.64,0,-10851091.87,-19736078.69,1732554,0,58102191.33
045179,Zanesville City SD,Muskingum,31950989.92,-3529728.32,0,-644078.77,-3374704.68,1048708.8,0,25451186.95
045187,Ada Ex Vill SD,Hardin,5206715.44,128922.97,0,-35575,-255311.06,118638.81,0,5163391.16
045195,Amherst Ex Vill SD,Lorain,14643017.85,-465581.53,0,-275885.55,-621482.45,380384.13,0,13660452.45
045203,Barnesville Ex Vill SD,Belmont,5932862.13,749476.3,0,-24817,-112938.84,571468.92,22577.14,7138628.65
045211,Bluffton Ex Vill SD,Allen,4693664.92,1033693.95,0,-27000,-75238,190353.24,4323.99,5819798.1
045229,Bradford Ex Vill SD,Miami,4158972.69,27482.48,0,0,-28216.56,224874,0,4383112.61
045237,Bridgeport Ex Vill SD,Belmont,5416909.55,225167.8,0,-64025,-83760.5,269060.4,0,5763352.25
045245,Harrison Hills City SD,Harrison,10005575.79,-1022049.62,0,-60175.88,-724787.43,659549.81,0,8858112.67
045252,Caldwell Ex Vill SD,Noble,5777659.3,-597253.14,0,0,-178472.66,402448.61,11364.75,5415746.86
045260,Carey Ex Vill SD,Wyandot,5613880.53,213748.49,0,-39600.1,-115840.1,139168.71,846.59,5812204.12
045278,Carrollton Ex Vill SD,Carroll,10799456.96,-593241.01,0,-63803.55,-251625.82,722748.34,0,10613534.92
045286,Chagrin Falls Ex Vill SD,Cuyahoga,1682357.67,129176.12,0,-142281.97,-35012.2,74999.56,0,1709239.18
045294,Chesapeake Union Ex Vill SD,Lawrence,8778653.96,734303.48,0,0,-334096.71,539526.73,0,9718387.46
045302,Clyde-Green Springs Ex Vill,Sandusky,12282000.06,836026.5,0,-49294.08,-461892.51,358232.16,0,12965072.13
045310,Coldwater Ex Vill SD,Mercer,6925941.82,1000860.23,0,-27000,-33129.18,131321.34,0,7997994.21
045328,Columbiana Ex Vill SD,Columbiana,3175221.24,655426.05,0,-66538.36,-100223.7,110885.97,0,3774771.2
045336,Covington Ex Vill SD,Miami,4352073.16,384989.01,0,-32952.25,-160312.09,344473.97,0,4888271.8
045344,Crestline Ex Vill SD,Crawford,6579036.13,-598765.98,0,-180949.61,-535859.01,253442.31,0,5516903.84
045351,Crooksville Ex Vill SD,Perry,9522026.2,1044498.07,0,-2700,-110782.59,524670.17,0,10977711.85
045369,Fairport Harbor Ex Vill SD,Lake,2392648.45,1461692.12,0,-46235,-113827.73,195113.55,40663.21,3930054.6
045377,Georgetown Ex Vill SD,Brown,7210506.34,277377.52,0,-37025,-247996.17,511465.73,52974.98,7767303.4
045385,Gibsonburg Ex Vill SD,Sandusky,5372449.69,232600.37,0,-7460,-144658.75,277178.75,0,5730110.06
045393,Granville Ex Vill SD,Licking,6478175.67,-255597.37,0,-239444.23,-98147.02,144663.54,42202.79,6071853.38
045401,Greenfield Ex Vill SD,Highland,15676752.34,-365750.57,0,-62757,-368167.09,984699.76,0,15864777.44
045419,Hicksville Ex Vill SD,Defiance,6449949.19,379703.8,0,-67230,-126106.2,192563.02,33599.57,6862479.38
045427,Hubbard Ex Vill SD,Trumbull,8699783.65,1357934.89,0,-165285.08,-236843.38,595837.4,0,10251427.48
045435,Indian Hill Ex Vill SD,Hamilton,1297519.33,-33530.91,0,-224814.34,-95736.34,95270.61,121703.38,1160411.73
045443,Leetonia Ex Vill SD,Columbiana,5892926.48,-335769.19,0,-48457.98,-117706.59,253442.44,0,5644435.16
045450,Lisbon Ex Vill SD,Columbiana,5988441.1,363158.81,0,-32924.1,-168108.18,477395.93,0,6627963.56
045468,Loudonville-Perrysville Ex V,Ashland,5218510.79,123513.45,0,0,-287944.03,424014.58,0,5478094.79
045476,Marysville Ex Vill SD,Union,22215027.76,-906090.69,0,-265600.3,-776967.52,419170.82,0,20685540.07
045484,Mechanicsburg Ex Vill SD,Champaign,5051402.43,548023.2,0,0,-194546.06,109767.54,0,5514647.11
045492,Mentor Ex Vill SD,Lake,15772230.71,-319803.82,0,-688223.67,-835146.73,458833.4,0,14387889.89
045500,Milford Ex Vill SD,Clermont,23413302.48,445452.5,0,-594375.04,-674532.54,386139.33,48909.79,23024896.52
045518,Milton-Union Ex Vill SD,Miami,6362842.12,480201.61,0,-37025,-335158,371072.62,0,6841933.35
045526,Montpelier Ex Vill SD,Williams,7858817.66,-286200.16,0,-90300,-297983.56,266527.72,0,7450861.66
045534,Mount Gilead Ex Vill SD,Morrow,7297978.48,-147263.88,0,-264994.92,-548223.14,251040.66,0,6588537.2
045542,Newcomerstown Ex Vill SD,Tuscarawas,7574489.48,-64152.02,0,0,-73024.13,441535.72,0,7878849.05
045559,New Richmond Ex Vill SD,Clermont,5112282.24,525177.14,0,-180287.85,-356104.64,292836.51,0,5393903.4
045567,Newton Falls Ex Vill SD,Trumbull,7358167.97,-473999.94,0,-87190.65,-477689.07,338544,0,6657832.31
045575,Paulding Ex Vill SD,Paulding,9166981.75,-1229441.78,0,-129922.16,-487871.52,232882.09,0,7552628.38
045583,Perrysburg Ex Vill SD,Wood,11794794.54,-322117.06,0,-509051.44,-839504.75,242746.87,364622.04,10731490.2
045591,Rittman Ex Vill SD,Wayne,7499434.36,-166466.35,0,-83038.84,-446791.97,324733.98,0,7127871.18
045609,Rossford Ex Vill SD,Wood,2894504.46,1173894.72,0,-43373,-466276.4,256253.41,29609.39,3844612.58
045617,Tipp City Ex Vill SD,Miami,8175621.18,-294219.6,0,-132178.66,-492966.51,144079.76,36061.24,7436397.41
045625,Upper Sandusky Ex Vill SD,Wyandot,7345180.05,-252111.58,0,-83849.62,-450526.48,690581.09,0,7249273.46
045633,Versailles Ex Vill SD,Darke,8311388.71,-81004,0,0,-112143.71,162339.07,0,8280580.07
045641,Wauseon Ex Vill SD,Fulton,11328685.38,-6843.04,0,-966400.4,-152107.19,747170.48,0,10950505.23
045658,Wellington Ex Vill SD,Lorain,5036513.11,-348068.22,0,-133230.5,-287796.81,395409.5,0,4662827.08
045666,Windham Ex Vill SD,Portage,5703668.59,-385726.19,0,-10790.1,-171059.65,222434.99,0,5358527.64
045674,Yellow Springs Ex Vill SD,Greene,1375260.8,1083044.41,0,-34154.47,-155886.89,107540.2,4029.43,2379833.48
045757,Allen East Local SD,Allen,6519653.83,356708.7,0,-15105.75,-42176.02,316895.24,0,7135976
045765,Bath Local SD,Allen,6070916.53,439110.87,0,-116794.72,-190693.99,361225.4,0,6563764.09
045773,Elida Local SD,Allen,10353057.81,-616835.96,0,-363245.29,-1170226.48,840533.98,0,9043284.06
045781,Perry Local SD,Allen,2246485.99,1382000.33,0,-22220.8,-122077.03,175924.55,0,3660113.04
045799,Shawnee Local SD,Allen,5725564.14,147350.22,0,-259371.54,-395825.67,135102.8,0,5352819.95
045807,Spencerville Local SD,Allen,5866852.8,532638.03,0,-34116.09,-99196.46,363577.77,0,6629756.05
045823,Hillsdale Local SD,Ashland,3676681.29,-41160.8,0,-44229.63,-160675.63,203254.71,0,3633869.94
045831,Mapleton Local SD,Ashland,4814198.21,-223421.04,0,-41490.01,-191781.76,422509.01,0,4780014.41
045856,Buckeye Local SD,Ashtabula,6825365.53,1389247.56,0,-122779.92,-287265.12,548370.42,0,8352938.47
045864,Grand Valley Local SD,Ashtabula,6200011.38,240577.09,0,-27000,-211615.44,510852.99,0,6712826.02
045872,Jefferson Area Local SD,Ashtabula,8298524.27,372224.31,0,-91000.32,-341184.83,697817.29,37249.2,8973629.92
045880,Pymatuning Valley Local SD,Ashtabula,8312669.58,30946.6,0,-53580.42,-255169.6,731481.69,0,8766347.85
045906,Alexander Local SD,Athens,9591946.12,206461.98,0,-194617.35,-376654.26,439601.43,0,9666737.92
045914,Federal Hocking Local SD,Athens,8714113.13,-611287.37,0,-45103.45,-251551.5,458787.61,6509.27,8271467.69
045922,Trimble Local SD,Athens,10071063.38,124242.39,0,0,-110035.72,438139.13,0,10523409.18
045948,Minster Local SD,Auglaize,3414748.12,-15478.04,0,-37025,-28633.64,37704.62,0,3371316.06
045955,New Bremen Local SD,Auglaize,3203727.66,354393.13,0,-37025,-37900.03,63456.27,0,3546652.03
045963,New Knoxville Local SD,Auglaize,2579147.78,-44941.46,0,0,-46786.84,60148.86,0,2547568.34
045971,Waynesfield-Goshen Local SD,Auglaize,3782996.31,163114.1,0,-27000,-51287.69,80542.77,0,3948365.49
045997,St Clairsville-Richland City,Belmont,3371803.15,461031,0,-175265.42,-191332.38,150175.93,31460.36,3647872.64
046003,Shadyside Local SD,Belmont,3509083.28,688444.53,0,-35688.99,-43055.73,100661.45,0,4219444.54
046011,Union Local SD,Belmont,7830285.58,163664.2,0,-87700,-61683.49,464180.42,0,8308746.71
046037,Eastern Local SD,Brown,7493692.57,-266004.85,0,-52667,-209178.34,522863.07,0,7488705.45
046045,Fayetteville-Perry Local SD,Brown,4569579.54,726294.12,0,-14616.47,-137708.29,201568.94,0,5345117.84
046060,Western Brown Local SD,Brown,24919386.04,-313817.1,0,-225933.98,-320119.01,1019026.03,0,25078541.98
046078,Ripley-Union-Lewis Local SD,Brown,7178335.4,-340732.94,0,-71378,-91174.36,325707.25,0,7000757.35
046094,Edgewood City SD,Butler,17021277.73,1218337.44,0,-111425.65,-961088.79,574726.46,127704.11,17869531.3
046102,Fairfield City SD,Butler,33137810.17,669743.38,0,-1355317.11,-1568970.08,1225867.83,113738.51,32222872.7
046110,Lakota Local SD,Butler,48368149.19,254489.91,0,-2720848.56,-1642729.46,941065.68,520909.43,45721036.19
046128,Madison Local SD,Butler,8932249.09,583019.24,0,-80175.06,-381434.7,171172.93,0,9224831.5
046136,New Miami Local SD,Butler,6121310.1,303388.48,0,0,-172844.82,221324.4,0,6473178.16
046144,Ross Local SD,Butler,10535345.77,-65609.71,0,-231461.73,-300857.36,220587.96,25788.68,10183793.61
046151,Talawanda City SD,Butler,7963915.49,167734.09,0,-75296.25,-337152.46,499514.65,51111.26,8269826.78
046177,Brown Local SD,Carroll,3097166.87,-243907.2,0,-27376.51,-126178.81,290113.25,0,2989817.6
046193,Graham Local SD,Champaign,10247575.58,-75438.67,0,-75930.84,-520834.59,614229.41,0,10189600.89
046201,Triad Local SD,Champaign,5561554.68,-169812.29,0,-69010,-144564.25,183035.93,0,5361204.07
046219,West Liberty-Salem Local SD,Champaign,5867293.29,1148032.74,0,-35894.95,-49182.7,99521.73,0,7029770.11
046235,Greenon Local SD,Clark,6344024.64,-493586.91,0,-233146.61,-1120382.43,211719.87,0,4708628.56
046243,Tecumseh Local SD,Clark,18865230.07,733542.14,0,-148037.89,-609974.66,1446968.59,0,20287728.25
046250,Northeastern Local SD,Clark,13082509.41,515180.71,0,-346527.13,-1666234.43,493844.32,0,12078772.88
046268,Northwestern Local SD,Clark,7084508.3,657587.82,0,-118190.51,-687931.34,401764.15,0,7337738.42
046276,Southeastern Local SD,Clark,3959717.52,341079.44,0,-9189.62,-317134.09,146414.48,0,4120887.73
046284,Clark-Shawnee Local SD,Clark,6885319.33,-125006.18,0,-368637.07,-1057041.19,202594.77,0,5537229.66
046300,Batavia Local SD,Clermont,11470077.06,-229576.17,0,-150224.99,-531578.47,574279.19,29086.57,11162063.19
046318,Bethel-Tate Local SD,Clermont,9584229.45,364811.2,0,-34270,-622418.9,295729.19,0,9588080.94
046326,Clermont-Northeastern Local,Clermont,5782323.22,-1056559.88,0,-158043.52,-241901.72,684813.72,0,5010631.82
046334,Felicity-Franklin Local SD,Clermont,7786179.96,-78363.34,0,-53030,-183485.29,155131.66,0,7626432.99
046342,Goshen Local SD,Clermont,17368434.89,1336274.24,0,-69931.4,-355049.25,650370.68,137822.29,19067921.45
046359,West Clermont Local SD,Clermont,30562200.96,-1613726.54,0,-1197491.01,-2180505.17,1011287.12,452992.5,27034757.86
046367,Williamsburg Local SD,Clermont,5320588.11,566793.91,0,-82845.7,-163498.03,363950.66,32550.56,6037539.51
046383,Blanchester Local SD,Clinton,10823781.09,215487.36,0,-30543.43,-276606.88,412688.32,0,11144806.46
046391,Clinton-Massie Local SD,Clinton,8614392.65,670345.3,0,-36969.24,-212512.38,189526.11,0,9224782.44
046409,East Clinton Local SD,Clinton,8684845.15,55825.96,0,-46300,-374086.81,562623.33,0,8882907.63
046425,Beaver Local SD,Columbiana,9430133.37,466732.7,0,-61812.7,-364524.55,649912.05,0,10120440.87
046433,Crestview Local SD,Columbiana,5775915.07,2081875.24,0,-14850,-189911.36,426165.31,0,8079194.26
046441,Southern Local SD,Columbiana,7849380.35,159233.45,0,0,-375871.15,287743.95,0,7920486.6
046458,United Local SD,Columbiana,6625593.22,685908.83,0,-28380.1,-76939.79,402363.79,0,7608545.95
046474,Ridgewood Local SD,Coshocton,8206321.68,159772.66,0,-58194.75,-116063.21,624871.27,0,8816707.65
046482,River View Local SD,Coshocton,8326370.8,-79738.85,0,-50588.75,-337817.74,836196.46,0,8694421.92
046508,Buckeye Central Local SD,Crawford,4914276.93,-504106.64,0,-89051.55,-353511.52,206321.82,0,4173929.04
046516,Colonel Crawford Local SD,Crawford,3871114.52,1301477.29,0,0,-89796.64,227617.87,40551.84,5350964.88
046524,Wynford Local SD,Crawford,5806149.49,1047240.85,0,0,-244215.6,391777.02,0,7000951.76
046557,Cuyahoga Heights Local SD,Cuyahoga,542339.39,1806,0,-84836.04,-58763.23,83404.84,0,483950.96
046565,Independence Local SD,Cuyahoga,612123.01,-16135.84,0,-152616.66,-30855.04,41365.09,38158.08,492038.64
046573,Olmsted Falls City SD,Cuyahoga,13704445.08,-95929.96,0,-287421.6,-435094.43,143618.6,59768.58,13089386.27
046581,Orange City SD,Cuyahoga,1575535.14,-8564.08,0,-501007.21,-63926.18,98156.65,0,1100194.32
046599,Richmond Heights Local SD,Cuyahoga,1800131.77,-216677.72,0,-801860.52,-614492.34,145022.86,27283.39,339407.44
046607,Solon City SD,Cuyahoga,3500894.68,-26307.4,0,-507509.19,-198412.04,214979.14,0,2983645.19
046623,Ansonia Local SD,Darke,4624721.14,629423.2,0,-24510,-61007.49,335562.19,0,5504189.04
046631,Arcanum Butler Local SD,Darke,5833359.31,742517.1,0,-22038,-54072.58,285882.71,2641.61,6788290.15
046649,Franklin-Monroe Local SD,Darke,3338200.35,397803.64,0,-10025,-44730.65,46612.37,0,3727860.71
046672,Mississinawa Valley Local SD,Darke,4723938.04,-118806.26,0,-28727.38,-77831.75,319907.09,5321.34,4823801.08
046680,Tri-Village Local SD,Darke,4211900.82,639346.44,0,-51638.2,-110635.89,247521.93,34571.6,4971066.7
046706,Ayersville Local SD,Defiance,2761964.92,970831.77,0,0,-86068.81,94450.52,0,3741178.4
046714,Central Local SD,Defiance,6611681.12,-211804.36,0,0,-112501.85,355788.25,0,6643163.16
046722,Northeastern Local SD,Defiance,2917930.82,410456.17,0,-100470.36,-103987.54,131408.51,0,3255337.6
046748,Big Walnut Local SD,Delaware,6357827.65,200241.66,0,-515989.78,-502509.42,202333.87,365788.27,6107692.25
046755,Buckeye Valley Local SD,Delaware,4659043.36,-287408.45,0,-214061.45,-553640.18,152773.25,0,3756706.53
046763,Olentangy Local SD,Delaware,12291332.21,-225116.94,0,-1724982.23,-1473604.06,824162.7,1661593.9,11353385.58
046789,Edison Local SD,Erie,5021690.19,592400.92,0,-63909.77,-249051.5,120570.63,0,5421700.47
046797,Kelleys Island Local SD,Erie,11813.63,-6968.88,0,0,0,36000,0,40844.75
046805,Margaretta Local SD,Erie,4150094.58,443475.21,0,-66227.43,-337018.09,107881.71,0,4298205.98
046813,Perkins Local SD,Erie,3572990.03,878904.41,0,-109403,-300427.78,130964.25,0,4173027.91
046821,Vermilion Local SD,Erie,4472476.05,-4521.73,0,-289866.52,-249015.64,316728.42,0,4245800.58
046847,Amanda-Clearcreek Local SD,Fairfield,9731735.17,-75703.42,0,-84796,-154450.05,492882.03,0,9909667.73
046854,Berne Union Local SD,Fairfield,4318119.52,171314.34,0,-20898.42,-222921.02,330998.37,0,4576612.79
046862,Bloom Carroll Local SD,Fairfield,5157005.4,342905.75,0,-343767.46,-371824.27,148515.87,128616.91,5061452.2
046870,Fairfield Union Local SD,Fairfield,9531403.88,1076052.3,0,-111004.8,-352302.48,694430.5,50981.45,10889560.85
046888,Liberty Union-Thurston Local,Fairfield,6315701.68,289220.14,0,-145471.57,-161053.55,482498.32,0,6780895.02
046896,Pickerington Local SD,Fairfield,55788688.62,-560057.73,0,-1003714.71,-2546958.36,698472.07,473177.16,52849607.05
046904,Walnut Township Local SD,Fairfield,1401708.53,-177390.18,0,-4710,-107264.2,176412.61,0,1288756.76
046920,Miami Trace Local SD,Fayette,11094933.47,790993.31,0,-97077.44,-520967.95,926867.94,0,12194749.33
046946,Canal Winchester Local SD,Franklin,19258585.73,124641.75,0,-288561.19,-1178110.12,501961.13,186306.61,18604823.91
046953,Hamilton Local SD,Franklin,24095607.69,-87421.12,0,-335047.09,-1164098.86,1061269.2,0,23570309.82
046961,Gahanna-Jefferson City SD,Franklin,14926693.01,-97973.6,0,-1399549.84,-1720315.19,597293.89,300756.93,12606905.2
046979,Groveport Madison Local SD,Franklin,41636991.91,-1109723.36,0,-2197940.43,-8667509.75,2033517.6,325461.35,32020797.32
046995,New Albany-Plain Local SD,Franklin,3636123.44,-52488.92,0,-575326.35,-465050.2,235085.37,127953.14,2906296.48
047001,Reynoldsburg City SD,Franklin,37904101.11,3166554.86,0,-835848.47,-2517109.61,1295598.08,669431.92,39682727.89
047019,Hilliard City SD,Franklin,50154611.02,-222206.89,0,-1782066.03,-2745155.32,1024254.54,524607.15,46954044.47
047027,Dublin City SD,Franklin,21554736.23,-209200.56,0,-1475263.05,-2253831.08,884756.17,852877.6,19354075.31
047043,Archbold-Area Local SD,Fulton,4017067.11,-158554.39,0,-157725.84,-122537.29,286045.95,0,3864295.54
047050,Evergreen Local SD,Fulton,5083890.15,16767.4,0,-17911.54,-251131.94,83764.81,18169.57,4933548.45
047068,Fayette Local SD,Fulton,3485317.55,-178686.19,0,-59670,-58408.75,178140.12,0,3366692.73
047076,Pettisville Local SD,Fulton,2321245.15,1149047.2,0,-59277,-31377.64,43439.92,47506.61,3470584.24
047084,Pike-Delta-York Local SD,Fulton,7191998.2,-442244.51,0,-307197.5,-334212.02,205479.94,0,6313824.11
047092,Swanton Local SD,Fulton,5519438.87,54179.02,0,-201245.25,-354544.4,154390.06,0,5172218.3
047167,Berkshire Local SD,Geauga,4639088.28,660350.11,0,-123866.38,-328233.08,339657.7,49614.45,5236611.08
047175,Cardinal Local SD,Geauga,2448103.28,-175782.67,0,-41071.5,-283826.75,464577.78,0,2412000.14
047183,Chardon Local SD,Geauga,5452628.35,12608.92,0,-248799.3,-608602.07,175168.67,0,4783004.57
047191,Kenston Local SD,Geauga,3691407.79,129809.6,0,-417780.35,-203706.08,110147.71,0,3309878.67
047225,West Geauga Local SD,Geauga,4462213,-184413.24,0,-379077.72,-361278.21,136048.16,0,3673491.99
047241,Beavercreek City SD,Greene,13607467.96,-286585.64,0,-761165.97,-2601613.96,393360.17,254015.66,10605478.22
047258,Cedar Cliff Local SD,Greene,2607102.89,355487.57,0,-39717.5,-86575.16,73324.57,37818.29,2947440.66
047266,Greeneview Local SD,Greene,5415425.55,689349.07,0,-27000,-169608.13,405756.98,14325.78,6328249.25
047274,Sugarcreek Local SD,Greene,5885451.4,39403.43,0,-79697.61,-312084.96,149709.71,125988.8,5808770.77
047308,Rolling Hills Local SD,Guernsey,9129977.46,-270584.44,0,0,-337766.34,759989.46,0,9281616.14
047332,Finneytown Local SD,Hamilton,7317109.33,-394047.11,0,-272692.6,-634606.1,240958.55,0,6256722.07
047340,Forest Hills Local SD,Hamilton,18406497.21,-480541.39,0,-1178897.7,-469298.69,385239.81,143276.72,16806275.96
047365,Northwest Local SD,Hamilton,30713790.1,-1903702.76,0,-2330363.7,-2572401.02,1738501.81,439903.02,26085727.45
047373,Oak Hills Local SD,Hamilton,28203655.85,-760678.77,0,-1790280.98,-771769.86,609385.12,0,25490311.36
047381,Southwest Local SD,Hamilton,14659665.34,-41589.56,0,-642848.59,-745092.74,571393.16,221404.7,14022932.31
047399,Three Rivers Local SD,Hamilton,5084880.7,1227232.86,0,-290787.84,-236520.82,142783.81,211930.02,6139518.73
047415,Arcadia Local SD,Hancock,2102372.61,802903.56,0,-97683.54,-109980.43,119642.07,0,2817254.27
047423,Arlington Local SD,Hancock,3416591.75,-2183.79,0,-18345.75,-96242.12,174934.1,0,3474754.19
047431,Cory-Rawson Local SD,Hancock,3483480.02,-871802.75,0,0,-114162.96,154227.6,0,2651741.91
047449,Liberty Benton Local SD,Hancock,5071174.04,1472937.37,0,-56849.75,-73619.93,176049.76,85260.82,6674952.31
047456,McComb Local SD,Hancock,4575047.13,-237415.91,0,-87656.72,-58654.16,258749.11,0,4450069.45
047464,Van Buren Local SD,Hancock,1066333.49,-47989.65,0,-22410,-90526.32,131620.63,58138.16,1095166.31
047472,Vanlue Local SD,Hancock,1660373.2,-451306.06,0,0,-18302.06,51531.89,0,1242296.97
047498,Hardin Northern Local SD,Hardin,2818996.58,-12876.32,0,0,-243871.98,171400.41,0,2733648.69
047506,Ridgemont Local SD,Hardin,2861659.62,247188.08,0,0,-68804.13,134511.42,33533.27,3208088.26
047514,Riverdale Local SD,Hancock,6301397.44,-78182.7,0,-32434.25,-183131.53,431115.2,33256.05,6472020.21
047522,Upper Scioto Valley Local SD,Hardin,4175767.05,-766606.3,0,0,-126162.36,201710.72,0,3484709.11
047548,Conotton Valley Union Local,Harrison,2244805.07,402018.31,0,0,-75460.38,159247.67,10128.7,2740739.37
047571,Holgate Local SD,Henry,3146357.32,90296.87,0,-10463.52,-74510.19,174369.96,0,3326050.44
047589,Liberty Center Local SD,Henry,5831137.69,702780.06,0,-102503.32,-32773.21,101774.54,0,6500415.76
047597,Patrick Henry Local SD,Henry,4493961.38,198172.12,0,-81753.14,-92412.67,223376.95,0,4741344.64
047613,Bright Local SD,Highland,5969412.46,-55442.44,0,0,-109412.82,372459.27,35877.5,6212893.97
047621,Fairfield Local SD,Highland,7916464.93,488128.12,0,-15400,-144588.86,323946.28,0,8568550.47
047639,Lynchburg-Clay Local SD,Highland,10314158.04,319010.1,0,0,-128312.1,406061.53,0,10910917.57
047688,East Holmes Local SD,Holmes,4152385.29,1036976.24,0,-27000,-99901.37,461941.37,0,5524401.53
047696,West Holmes Local SD,Holmes,10532482.32,-417876.03,0,-10744.36,-116900.93,868735.49,0,10855696.49
047712,Monroeville Local SD,Huron,3021364.79,320786.61,0,-22840,-153251.42,197065.17,0,3363125.15
047720,New London Local SD,Huron,6745287.24,3508.68,0,-4650,-250907.15,423714.25,0,6916953.02
047738,South Central Local SD,Huron,5876633.1,62968.08,0,-18681.2,-65584.36,296941.5,0,6152277.12
047746,Western Reserve Local SD,Huron,6526121.68,97195.3,0,0,-264695.6,306861,0,6665482.38
047761,Oak Hill Union Local SD,Jackson,10080784.23,-8055.99,0,-20050,-116502.55,625177.95,0,10561353.64
047787,Buckeye Local SD,Jefferson,9344974.67,-1690256.08,0,-127954.25,-361742.5,514568.33,0,7679590.17
047795,Edison Local SD,Jefferson,7695191.14,-2097854.66,0,-161163,-235309.91,499445.48,0,5700309.05
047803,Indian Creek Local SD,Jefferson,9213073.97,-1654415.96,0,-486338.67,-363933.76,586284.05,0,7294669.63
047829,Centerburg Local SD,Knox,5890985.08,181440.22,0,-35982,-188887.98,108367.02,59473.35,6015395.69
047837,Danville Local SD,Knox,3831977.79,235708.13,0,0,-131274.75,286874.92,0,4223286.09
047845,East Knox Local SD,Knox,3926193.98,-994727.56,0,-16127.26,-268018.24,460710.12,1144.06,3109175.1
047852,Fredericktown Local SD,Knox,5995256.61,852094,0,-47922.01,-338075.37,161516.54,27262.19,6650131.96
047878,Kirtland Local SD,Lake,1009455.59,-14387.8,0,-80266.84,-35153.53,62889.64,14551.41,957088.47
047886,Madison Local SD,Lake,12779532.96,980362.08,0,-161107.5,-642708.33,780066.66,0,13736145.87
047894,Riverside Local SD,Lake,8351708.66,-401372.35,0,-294729.55,-1048700.6,286615,0,6893521.16
047902,Perry Local SD,Lake,3693626.95,-214856.88,0,-73429.84,-76683.92,169900.03,0,3498556.34
047928,Dawson-Bryant Local SD,Lawrence,10947738.13,1000819.76,0,0,-137696.24,436637.49,0,12247499.14
047936,Fairland Local SD,Lawrence,8319913.69,-117576.74,0,0,-389558.84,442020.3,0,8254798.41
047944,Rock Hill Local SD,Lawrence,12222782.44,-481394.34,0,0,-198163.92,758999.99,0,12302224.17
047951,South Point Local SD,Lawrence,12536821.96,-1417660.92,0,0,-510709.56,502642.8,0,11111094.28
047969,Symmes Valley Local SD,Lawrence,8126536.59,341958,0,0,-155976.53,433951.8,0,8746469.86
047985,Johnstown-Monroe Local SD,Licking,5062752.13,-178456.13,0,-191659.67,-267544.66,136782.48,163902.91,4725777.06
047993,Lakewood Local SD,Licking,5187993.25,-246666.64,0,-204316.45,-586132.49,512061.39,0,4662939.06
048009,Licking Heights Local SD,Licking,12629056.47,-185470.22,0,-832829.52,-1696991.74,444011.06,428532.41,10786308.46
048017,Licking Valley Local SD,Licking,10561479.63,901741.12,0,-143466.45,-162599.6,673238.52,57976.97,11888370.19
048025,North Fork Local SD,Licking,8120859.46,89676.57,0,-246401.16,-467479.18,720606.88,1154.19,8218416.76
048033,Northridge Local SD,Licking,4610556.3,160874.11,0,-197492.54,-216515.75,78511.88,0,4435934
048041,Southwest Licking Local SD,Licking,16866983.29,-662603.1,0,-666519.39,-1216109.79,288888.26,234863.69,14845502.96
048074,Benjamin Logan Local SD,Logan,6435993.49,387148.25,0,-51373.57,-231750.77,191299.28,0,6731316.68
048082,Indian Lake Local SD,Logan,4512210.56,443971.75,0,-31176.43,-229911.89,768679.84,0,5463773.83
048090,Riverside Local SD,Logan,5229869.83,86757.03,0,0,-97781.91,181556.17,0,5400401.12
048116,Avon Local SD,Lorain,4911849.74,-85724.8,0,-474981.89,-423824.38,202750.23,155003.68,4285072.58
048124,Avon Lake City SD,Lorain,3379145.63,-73805.2,0,-456223.9,-219977.5,174172.51,71392.75,2874704.29
048132,Clearview Local SD,Lorain,11114385.01,3622585.82,0,-113568.43,-900245.82,560588.4,50807.9,14334552.88
048140,Columbia Local SD,Lorain,2132641.7,479914.06,0,-37434.41,-179575.26,87117.89,0,2482663.98
048157,Firelands Local SD,Lorain,6829299.01,1732237.41,0,-132192.5,-232300.82,240954.04,15213.55,8453210.69
048165,Keystone Local SD,Lorain,6140905.13,350423.06,0,-72245.38,-161816.98,87904.58,0,6345170.41
048173,Midview Local SD,Lorain,10652061.54,2054727.15,0,-123621.53,-575469.51,198552.59,0,12206250.24
048207,Anthony Wayne Local SD,Lucas,8080316.3,-494554.23,0,-540426.41,-838457.48,246992.26,43399.7,6497270.14
048215,Ottawa Hills Local SD,Lucas,2622382.17,-18404.58,0,-134920,-117298.93,41223.41,82219.81,2475201.88
048223,Springfield Local SD,Lucas,8970828.04,-724757.72,0,-634172.44,-2136724.17,520141.05,0,5995314.76
048231,Washington Local SD,Lucas,30542718.17,-881730.8,0,-1371595.02,-3291604.92,2234532.54,14610.25,27246930.22
048256,Jefferson Local SD,Madison,4336319.71,273982.24,0,-82785,-214707.48,117697.29,0,4430506.76
048264,Jonathan Alder Local SD,Madison,7878305.3,545316.04,0,-211952.9,-172228.9,284105.89,42175.71,8365721.14
048272,Madison-Plains Local SD,Madison,5097410.13,-622075.93,0,-28471.71,-350486.48,219652.54,0,4316028.55
048298,Austintown Local SD,Mahoning,21666267.32,506695.08,0,-883264.76,-1097524.32,1264913.06,0,21457086.38
048306,Boardman Local SD,Mahoning,9741447.13,-1234341.35,0,-1329348.38,-1133929.16,537541.9,0,6581370.14
048314,Canfield Local SD,Mahoning,6048115.79,-731180.98,0,-397376.67,-438812.23,167008.1,0,4647754.01
048322,Jackson-Milton Local SD,Mahoning,2107257.45,486873.41,0,-10025,-220564.63,341215.21,36371.6,2741128.04
048330,Lowellville Local SD,Mahoning,2063178.03,1515703.56,0,-159299.25,-16221.12,112982.2,0,3516343.42
048348,Poland Local SD,Mahoning,5393556.19,-302728.02,0,-347015,-362194.6,89409.17,0,4471027.74
048355,Sebring Local SD,Mahoning,5317995.62,-356813.26,0,0,-95042.26,137343.6,0,5003483.7
048363,South Range Local SD,Mahoning,4494848.05,1764890.43,0,-110900.78,-343394.08,93274.18,0,5898717.8
048371,Springfield Local SD,Mahoning,4650077.18,-218031.16,0,-205891.9,-337457.6,206656.04,0,4095352.56
048389,West Branch Local SD,Mahoning,11019275.47,854726.25,0,0,-434150.04,671516.32,0,12111368
048397,Western Reserve Local SD,Mahoning,2304776.55,1078592.78,0,-81000,-128207.82,163076.79,0,3337238.3
048413,Elgin Local SD,Marion,6059607.35,659581.74,0,-67230,-232748.46,407886.81,0,6827097.44
048421,Pleasant Local SD,Marion,4268537.11,838562.7,0,-49523.5,-393104.05,398076.4,0,5062548.66
048439,Ridgedale Local SD,Marion,3031039.1,135212.39,0,-52900.5,-250368.68,338931.1,0,3201913.41
048447,River Valley Local SD,Marion,7282049.79,1143592.74,0,-36350,-695249.67,265369.16,3018.09,7962430.11
048462,Black River Local SD,Medina,7007062.38,-654373.96,0,-59407.85,-405444.22,458049.5,0,6345885.85
048470,Buckeye Local SD,Medina,4867061.28,814817.64,0,-91004.31,-385529.91,150771.11,84346.35,5440462.16
048488,Cloverleaf Local SD,Medina,8746886.57,-112236.21,0,-127434.49,-430040.52,231292.17,10735.54,8319203.06
048496,Highland Local SD,Medina,4866903.55,-117504.48,0,-292816.72,-239988.55,187241.94,110740.93,4514576.67
048512,Eastern Local SD,Meigs,6624349.46,158460.82,0,-44550,-110404.39,281561.38,0,6909417.27
048520,Meigs Local SD,Meigs,17217698.59,-461026.65,0,-171214.8,-363487.18,881299.46,0,17103269.42
048538,Southern Local SD,Meigs,5658301.13,2079.02,0,-10224,-131899.05,379895.78,0,5898152.88
048553,Marion Local SD,Mercer,5089914.07,275341.17,0,0,-16280.12,136142.7,0,5485117.82
048579,Parkway Local SD,Mercer,5424709.96,375872.38,0,-4069.5,-88326.2,356060.98,0,6064247.62
048587,St Henry Consolidated Local,Mercer,5457508.66,9083.88,0,0,-6020,47171.59,0,5507744.13
048595,Fort Recovery Local SD,Mercer,5731130.45,219484.6,0,0,0,94019.89,14142.13,6058777.07
048611,Bethel Local SD,Miami,4607214.82,-139236.86,0,-73602.5,-372001.94,147156.68,400235.67,4569765.87
048629,Miami East Local SD,Miami,5540536.6,-173369.77,0,-40032.49,-171370,212181.53,15998.68,5383944.55
048637,Newton Local SD,Miami,3154269.92,658772.89,0,0,-56761.59,190071.24,28080.17,3974432.63
048652,Switzerland Of Ohio Local SD,Monroe,13547315.64,-823914.76,0,0,-396227.13,915075.39,0,13242249.14
048678,Brookville Local SD,Montgomery,6372322.35,-143787.36,0,-27000,-143422.96,119461.61,29817.14,6207390.78
048686,Jefferson Township Local SD,Montgomery,3480307.28,-438179.57,0,-503058.57,-909668.68,177739.29,0,1807139.75
048694,Trotwood-Madison City SD,Montgomery,28766778.01,600713.89,0,-619963.02,-5271818.59,914119.2,147633,24537462.49
048702,Mad River Local SD,Montgomery,26156687.75,4270585.87,0,-514389.88,-1719870,1327086,0,29520099.74
048710,New Lebanon Local SD,Montgomery,7142294.89,927192.98,0,-58529.92,-190475.25,542269.89,0,8362752.59
048728,Northmont City SD,Montgomery,24152775.84,-610593,0,-601650.24,-968349.4,588654.61,0,22560837.81
048736,Northridge Local SD,Montgomery,12126147.17,1370028.75,0,-133725,-1069388.68,557593.2,0,12850655.44
048744,Valley View Local SD,Montgomery,8814934.42,-271623.8,0,-78679.93,-284501.81,518529.15,0,8698658.03
048751,Huber Heights City SD,Montgomery,35893350.06,-1216783.22,0,-747852.39,-3097128.77,1520532.04,88317.31,32440435.03
048777,Morgan Local SD,Morgan,14903023.88,-1086971.32,0,-50800,-319199.02,921812.4,0,14367865.94
048793,Cardington-Lincoln Local SD,Morrow,7030361.63,-94462.97,0,-54000,-360844.92,339768.73,0,6860822.47
048801,Highland Local SD,Morrow,9621484.41,704368.53,0,-55745.68,-315627.18,520999.85,0,10475479.93
048819,Northmor Local SD,Morrow,5288952.02,16640.64,0,-19569.81,-312947.28,460180.16,0,5433255.73
048835,East Muskingum Local SD,Muskingum,9466586.79,844980.8,0,-56549.35,-476058.3,323740.6,41539.29,10144239.83
048843,Franklin Local SD,Muskingum,12394653.45,-121607.65,0,-41850,-466133.1,791425.36,0,12556488.06
048850,Maysville Local SD,Muskingum,13495375.63,1926970.37,0,-68623.25,-812357.73,874340.85,0,15415705.87
048876,Tri-Valley Local SD,Muskingum,17358472.68,1019929.73,0,-60784,-1124108.96,983718.03,0,18177227.48
048884,West Muskingum Local SD,Muskingum,5317004.51,-32897.29,0,-93651.74,-746331.98,210377.9,0,4654501.4
048900,Noble Local SD,Noble,5262786.29,723321.39,0,0,-115912.45,400493.26,0,6270688.49
048926,Benton Carroll Salem Local S,Ottawa,3595533.27,229697.08,0,-113304.2,-243590.41,624932.53,0,4093268.27
048934,Danbury Local SD,Ottawa,595380.4,285750.93,0,-54000,-76423.25,139894.82,20151.56,910754.46
048942,Genoa Area Local SD,Ottawa,5710722.08,721030.81,0,-14744.38,-202648.52,166861.03,0,6381221.02
048959,Middle Bass Local SD,Ottawa,0,0,0,0,0,0,0,0
048967,North Bass Local,Ottawa,19672.64,0,0,0,0,0,0,19672.64
048975,Put-In-Bay Local SD,Ottawa,72912.2,-28910.42,0,0,-12007.13,36000,0,67994.65
048991,Antwerp Local SD,Paulding,4632787.23,316672.96,0,-41310,-94538.2,88574.09,15521.36,4917707.44
049031,Wayne Trace Local SD,Paulding,5099613.3,133813.5,0,-50724.74,-136108.46,337707.71,0,5384301.31
049056,Northern Local SD,Perry,11560943.01,375960.54,0,-147016.85,-407279.14,259193.17,18520.77,11660321.5
049064,Southern Local SD,Perry,8574580.26,-421764.49,0,-8390.97,-148004.3,316473.08,9725.49,8322619.07
049080,Logan Elm Local SD,Pickaway,8123914.21,-41168.65,0,-79555,-311303.84,477779.18,0,8169665.9
049098,Teays Valley Local SD,Pickaway,21032798.02,62876.43,0,-202670.6,-705769.07,358480.1,155037.57,20700752.45
049106,Westfall Local SD,Pickaway,7555840.06,331681.07,0,-54000,-272438.78,535144.91,0,8096227.26
049122,Eastern Local SD,Pike,9828939.88,63734.62,0,-55966.52,-73408.33,499409.81,0,10262709.46
049130,Scioto Valley Local SD,Pike,10755374.47,-458546.9,0,-198625.55,-124418.01,639995.86,0,10613779.87
049148,Waverly City SD,Pike,14117515.58,119781.63,0,-19500,-295250.69,792974.69,0,14715521.21
049155,Western Local SD,Pike,9736320.64,-132060.95,0,-24969.94,-68819.59,295900.58,4285.12,9810655.86
049171,Aurora City SD,Portage,4832721.94,-78998.61,0,-237879,-224344.09,126986.21,40558.14,4459044.59
049189,Crestwood Local SD,Portage,10219031.81,-53734.36,0,-68939.86,-967902.7,297143.9,0,9425598.79
049197,Field Local SD,Portage,6871573.78,-184861.75,0,-228567.06,-836004.1,207944.28,0,5830085.15
049205,James A Garfield Local SD,Portage,6303615.72,1068653,0,-44310.21,-412024.37,521545.14,0,7437479.28
049213,Rootstown Local SD,Portage,5003548.13,141958.28,0,-86810.42,-1417036.84,83325.71,0,3724984.86
049221,Southeast Local SD,Portage,10173461.08,275530.57,0,-95144,-1085597.68,573179.86,0,9841429.83
049239,Streetsboro City SD,Portage,5500656.02,92370.74,0,-105226.84,-878533.85,342238.65,0,4951504.72
049247,Waterloo Local SD,Portage,5787618.9,-605424.22,0,-30305.34,-668874.8,150218.19,0,4633232.73
049270,National Trail Local SD,Preble,6539765.13,9661.79,0,-33730,-275430.24,479015.04,0,6719281.72
049288,Preble-Shawnee Local SD,Preble,8297030.6,-226104.49,0,0,-246059.4,337895.27,2880.28,8165642.26
049296,Twin Valley Community Local,Preble,4889606.6,320688.95,0,-4650,-227793.81,154019.82,0,5131871.56
049312,Columbus Grove Local SD,Putnam,5684735.94,-63463.26,0,0,-102029.86,178576.97,0,5697819.79
049320,Continental Local SD,Putnam,3885048.05,-374088.56,0,0,-165635.85,86141.48,21311.48,3452776.6
049338,Jennings Local SD,Putnam,2308610.93,193826.74,0,0,-27548.78,43096.98,428.41,2518414.28
049346,Kalida Local SD,Putnam,2963390.07,113892.25,0,0,-40295.46,40836.12,0,3077822.98
049353,Leipsic Local SD,Putnam,4440055.32,-29242.13,0,-66440.8,-94929.99,375093.6,0,4624536
049361,Miller City-New Cleveland Lo,Putnam,3089607.73,476921.46,0,0,0,36681.03,1353.51,3604563.73
049379,Ottawa-Glandorf Local SD,Putnam,6408460.55,-12248.33,0,-99476.25,-331963.52,419992.36,11562.58,6396327.39
049387,Ottoville Local SD,Putnam,2427319.84,239840.08,0,0,-21641.02,39219.87,31218.21,2715956.98
049395,Pandora-Gilboa Local SD,Putnam,3261830.62,-176174.41,0,-97.53,-120679.85,45319.71,0,3010198.54
049411,Clear Fork Valley Local SD,Richland,8236751.21,605491.84,0,-140049.13,-443780.93,382230.41,5084.07,8645727.47
049429,Crestview Local SD,Richland,7620681.78,-121604.79,0,-32053.8,-324486.15,185463.13,0,7328000.17
049437,Lexington Local SD,Richland,10335659.52,-1123100.87,0,-375663.31,-587354.11,410490.45,9327.64,8669359.32
049445,Lucas Local SD,Richland,2783050.8,258264.66,0,-40795.54,-137349.79,107632.8,0,2970802.93
049452,Madison Local SD,Richland,19117235.58,-1009424.15,0,-599337.44,-1723226.69,1012341.6,0,16797588.9
049460,Plymouth-Shiloh Local SD,Richland,5287441.18,349292.17,0,-53670.11,-297605.58,347140.61,0,5632598.27
049478,Ontario Local SD,Richland,3347588.04,1883113.37,0,-70860.66,-728068.87,221482.98,61141.17,4714396.03
049494,Adena Local SD,Ross,8528494.82,-115053.26,0,-47084,-123395.03,447023.59,0,8689986.12
049502,Huntington Local SD,Ross,13275664.26,497701.27,0,0,-281544.39,494373.35,0,13986194.49
049510,Paint Valley Local SD,Ross,7528311.44,-88655.22,0,-12725,-154820.4,456636.79,23261.64,7752009.25
049528,Southeastern Local SD,Ross,9051046.94,595831.08,0,-43783,-315848.1,363228.75,0,9650475.67
049536,Union Scioto Local SD,Ross,10517572.86,1983803.76,0,-211639.95,-385193.62,676140.13,23018.53,12603701.71
049544,Zane Trace Local SD,Ross,6243337.86,34644.38,0,-146701.15,-368977.56,400464.58,0,6162768.11
049569,Lakota Local SD,Sandusky,5661228.3,194942.26,0,-46500,-303362.63,360663.68,36628.11,5903599.72
049577,Woodmore Local SD,Sandusky,4824966.32,-151070.32,0,-67477,-105029.22,117859.58,0,4619249.36
049593,Bloom-Vernon Local SD,Scioto,8583667.59,176181.99,0,-51300,-110939.69,248421.43,0,8846031.32
049601,Clay Local SD,Scioto,3894650.2,796188.56,0,-112819.14,-133489.68,115784.51,31049.53,4591363.98
049619,Green Local SD,Scioto,4838443.48,-554963.96,0,-10025,-118071.1,251067.05,0,4406450.47
049627,Minford Local SD,Scioto,11708324.38,-69185.13,0,-65490.29,-237627.8,493693.2,0,11829714.36
049635,Northwest Local SD,Scioto,15963361.86,-846088.31,0,-134244.41,-199779.4,481152.65,0,15264402.39
049643,Valley Local SD,Scioto,9113743.46,1533706.42,0,-54553.08,-93647.74,383541.15,32468.56,10915258.77
049650,Washington-Nile Local SD,Scioto,14602404.68,585028.4,0,-240098.37,-164626.42,682283.02,0,15464991.31
049668,Wheelersburg Local SD,Scioto,7363449.48,1451957.32,0,-42050.5,-372460.93,559422,0,8960317.37
049684,Seneca East Local SD,Seneca,4820440.18,452060.67,0,0,-119621.33,132676.13,0,5285555.65
049700,Hopewell-Loudon Local SD,Seneca,3232818.66,773634.94,0,-34402,-191783.62,112787.23,0,3893055.21
049718,New Riegel Local SD,Seneca,2339305.17,615737.64,0,0,-40795.2,58360.97,15607.42,2988216
049726,Old Fort Local SD,Seneca,3013426.06,1074947.52,0,-15035,-84498.07,102593.95,56079.51,4147513.97
049759,Anna Local SD,Shelby,5690417.33,793350.88,0,0,-79155.21,110237.97,0,6514850.97
049767,Botkins Local SD,Shelby,2720775.37,1281797.4,0,0,-51540.39,58762.83,0,4009795.21
049775,Fairlawn Local SD,Shelby,2540057.2,1347986.8,0,-162.88,-32744.21,132408.67,0,3987545.58
049783,Fort Loramie Local SD,Shelby,4489882.07,-85619.67,0,-33800,-18136.97,41851.07,0,4394176.5
049791,Hardin-Houston Local SD,Shelby,5324662.51,251709.83,0,-82931.31,-48176.72,57650.95,0,5502915.26
049809,Jackson Center Local SD,Shelby,3050346.8,226640.44,0,0,-95251.45,225758.04,17048.47,3424542.3
049817,Russia Local SD,Shelby,2337436.52,383427.54,0,0,-18885.9,40988.94,0,2742967.1
049833,Canton Local SD,Stark,8938399.99,-2791.4,0,-77185.5,-349782.18,460301.94,0,8968942.85
049841,Fairless Local SD,Stark,8569175.9,-223814.55,0,-66327.4,-250619.81,383134.4,0,8411548.54
049858,Jackson Local SD,Stark,7579850.96,-795779.44,0,-292289.03,-348795.79,354171.55,0,6497158.25
049866,Lake Local SD,Stark,16890811.34,-240932.82,0,-343780.68,-342993.73,320605.21,0,16283709.32
049874,Louisville City SD,Stark,14258261.77,217760.68,0,-122189.04,-226039,344828.63,0,14472623.04
049882,Marlington Local SD,Stark,9236644.88,878843.99,0,-137450.34,-319422.4,742213.04,0,10400829.17
049890,Minerva Local SD,Stark,10923414.09,582468.17,0,0,-180296.06,673790,12413.81,12011790.01
049908,Northwest Local SD,Stark,8486455.14,516904.4,0,-259462.82,-202658.63,239130.09,0,8780368.18
049916,Osnaburg Local SD,Stark,5704713.34,235319.89,0,-44929.9,-90394.78,69569.8,12973.95,5887252.3
049924,Perry Local SD,Stark,19642081.87,1174251.22,0,-288881.11,-640666.18,847473.81,0,20734259.61
049932,Plain Local SD,Stark,23133005.33,-673674.44,0,-642811.34,-1189628.75,1775242.55,139344.93,22541478.28
049940,Sandy Valley Local SD,Stark,10050120.3,332220.26,0,-198192.78,-210822.37,366580.99,0,10339906.4
049957,Tuslaw Local SD,Stark,5799317.77,48727.59,0,-24581.25,-160678.51,126565.2,0,5789350.8
049973,Woodridge Local SD,Summit,1684169.23,900601.44,0,-195401.66,-390780.03,495513.64,0,2494102.62
049981,Copley-Fairlawn City SD,Summit,2376759.6,-382320.53,0,-485163.65,-227865.94,122363.93,0,1403773.41
049999,Coventry Local SD,Summit,4275244.83,2158301.81,0,-192504.37,-327028.14,217676.37,0,6131690.5
050005,Manchester Local SD,Summit,5134852.21,496619.49,0,-161855.6,-198706.4,67540.11,0,5338449.81
050013,Green Local SD,Summit,12494663.56,-95515.7,0,-632920.3,-607409.27,335494.19,0,11494312.48
050021,Hudson City SD,Summit,10704999.23,-122391.22,0,-467199.5,-113587.85,172146.48,52153.41,10226120.55
050039,Mogadore Local SD,Summit,3704204,1226626.43,0,-27000,-190370.14,177073.9,0,4890534.19
050047,Nordonia Hills City SD,Summit,4586643.83,-96846.09,0,-476516.97,-331520.12,178552.22,0,3860312.87
050054,Revere Local SD,Summit,2171732.54,-124162.15,0,-473969.33,-308408.35,124133.55,35754.95,1425081.21
050062,Springfield Local SD,Summit,9457226.8,-187257.1,0,-444113.27,-1023251.41,598185.24,0,8400790.26
050070,Twinsburg City SD,Summit,5943689.39,-72557.8,0,-454276.29,-311767.04,240529.43,10185.47,5355803.16
050096,Bloomfield-Mespo Local SD,Trumbull,1533172.36,53971.84,0,-4196.5,-83030.59,117479.11,0,1617396.22
050112,Bristol Local SD,Trumbull,3854675.75,-224272.67,0,-9201.25,-96755.14,208383.87,0,3732830.56
050120,Brookfield Local SD,Trumbull,5823201.73,1036.6,0,-78030,-274260.74,445966.02,0,5917913.61
050138,Champion Local SD,Trumbull,7285474.52,7115.16,0,-94972.27,-229265.72,163812.81,0,7132164.5
050153,Mathews Local SD,Trumbull,2434055.41,-262030.34,0,-72588.47,-206806.45,246901.78,0,2139531.93
050161,Howland Local SD,Trumbull,6977247.55,33146.35,0,-324070.3,-1051374.4,287975.13,0,5922924.33
050179,Joseph Badger Local SD,Trumbull,4636076.23,-90754.75,0,0,-132603.61,300182.81,0,4712900.68
050187,Lakeview Local SD,Trumbull,6442793.55,-220961.29,0,-74250,-491552.89,234298.03,0,5890327.4
050195,Liberty Local SD,Trumbull,5079258.11,-232710.24,0,-190723.75,-463074.97,435383.51,60906.68,4689039.34
050203,Lordstown Local SD,Trumbull,1142552.96,214719.04,0,-54000,-111436.02,137560.7,0,1329396.68
050211,Maplewood Local SD,Trumbull,4955043.43,109103.23,0,0,-273695.96,51576.79,0,4842027.49
050229,McDonald Local SD,Trumbull,5411401.32,1066973.06,0,-21870,-94819.73,251704.11,0,6613388.76
050237,Southington Local SD,Trumbull,3653683.64,175192.64,0,-5422.5,-212049.06,95758.58,0,3707163.3
050245,La Brae Local SD,Trumbull,7750889.43,779669.8,0,-10025,-394540.58,568190.04,0,8694183.69
050252,Weathersfield Local SD,Trumbull,4694738.45,1620298.04,0,-69401.25,-184529.31,286563.56,26655.77,6374325.26
050278,Garaway Local SD,Tuscarawas,4169971.3,445206.68,0,-5005,-173441.81,371376.66,55985.59,4864093.42
050286,Indian Valley Local SD,Tuscarawas,11136617.95,1957628.3,0,0,-161307.3,672598.41,0,13605537.36
050294,Strasburg-Franklin Local SD,Tuscarawas,2855947.81,77500.72,0,-27000,-80993.67,123134.58,0,2948589.44
050302,Tuscarawas Valley Local SD,Tuscarawas,5972765.82,-143411.46,0,-40970,-243699.28,110566.97,0,5655252.05
050328,Fairbanks Local SD,Union,2644648.54,201510.14,0,-65105,-130591.59,279648.27,23520.39,2953630.75
050336,North Union Local SD,Union,7846991.89,962520.69,0,-65746.46,-205488.26,510841.1,0,9049118.96
050351,Crestview Local SD,Van Wert,4363758.49,244516.34,0,0,-63489.99,229554.44,0,4774339.28
050369,Lincolnview Local SD,Van Wert,4017346.37,858253.32,0,-67325,-62034.32,91816.77,9127.36,4847184.5
050393,Vinton County Local SD,Vinton,17495712.96,-595325.31,0,-57075,-379974.75,942941.45,0,17406279.35
050419,Carlisle Local SD,Warren,8769593.26,225854.39,0,-146085.42,-360387.73,272102.9,412.86,8761490.26
050427,Springboro Community City SD,Warren,15671989.77,-297278.47,0,-613670.4,-806410.07,200904.28,100333.85,14255868.96
050435,Kings Local SD,Warren,9461051.75,343863.03,0,-731328.6,-475387.52,382293.7,381372.47,9361864.83
050443,Little Miami Local SD,Warren,13300063.13,-1231976.67,0,-602354.39,-1203644.55,218240.64,447712.2,10928040.36
050450,Mason City SD,Warren,34390798.33,689797.74,0,-815763.7,-413700.14,442072.06,0,34293204.29
050468,Wayne Local SD,Warren,4046761.3,447249.88,0,-54055.5,-224198.19,186072.43,0,4401829.92
050484,Fort Frye Local SD,Washington,4197540.5,352746.98,0,-54000,-105707.97,472284.2,53851.59,4916715.3
050492,Frontier Local SD,Washington,5645102.39,-101827.63,0,-3062.5,-96053.32,117419.43,0,5561578.37
050500,Warren Local SD,Washington,12262460.05,352763.66,0,-53815.95,-309984.02,484384.15,0,12735807.89
050518,Wolf Creek Local SD,Washington,1776310.99,569636.07,0,-1962.5,-31149.89,53395.03,12266.27,2378495.97
050534,Chippewa Local SD,Wayne,5024519.82,246015.83,0,-76618.43,-140632.47,103906.59,0,5157191.34
050542,Dalton Local SD,Wayne,3083307.59,421498.63,0,-17359.8,-61466.55,444943.45,0,3870923.32
050559,Green Local SD,Wayne,5088509.69,879723.84,0,-51655.24,-117700.86,384198.74,20186.38,6203262.55
050567,Norwayne Local SD,Wayne,6887681.69,109648.93,0,-28740.83,-204830.99,383328.05,9624.18,7156711.03
050575,Northwestern Local SD,Wayne,7099212.81,1060515.22,0,-61391.76,-216898.06,390400.53,0,8271838.74
050583,Southeast Local SD,Wayne,5150299.67,539214.42,0,-20005.64,-373013.13,657929.47,0,5954424.79
050591,Triway Local SD,Wayne,7031797.63,-71697.47,0,-40454.88,-214455.12,662746.96,0,7367937.12
050617,Edgerton Local SD,Williams,3782521.21,110331.36,0,-79349.85,-86873.69,225315.12,0,3951944.15
050625,Edon-Northwest Local SD,Williams,3895128.33,38800.11,0,-146947.78,-86896.54,89221.14,0,3789305.26
050633,Millcreek-West Unity Local S,Williams,4078760.25,166953.06,0,-104410,-155400.26,184423.07,0,4170326.12
050641,North Central Local SD,Williams,3827844.46,-132539.25,0,-173610,-70303.4,284223.97,0,3735615.78
050658,Stryker Local SD,Williams,3342227.94,-216268.7,0,-87242.2,-32446.04,137796.09,11750.97,3155818.06
050674,Eastwood Local SD,Wood,6048825.12,562372.96,0,-39932.25,-189084.55,182527.56,35186.31,6599895.15
050682,Elmwood Local SD,Wood,6948043.87,206540.48,0,-101578.4,-117464.42,371700.31,46104.55,7353346.39
050690,Lake Local SD,Wood,5812131.73,369899.25,0,-55946.68,-223134.79,416556.92,14634.05,6334140.48
050708,North Baltimore Local SD,Wood,4164713.46,76853.88,0,-162369.96,-95679.12,285866.53,0,4269384.79
050716,Northwood Local SD,Wood,3688108.96,974901.35,0,-3585,-188784.77,57097.79,19178.05,4546916.38
050724,Otsego Local SD,Wood,5542657.96,578007.05,0,-91759.73,-264447.28,208804.94,15549.21,5988812.15
050740,Mohawk Local SD,Wyandot,4684528.55,242642.24,0,-18752,-237122.47,199263.42,0,4870559.74
061903,Ohio Valley Local SD,Adams,30428150.59,-393890.43,0,-119640,-726982.2,1945461.39,0,31133099.35
064964,College Corner Local SD,Preble,624111.9,71077.92,0,0,-15294.55,49017.2,11517.57,740430.04
065680,Gallia County Local SD,Gallia,12252317.28,-388960.92,0,0,-341220.71,1068418.75,35660.55,12626214.95
069682,East Guernsey Local SD,Guernsey,6097274.82,686495.52,0,0,-130884.47,439976.48,0,7092862.35
091397,Tri-County North Local SD,Preble,4501369.46,-215172.94,0,-59550,-76228.34,231200.52,0,4381618.7
139303,Monroe Local SD,Butler,7699059.68,-74952.12,0,-194796.6,-610910.94,272365.7,197211.94,7287977.66
