irn,district,county,foundation_base,foundation_calculated,foundation_phase_in,foundation_state_funding,temporary_transitional_aid_guarantee,supplemental_targeted_assistance,transportation,formula_transition_supplement,total_formula_funding,preschool_special_education,special_education_transportation,total_state_support,net_state_funding,open_enrollment_adjustment
000442,Manchester Local,Adams,3512229.3,9902942.89,4260688.75,7772918.05,0,0,750549.27,0,8523467.32,10685.49,39445.44,8573598.25,7900093.93,0
043489,Akron City,Summit,152615894.06,187542631.13,23285655.6,175901549.66,0,2343437.96,6942213.77,0,185187201.39,1904562.76,4324074.35,191415838.5,189595705.78,0
043497,Alliance City,Stark,22741195.26,27657040.93,3277394.31,26018589.57,0,0,1417115.19,0,27435704.76,491682.22,198195.78,28125582.76,28344581.68,0
043505,Ashland City,Ashland,11497354.16,12957989.72,973805.73,12471159.89,0,0,886047.49,0,13357207.38,308854.77,81266.19,13747328.34,13616992.24,0
043513,Ashtabula Area City,Ashtabula,21597399.73,21652808.41,36940.97,21634340.7,0,0,1350871.51,734243.82,23719456.03,434902.81,900019.63,25054378.47,24630612.55,0
043521,Athens City School District,Athens,7360002.38,11365530.82,2670485.81,10030488.19,0,0,1239583.42,0,11270071.61,240892.73,70527.6,11581491.94,11361098.35,0
043539,Barberton City,Summit,25978571.34,28436894.79,1638964.25,27617535.59,0,0,1154395.82,0,28771931.41,509432.3,542249.58,29823613.29,29789820.66,660676.8
043547,Bay Village City,Cuyahoga,3874975.1,2149685.24,-1150250.75,2724724.35,1150250.75,0,561482.68,0,4436457.78,163356.66,92767.28,4692581.72,4476497.84,0
043554,Beachwood City,Cuyahoga,116640.24,1452499.13,890617.12,1007257.36,0,0,805197.5,0,1812454.86,94952.41,196495.69,2103902.96,2533474.9,0
043562,Bedford City,Cuyahoga,5353006.8,12902408.73,5033186.26,10386193.06,0,0,633024.05,0,11019217.11,276672.5,572923.91,11868813.52,11710987.05,0
043570,Bellaire Local,Belmont,7799969.16,7078782.27,-480815.31,7319153.85,480815.31,0,755242.47,292182.5,8847394.13,186076.84,0,9033470.97,8517231.4,0
043588,Bellefontaine City,Logan,12819829.74,14955344.15,1423747.45,14243577.19,0,0,786923.23,0,15030500.42,380728.92,99167.33,15510396.67,15050179.99,0
043596,Bellevue City,Huron,8184552.3,9249520.3,710014.17,8894566.47,0,0,755682.21,0,9650248.68,163832.23,75255.37,9889336.28,9128036.12,0
043604,Belpre City,Washington,3246063.04,5611432.07,1576991.53,4823054.57,0,0,247021.91,0,5070076.48,104749.27,31325.55,5206151.3,4534562.64,0
043612,Berea City,Cuyahoga,6570478.17,10805451.34,2823456.6,9393934.77,0,0,1816416.15,0,11210350.92,418771.39,712737.47,12341859.78,12204203.89,0
043620,Bexley City,Franklin,3909990.06,2497537.38,-941682.21,2968307.85,941682.21,0,223879.17,0,4133869.23,131691.88,332969.85,4598530.96,4325080.53,0
043638,Bowling Green City School District,Wood,6253122.82,5432044.6,-547412.85,5705709.97,547412.85,0,1009149.56,0,7262272.38,193877.25,81475.68,7537625.31,6031174.28,0
043646,Brecksville-Broadview Heights City,Cuyahoga,3278888.23,3254117.09,-16514.91,3262373.32,16514.91,0,1014944.14,0,4293832.37,241342.19,237123.38,4772297.94,4724156.14,0
043653,Brooklyn City,Cuyahoga,553327.68,2726912.09,1449128.72,2002456.4,0,0,82341.16,0,2084797.56,151080.09,137263.56,2373141.21,2329899.67,0
043661,Brunswick City,Medina,24044074.08,14274858.94,-6513135.75,17530938.33,6513135.75,0,2008360.67,0,26052434.75,501700.56,505699.34,27059834.65,26828943.97,0
043679,Bryan City,Williams,6853169.86,12849015.03,3997429.98,10850599.84,0,0,657145.05,0,11507744.89,174957.83,67993.51,11750696.23,11268249.53,0
043687,Bucyrus City,Crawford,9446612.52,10030870.68,389524.92,9836137.44,0,118194.42,350674,0,10305005.86,210138.86,15922.56,10531067.28,9560488.59,0
043695,Cambridge City,Guernsey,11178393,15033810.28,2570406.7,13748799.7,0,0,747549.97,0,14496349.67,217088.31,111006.08,14824444.06,13369763.86,0
043703,Campbell City,Mahoning,12663204.32,13617987.76,636554.12,13299758.44,0,598130.07,544359.3,0,14442247.81,138293.23,55631.26,14636172.3,14071812.19,0
043711,Canton City,Stark,77619176.97,81025146.32,2270759.78,79889936.75,0,4365480.69,5652413.91,0,89907831.35,793527.98,1541210.11,92242569.44,91463792.6,0
043729,Celina City,Mercer,9509688.95,11583873.24,1382858.67,10892547.62,0,0,1103355.26,0,11995902.88,265589.43,25493.63,12286985.94,13103056.57,0
043737,Centerville City,Montgomery,10547086.12,7680263.53,-1911310.61,8635775.51,1911310.61,0,2984623.87,0,13531709.99,463607.96,719971.58,14715289.53,14461349.16,0
043745,Chillicothe City,Ross,11452212.72,18162314.57,4473624.91,15925837.63,0,0,847272.88,0,16773110.51,336608.1,152660.48,17262379.09,16982960.03,0
043752,Cincinnati Public Schools,Hamilton,113273067.51,149583410.35,24208105.57,137481173.08,0,0,12305542.82,0,149786715.9,2682622.96,6063642.25,158532981.11,156660625.14,0
043760,Circleville City,Pickaway,10351605.85,14841511.03,2993419.78,13345025.63,0,0,908185.95,0,14253211.58,316429.98,115823.64,14685465.2,14006553.66,0
043778,Claymont City,Tuscarawas,14179959.19,13473574.99,-470946.35,13709012.84,470946.35,0,668169.03,635507.19,15483635.41,231835.25,49959.75,15765430.41,15437528.1,0
043786,Cleveland Municipal,Cuyahoga,280787545.42,293041379.57,8169631.23,288957176.65,0,5048663.91,16958087.37,0,310963927.93,6512196.99,2499068.8,319975193.72,315836898.87,0
043794,Cleveland Heights-University Heights City,Cuyahoga,7213654.15,11646346.83,2955276.22,10168930.37,0,0,1647035.32,0,11815965.69,479724.51,892038.4,13187728.6,13255320.02,0
043802,Columbus City Schools District,Franklin,114524187.89,149719527.47,23464732.9,137988920.79,0,0,28905027.92,0,166893948.71,5195927.9,6220914.99,178310791.6,178856299.64,115372.9
043810,Conneaut Area City,Ashtabula,9945968.23,13486296.32,2360336.74,12306304.97,0,0,837825.58,0,13144130.55,177371.78,142923.69,13464426.02,13274660.92,0
043828,Coshocton City,Coshocton,10230637.83,15441959.95,3474388.45,13705026.28,0,123658.71,787406.37,0,14616091.36,389120.54,45121.35,15050333.25,14106250.73,0
043836,Cuyahoga Falls City School District,Summit,14975271.92,12377398.8,-1732002.01,13243269.91,1204946.64,0,318245.2,192211.3,14958673.05,313527.24,208458.76,15480659.05,15003566,527055.37
043844,Dayton City,Montgomery,106336110.85,119902514.54,9044721.34,115380832.19,0,5853134.64,10256237.19,0,131490204.02,1745546.65,3108420.14,136344170.81,127910349.86,55395.6
043851,Deer Park Community City,Hamilton,2916516.61,1957215.34,-639566.15,2276950.46,639566.15,0,56160.92,91300.39,3063977.92,74311.68,106470.12,3244759.72,3205782.09,0
043869,Defiance City,Defiance,14421161.27,20635369.88,4143012.88,18564174.15,0,0,1412063.44,0,19976237.59,403403.03,118323.86,20497964.48,18822639.26,0
043877,Delaware City,Delaware,14296875.69,20865978.82,4379621.05,18676496.74,0,0,1288159.41,0,19964656.15,634318.27,548632.38,21147606.8,19350018.05,0
043885,Delphos City,Allen,3007659.65,2674928.18,-221832.07,2785827.58,221832.07,0,324303.28,82040.18,3414003.11,136373.63,19114.93,3569491.67,3151337.31,0
043893,Dover City,Tuscarawas,7671129.86,16469541.09,5865900.76,13537030.62,0,0,694791.27,0,14231821.89,210580.17,19984,14462386.06,13463283.22,0
043901,East Cleveland City School District,Cuyahoga,27243966.29,13770236.55,-8982935.61,18261030.68,8932935.92,597744.7,198261.14,0,27989972.44,218739.92,547936.32,28756648.68,28532360.03,49999.69
043919,East Liverpool City,Columbiana,18212450.41,22052338.01,2560053.06,20772503.47,0,558512.96,1160269.57,0,22491286,159025.66,225347.49,22875659.15,22312494.65,0
043927,East Palestine City,Columbiana,6539761.23,8757183,1478355.1,8018116.33,0,0,349458.32,0,8367574.65,109774.99,0,8477349.64,7574339.74,0
043935,Eaton Community City,Preble,8961115.16,9266916.66,203877.86,9164993.02,0,0,884184.25,60086.99,10109264.26,198456.77,38558.34,10346279.37,7688436.12,0
043943,Elyria City Schools,Lorain,28824297.57,43669239.28,9897122.63,38721420.2,0,0,2025915.63,0,40747335.83,1057823.96,661031.21,42466191,41954370.88,0
043950,Euclid City,Cuyahoga,22661806.21,36967131.17,9537360.16,32199166.37,0,949233.39,2134367.68,0,35282767.44,561605.04,1290906.19,37135278.67,36404953.7,0
043968,Fairborn City,Greene,16658065.3,25553660.22,5930693.13,22588758.43,0,0,1690726.01,0,24279484.44,587131.26,319263.66,25185879.36,21571688.91,0
043976,Fairview Park City,Cuyahoga,2015881.48,1395149.28,-413842.15,1602039.33,413842.15,0,375923.98,0,2391805.46,138339.19,135758.91,2665903.56,2632364.94,0
043984,Findlay City,Hancock,19905419.58,22974955.58,2046459.65,21951879.23,0,0,1130809.37,0,23082688.6,773606.22,217568.13,24073862.95,26331309.85,195531.69
043992,Fostoria City,Seneca,10629595.23,16555469.1,3950780.11,14580375.34,0,439807.04,577318.67,0,15597501.05,308076.44,87904.12,15993481.61,15032116.17,0
044008,Franklin City,Warren,11165738.72,16472269.49,3537864.06,14703602.78,0,0,707836.1,0,15411438.88,190805.24,278918.82,15881162.94,15656998.28,0
044016,Fremont City,Sandusky,12882919.89,19308607.32,4284005.82,17166925.71,0,0,1352122.66,0,18519048.37,583019.54,182355.38,19284423.29,15014923.47,0
044024,Galion City,Crawford,11902830.29,14865804.63,1975414.98,13878245.27,0,131135.82,595629.17,0,14605010.26,243865.53,274080.39,15122956.18,14437878.85,0
044032,Gallipolis City,Gallia,10517142.87,14167033.72,2433382.23,12950525.1,0,0,1315135.42,0,14265660.52,123713.95,4703.66,14394078.13,14169132.58,17821.95
044040,Garfield Heights City Schools,Cuyahoga,18052741.08,22953813.54,3267545.01,21320286.09,0,689358.22,710567.46,0,22720211.77,404804.78,497810.56,23622827.11,23321063.47,0
044057,Geneva Area City,Ashtabula,10711244.46,12558026.02,1231249.27,11942493.73,0,0,728919.52,0,12671413.25,135389.5,232313.66,13039116.41,12888459.26,0
044065,Girard City School District,Trumbull,12378810.99,15050467.78,1781193.57,14160004.56,0,0,856540.89,0,15016545.45,176336.01,186418.33,15379299.79,14068358.7,0
044073,Grandview Heights Schools,Franklin,1339379.85,1095846.36,-162363.78,1177016.07,162363.78,0,0,57182.73,1396562.58,42626.35,67867.45,1507056.38,1421122.53,0
044081,Winton Woods City,Hamilton,15776683.75,31051973.31,10184035.55,25960719.3,0,0,1969039.65,0,27929758.95,456715.03,789674.54,29176148.52,28871079.78,0
044099,Greenville City,Darke,9434594.18,12116973.34,1788342.19,11222936.37,0,0,904284.28,0,12127220.65,451096.91,65996.82,12644314.38,12105774.36,0
044107,Hamilton City,Butler,67846825.36,81846087.15,9333307.84,77180133.2,0,0,4808862.3,0,81988995.5,1763194.97,798903.81,84551094.28,83607685.82,0
044115,Heath City,Licking,6509890.09,8226693.3,1144592.7,7654482.79,0,0,446160.58,0,8100643.37,192806.54,81783.01,8375232.92,6445024.2,0
044123,Hillsboro City,Highland,13107343.07,16273719.31,2111023.05,15218366.12,0,0,1683249.85,0,16901615.97,260822.65,128605.24,17291043.86,17324328.36,0
044131,Huron City Schools,Erie,2333657.33,1060973.2,-848498.5,1485158.83,848498.5,0,184309.68,154681.88,2672648.89,67975.86,35946.05,2776570.8,2754480.25,0
044149,Ironton City School District,Lawrence,9491918.78,12311548.49,1879847.14,11371765.92,0,0,706148.19,0,12077914.11,142115.35,79280.76,12299310.22,11337271.04,0
044156,Jackson City,Jackson,13259027.49,15454751.43,1463889.14,14722916.63,0,0,1581949.81,0,16304866.44,253078.71,3948.49,16561893.64,16349930.38,0
044164,Kent City,Portage,13020511.45,16662630.8,2428200.97,15448712.42,0,0,734856.88,0,16183569.3,241482.52,225787.45,16650839.27,18374891.31,0
044172,Kenton City,Hardin,10422677.84,14928580.02,3004084.99,13426762.83,0,0,713298.79,0,14140061.62,371832.66,87978.52,14599872.8,14480384.89,0
044180,Kettering City School District,Montgomery,13305004.23,31413270.95,12072781.43,25377785.66,0,0,1216819.87,0,26594605.53,846611.22,772905.15,28214121.9,24732295.64,0
044198,Lakewood City,Cuyahoga,15386390.71,4552493.94,-7222958.98,8163431.73,7222958.98,0,43756.51,1414061.18,16844208.4,294105.39,234004.28,17372318.07,17982944.04,0
044206,Lancaster City,Fairfield,24631269.95,42250475.78,11746724.52,36377994.47,0,0,1324774.49,0,37702768.96,795074.95,437640.53,38935484.44,38460386.87,0
044214,Lebanon City,Warren,17605107.94,9594257.04,-5340834.29,12264273.65,5340834.29,0,2133378.93,0,19738486.87,283822.53,705609.97,20727919.37,20539667.29,0
044222,Lima City,Allen,35262742.65,35233422.99,-19547.42,35243195.23,19547.42,1859366.55,822603.77,0,37944712.97,790861.18,301268.33,39036842.48,38420416.59,0
044230,Lockland Local,Hamilton,3524711.79,5093947.9,1046209.71,4570921.5,0,56614.43,11535.76,0,4639071.69,78391.13,224945.21,4942408.03,4891279.25,0
044248,Logan-Hocking Local,Hocking,19281667.89,19240479.35,-27460.41,19254207.48,27460.41,0,2665917.51,384468.47,22332053.87,412730.7,227186.16,22971970.73,22496698.47,0
044255,London City,Madison,7197017.79,9874469.85,1785057.27,8982075.06,0,0,717086.71,0,9699161.77,350949.59,72177.35,10122288.71,9639042.65,0
044263,Lorain City,Lorain,59427979.75,62996722.36,2379280.7,61807260.45,0,3497026.32,1651284.13,0,66955570.9,977843.4,1238090.19,69171504.49,67005148.83,0
044271,Loveland City,Hamilton,11003971.75,3659010.24,-4896885.85,6107085.9,4896885.85,0,1392385.98,0,12396357.73,200459.92,290160.03,12886977.68,12797032.86,0
044289,Madeira City,Hamilton,2232246.01,1444147.38,-525425.36,1706820.65,525425.36,0,376935.88,0,2609181.89,82420.81,18925.7,2710528.4,2691890.06,0
044297,Mansfield City,Richland,23053995.77,29115356.36,4041109.11,27095104.88,0,514305.91,2112823.79,0,29722234.58,659602.41,599890.54,30981727.53,29538819.67,146078.25
044305,Maple Heights City,Cuyahoga,19599866.89,30656737.21,7371615.45,26971482.34,0,1419770.07,703473.03,0,29094725.44,415634.82,868477.9,30378838.16,29767393.28,0
044313,Mariemont City,Hamilton,2747045.51,1368167.8,-919297.76,1827747.75,919297.76,0,255631.17,0,3002676.68,48900.11,38460.74,3090037.53,3069521.46,0
044321,Marietta City,Washington,7782600.24,5974942.47,-1205165.42,6577434.82,1205165.42,0,760729.38,89817.16,8633146.78,412140.3,88817.12,9134104.2,7936746.79,0
044339,Marion City,Marion,37822225.56,41871529.43,2699670.89,40521896.45,0,1688405.28,1576691.12,0,43786992.85,653252.22,324277.55,44764522.62,42904904.37,0
044347,Martins Ferry City,Belmont,10031011.15,9760739.06,-180190.4,9850820.75,180190.4,0,674605.77,209427.3,10915044.22,134500.2,52138.32,11101682.74,10835481.95,0
044354,Massillon City,Stark,27020514.64,38255493.71,7490360.55,34510875.19,0,0,2266785.44,0,36777660.63,288073.23,122190.35,37187924.21,36778561.39,0
044362,Maumee City,Lucas,4594428.78,7349442.38,1836767.56,6431196.34,0,0,495835.12,0,6927031.46,276716.05,95023.9,7298771.41,6336898.73,0
044370,Mayfield City,Cuyahoga,1242594.25,4033170.51,1860477.19,3103071.44,0,0,1070599.1,0,4173670.54,293746.39,623039.16,5090456.09,7200625.65,0
044388,Medina City SD,Medina,15831957.31,5868385.43,-6642713.38,9189243.93,6642713.38,0,1561338.73,0,17393296.04,405132.55,512532.05,18310960.64,18158184.44,0
044396,Miamisburg City,Montgomery,13497568.84,15263614.66,1177422.74,14674991.58,0,0,1485380.94,0,16160372.52,505203.59,436192.37,17101768.48,15495962.75,0
044404,Middletown City,Butler,26327528.68,53278428.32,17968164.79,44295693.47,0,486770.45,4049520.41,0,48831984.33,735965,1168409.18,50736358.51,49991526.12,0
044412,Mt Healthy City,Hamilton,22180919.35,23788961,1072081.36,23253000.71,0,542662.11,1311461.41,0,25107124.23,461646.69,603123.78,26171894.7,25802969.87,0
044420,Mount Vernon City,Knox,14628133.47,19376715.18,3165879.42,17794012.89,0,0,1236822.44,0,19030835.33,411584.29,75981.75,19518401.37,15915110.1,0
044438,Napoleon Area City,Henry,6997985.17,5657987.14,-893376.69,6104608.48,893376.69,0,517382.77,389006.1,7904374.04,268415.58,93190.57,8265980.19,7718471.93,0
044446,Nelsonville-York City,Athens,10130388.76,11133074.42,668490.53,10798879.29,0,0,747947.02,0,11546826.31,116839.9,20482.34,11684148.55,11528366.68,0
044453,Newark City,Licking,31890392.96,43175365.8,7523691.38,39414084.34,0,0,1557785.17,0,40971869.51,810857.51,787279.92,42570006.94,39061342.01,0
044461,New Boston Local,Scioto,3744447.11,5475373.71,1154008.77,4898455.88,0,0,116906.07,0,5015361.95,45767.18,19464.3,5080593.43,4519414.55,0
044479,New Lexington School District,Perry,14381968.95,15989953.88,1072043.54,15454012.49,0,0,1351071.88,0,16805084.37,195448.06,119069.31,17119601.74,14648991.91,0
044487,New Philadelphia City,Tuscarawas,10940652.74,16987407.16,4031371.18,14972023.92,0,0,811885.71,0,15783909.63,285582.1,64330.06,16133821.79,15796439.67,0
044495,Niles City,Trumbull,14840531.31,17024207.21,1455856.73,16296388.04,0,0,929665.1,0,17226053.14,310311.21,0,17536364.35,14878629.57,0
044503,North Canton City,Stark,14375386.07,13722154.53,-435509.47,13939876.6,435509.47,0,1150632.09,0,15526018.16,380135.37,131469.14,16037622.67,15802852.74,0
044511,North College Hill City,Hamilton,10674566.3,14473092.7,2532477.55,13207043.85,0,410747.25,72604.64,0,13690395.74,115138.18,148110.28,13953644.2,13750770.68,0
044529,North Olmsted City,Cuyahoga,7324215.46,10097187.27,1848740.31,9172955.77,0,0,1100306,0,10273261.77,280831.33,309037.01,10863130.11,10745371.22,0
044537,North Ridgeville City,Lorain,9741508.73,5093492.06,-3098832.72,6642676.01,3098832.72,0,1149624.09,0,10891132.82,331635.89,398168.34,11620937.05,10848563.47,0
044545,North Royalton City,Cuyahoga,4059909.84,3820342.15,-159719.77,3900190.07,159719.77,0,1741094.51,0,5801004.35,217350.33,243039.26,6261393.94,6205648.38,0
044552,Norton City,Summit,10046072.91,12251241.93,1470186.18,11516259.09,0,0,672199.4,0,12188458.49,201952.64,204873.61,12595284.74,12137470.02,301895.84
044560,Norwalk City,Huron,13110281.11,18017856.2,3271880.32,16382161.43,0,0,781107.82,0,17163269.25,329676.91,265015.38,17757961.54,16563163.32,0
044578,Norwood City,Hamilton,6291654.35,4256093.38,-1357108.5,4934545.85,1357108.5,0,52139.4,402288.61,6746082.36,161660.67,207780.22,7115523.25,7046294.97,0
044586,Oakwood City,Montgomery,6261474.85,4000853.25,-1507156.42,4754318.43,1507156.42,0,16392.92,2966.58,6280834.35,125118.04,63315.37,6469267.76,5948365.49,0
044594,Oberlin City Schools,Lorain,3253950.12,1631757.67,-1081515.72,2172434.4,1081515.72,0,127443.14,0,3381393.26,49884.12,967.33,3432244.71,3104848.1,0
044602,Oregon City,Lucas,12419276.27,17206613.46,3191717.7,15610993.97,0,0,1069227.14,0,16680221.11,402361.18,248237.19,17330819.48,16573368.6,0
044610,Orrville City,Wayne,5956670.62,7211763.84,836770.65,6793441.27,0,0,288017.84,0,7081459.11,124325.17,49452.61,7255236.89,7273815.76,0
044628,Painesville City Local,Lake,24768330.34,30580108.9,3874712.77,28643043.11,0,1509983.92,1260144.06,0,31413171.09,384989.5,351607.12,32149767.71,31017067.44,0
044636,Parma City,Cuyahoga,16927165.97,25773261.88,5897692.14,22824858.11,0,0,1591276.58,0,24416134.69,970214.33,1410304.87,26796653.89,26592010.56,0
044644,Piqua City,Miami,16218395.4,23791113.92,5048731.44,21267126.84,0,0,1458146.07,0,22725272.91,450345.6,72887.74,23248506.25,17800424.12,0
044651,Port Clinton City,Ottawa,2352183.65,2617974.29,177202.62,2529386.27,0,0,455387.21,0,2984773.48,66331.19,66222.3,3117326.97,3123436.5,0
044669,Portsmouth City,Scioto,13317845.4,14024521.85,471141.19,13788986.59,0,186152.69,411362.79,128237.44,14514739.51,278634.37,5278.99,14798652.87,14406579.14,0
044677,Princeton City,Hamilton,4439718.27,11218095.06,4519143.8,8958862.07,0,0,2307105.97,0,11265968.04,384636.69,356030.7,12006635.43,11872267.75,0
044685,Ravenna City,Portage,12193603.71,13241145.35,698396,12891999.71,0,0,557165.14,0,13449164.85,252570.85,158525.69,13860261.39,13660641.66,0
044693,Reading Community City,Hamilton,6294902.67,9230690.31,1957289.62,8252192.29,0,0,56421.32,0,8308613.61,125862.16,43694.08,8478169.85,8391472.64,0
044701,Rocky River City,Cuyahoga,869484.65,2370624.65,1000810.04,1870294.69,0,0,600061.69,0,2470356.38,180894.82,373344.07,3024595.27,2800258.46,0
044719,St Bernard-Elmwood Place City,Hamilton,5048705.55,7785482.41,1824609.13,6873314.68,0,0,178749.48,0,7052064.16,60033.61,32121.23,7144219,7088830.56,0
044727,St Marys City,Auglaize,9571007.05,12195768.27,1749928.31,11320935.36,0,0,974573.63,0,12295508.99,291310.73,90176,12676995.72,11790550.2,0
044735,Salem City,Columbiana,7289501.26,14153786.72,4576419.12,11865920.38,0,0,570868.89,0,12436789.27,200432.07,74408.87,12711630.21,11757858.31,0
044743,Sandusky City,Erie,15679502.62,28098343.24,8279641.03,23959143.65,0,0,1214768.76,0,25173912.41,520749.37,448369.47,26143031.25,25231096.2,0
044750,Shaker Heights City,Cuyahoga,15228195.09,7427534.14,-5200700.65,10027494.44,5200700.65,0,743094.95,0,15971290.04,190980.21,764871.05,16927141.3,16331986.74,0
044768,Sheffield-Sheffield Lake City,Lorain,4301535.64,3495615.95,-537306.67,3764228.97,537306.67,0,580479,125626.94,5007641.58,175584.04,87169.84,5270395.46,5020260.18,0
044776,Shelby City,Richland,9492164.55,10423829.67,621141.14,10113305.69,0,0,617573.5,0,10730879.19,172658.29,115553.04,11019090.52,10513757.7,0
044784,Sidney City,Shelby,14762365.57,16366808.04,1069681.78,15832047.35,0,0,688403.2,0,16520450.55,776289.16,191912.93,17488652.64,17254349.63,0
044792,South Euclid-Lyndhurst City,Cuyahoga,5250369.94,6723969.13,982448.58,6232818.52,0,0,592704.05,0,6825522.57,346938,300542.55,7473003.12,6786696.91,0
044800,South-Western City,Franklin,116578802.4,149529928,21968515.43,138547317.83,0,0,8249590.87,0,146796908.7,2522229.42,4188151,153507289.12,151570388.76,0
044818,Springfield City School District,Clark,64428584.85,74318735.02,6593763.12,71022347.97,0,2656690.24,1276864.6,0,74955902.81,1020660.16,736995.71,76713558.68,75861829,0
044826,Steubenville City,Jefferson,17738228.38,30016831.34,8186144.58,25924372.96,0,0,829735.21,0,26754108.17,224490.74,63254.86,27041853.77,26633049.33,0
044834,Stow-Munroe Falls City School District,Summit,14044387.94,12482743.57,-1041148.3,13003239.64,1036526.74,0,1117450.47,0,15157216.85,286622.45,267571.56,15711410.86,14516294.41,4621.56
044842,Strongsville City,Cuyahoga,6346838.43,5078258.45,-845762.28,5501076.15,845762.28,0,2045651.06,0,8392489.49,407945.15,456915.04,9257349.68,9179134.06,0
044859,Struthers City,Mahoning,13103008.16,16579163.65,2317552.87,15420561.03,0,0,398324.68,0,15818885.71,93255.34,66566.69,15978707.74,14733307.05,0
044867,Sycamore Community City,Hamilton,1746970.1,5539819.06,2528692.4,4275662.5,0,0,2392433.67,0,6668096.17,211893.07,338174.36,7218163.6,7134355.03,0
044875,Sylvania Schools,Lucas,14586595.66,17086079.55,1666405.92,16253001.58,0,0,2126839.65,0,18379841.23,594284.77,499273.33,19473399.33,19288219.32,0
044883,Tallmadge City,Summit,7259325.23,10667907.11,2272501.55,9531826.78,0,0,701758.49,0,10233585.27,132257.21,268268.1,10634110.58,9757757.14,0
044891,Tiffin City Schools,Seneca,10679604.89,15973977.32,3529758.1,14209362.99,0,0,741538.91,0,14950901.9,477140.34,208347.97,15636390.21,13998584,9456.6
044909,Toledo City,Lucas,173787983.37,201922990.62,18757609.33,192545592.7,0,5799230.53,10254654.4,0,208599477.63,2219981.6,3068475.78,213887935.01,211764794.98,0
044917,Toronto City,Jefferson,6141128.94,9477962.74,2224667.09,8365796.03,0,0,224343.75,0,8590139.78,103701.08,0,8693840.86,8512995.74,0
044925,Troy City,Miami,13482976.34,14337686.63,569835.34,14052811.68,0,0,1096548.65,571831.68,15721192.01,401530.77,213524.16,16336246.94,10010822.55,0
044933,Upper Arlington City,Franklin,2096287.22,6504394.01,2938884.78,5035172,0,0,622955.78,0,5658127.78,397163.28,338384.06,6393675.12,5971963.39,0
044941,Urbana City,Champaign,8891866.8,10319504.25,951805.89,9843672.69,0,0,687501.03,0,10531173.72,255267.19,152206.13,10938647.04,10728615.22,0
044958,Vandalia-Butler City,Montgomery,4021907.41,4996913.48,650036.55,4671943.96,0,0,686782.24,0,5358726.2,279080.55,234544.43,5872351.18,4485301.85,0
044966,Van Wert City,Van Wert,10755569.48,12296649.39,1027437.97,11783007.45,0,0,741092.28,0,12524099.73,406740.61,95595.91,13026436.25,12779237.99,0
044974,Wadsworth City,Medina,16971303.45,15396492.5,-1049926.45,15921377,1049926.45,0,773228.63,246559.3,17991091.38,387271.38,148299.2,18526661.96,18357571.09,0
044982,Wapakoneta City,Auglaize,15150673.15,15451611.74,200635.76,15351308.91,0,0,1171623.88,127921.64,16650854.43,245795.75,41612.52,16938262.7,15764251.55,77007.95
044990,Warren City,Trumbull,43809000.03,51648851.67,5226829.09,49035829.12,0,2366611.62,2799593.78,0,54202034.52,921352.18,1094823.25,56218209.95,54512891.27,0
045005,Warrensville Heights City,Cuyahoga,6597495.9,15713983.29,6077962.15,12675458.05,0,0,474971.68,0,13150429.73,150929.78,344123.47,13645482.98,13500224.01,0
045013,Washington Court House City,Fayette,14893884,16469801.83,1050664.43,15944548.43,0,0,772315.75,0,16716864.18,285383.35,201671.73,17203919.26,16816027.27,0
045021,Wellston City,Jackson,12084853.43,12129587.23,29824.03,12114677.46,0,329423.57,959467.28,0,13403568.31,103507.65,60277.4,13567353.36,13418353.8,0
045039,Wellsville Local,Columbiana,8134900,9458445.19,882407.58,9017307.58,0,229570.06,276681.61,0,9523559.25,38051.01,0,9561610.26,9486072.54,0
045047,Westerville City,Franklin,32538282.87,36812105.6,2849357.61,35387640.48,0,0,3466039.3,0,38853679.78,1024620.89,1370969.29,41249269.96,32774417.92,0
045054,West Carrollton City,Montgomery,18420921.32,24706197.96,4190393.93,22611315.25,0,0,1376398.12,0,23987713.37,351855.9,354476.94,24694046.21,21991303.02,0
045062,Westlake City,Cuyahoga,1299737.21,2980005.88,1120235.12,2419972.33,0,0,998928.08,0,3418900.41,260377.3,336026.47,4015304.18,3723277.47,0
045070,Whitehall City,Franklin,22770425.69,38959934.9,10793545.79,33563971.48,0,1966151.78,865522.96,0,36395646.22,599935.08,886609.68,37882190.98,37311432.35,0
045088,Wickliffe City,Lake,1759232.3,3433854.42,1116470.57,2875702.87,0,0,335953.59,0,3211656.46,143912.4,304250.87,3659819.73,3204762.87,0
045096,Willard City,Huron,7588677.29,8473855.01,590147.99,8178825.28,0,0,580036.73,0,8758862.01,133264.95,74719.13,8966846.09,8737584.6,0
045104,Willoughby-Eastlake City,Lake,13219960.99,12271935.52,-632048.59,12587912.4,632048.59,0,2120960.04,0,15340921.03,663350.3,1259831.3,17264102.63,16036899.13,0
045112,Wilmington City,Clinton,8825322.49,7300025.04,-1016915.8,7808406.69,1016915.8,0,1249900.74,570489.17,10645712.4,344056.67,168715.08,11158484.15,11052635.69,0
045120,Wooster City,Wayne,8396481.96,10137429.28,1160689.58,9557171.54,0,0,766636.86,0,10323808.4,244835.17,199862.98,10768506.55,10582203.84,0
045138,Worthington City,Franklin,16468613.3,19941406.35,2315311.13,18783924.43,0,0,2318585.75,0,21102510.18,920959.67,968337.49,22991807.34,20954750.45,0
045146,Wyoming City,Hamilton,5405262.63,4235491.53,-779886.4,4625376.23,779886.4,0,135782.3,124337.27,5665382.2,40902.78,13785.1,5720070.08,5679883.58,0
045153,Xenia Community City,Greene,15908604.62,17527337.31,1079209.07,16987813.69,0,0,1708209.26,665134.7,19361157.65,729971.77,307968.36,20399097.78,19169416.68,0
045161,Youngstown City,Mahoning,53335189.75,45203561.8,-5421356.37,47913833.38,5421356.37,3161223.93,3829021.16,0,60325434.84,360029.91,1160718.26,61846183.01,61297965.21,0
045179,Zanesville City,Muskingum,23176536.91,29586627.69,4273607.53,27450144.44,0,378581.34,1218967.82,0,29047693.6,554897.88,386415.07,29989006.55,29353963.79,0
045187,Ada Exempted Village,Hardin,5052128.05,7944457.61,1928316.13,6980444.18,0,0,370424.63,0,7350868.81,124133.67,12543.8,7487546.28,7434755.06,0
045195,Amherst Exempted Village,Lorain,12695838.25,15192644.39,1664620.66,14360458.91,0,0,709822.31,0,15070281.22,248413.25,154106.34,15472800.81,14842665.2,867.17
045203,Barnesville Exempted Village,Belmont,6236340.2,9445630.51,2139633.86,8375974.06,0,0,708566.33,0,9084540.39,104078.98,0,9188619.37,8734959.35,0
045211,Bluffton Exempted Village,Allen,5416300.52,7193794.34,1185055.13,6601355.65,0,0,309863.37,0,6911219.02,68654.13,2083.91,6981957.06,6565167.38,0
045229,Bradford Exempted Village,Miami,4012767.76,5896209.76,1255690.78,5268458.54,0,0,176270.57,0,5444729.11,26576.64,35448.59,5506754.34,5346565.11,0
045237,Bridgeport Exempted Village,Belmont,5336092.75,8289051.73,1968737.75,7304830.5,0,0,345116.89,0,7649947.39,87160.32,12219.65,7749327.36,7315956,0
045245,Harrison Hills City,Harrison,7480716.34,1428926.24,-4034728.46,3445987.88,4034728.46,0,1153087.43,224308.9,8858112.67,133645.16,141145.93,9132903.76,8997744.77,0
045252,Caldwell Exempted Village,Noble,4661790.94,7050162.56,1592327.36,6254118.3,0,0,760567.99,0,7014686.29,110174.99,26633.68,7151494.96,6607320.52,0
045260,Carey Exempted Village Schools,Wyandot,5433429.69,8512821.46,2053030.49,7486460.18,0,0,343246.25,0,7829706.43,83187.01,27817.46,7940710.9,7254840.74,0
045278,Carrollton Exempted Village,Carroll,9005933.54,1928960.95,-4718217.63,4287715.91,4718217.63,0,1797809.13,0,10803742.67,174785.16,610.75,10979138.58,10843266.81,0
045286,Chagrin Falls Exempted Village,Cuyahoga,1471913.36,1430940.44,-27316.65,1444596.71,27316.65,0,480312.04,0,1952225.4,115639.79,111485.74,2179350.93,2247269.22,0
045294,Chesapeake Union Exempted Village,Lawrence,8811078.08,9575850,509873.45,9320951.53,0,0,533889.56,0,9854841.09,113757.67,100870,10069468.76,9856441.78,0
045302,Clyde-Green Springs Exempted Village,Sandusky,11803910.85,13830608.24,1351199.16,13155110.01,0,0,1147116.13,0,14302226.14,364209.1,168080.28,14834515.52,14610845.05,0
045310,Coldwater Exempted Village,Mercer,7565547.57,10545111.04,1986474.95,9552022.52,0,0,411872.44,0,9963894.96,112069.04,0,10075964,8651194.24,0
045328,Columbiana Exempted Village,Columbiana,3406602.15,3573686.62,111395.22,3517997.37,0,0,293843.29,0,3811840.66,51261.48,0,3863102.14,3582872.95,0
045336,Covington Exempted Village,Miami,4466308.06,6497486.55,1354186.7,5820494.76,0,0,232112.5,0,6052607.26,75125.27,55646.32,6183378.85,5347458.1,0
045344,Crestline Exempted Village,Crawford,4965951.44,6566251.14,1066919.8,6032871.24,0,0,491999.87,0,6524871.11,104915.32,12445.4,6642231.83,6406857.7,0
045351,Crooksville Exempted Village,Perry,9884286.43,11946223.48,1374693.43,11258979.86,0,0,721308.5,0,11980288.36,115619.17,22684.13,12118591.66,10473357.37,0
045369,Fairport Harbor Exempted Village,Lake,3897614.51,6347271.06,1633186.03,5530800.54,0,0,18061.85,0,5548862.39,15867.52,32426.64,5597156.55,5557162.61,67355.88
045377,Georgetown Exempted Village,Brown,6998319.27,9977435.29,1986176.65,8984495.92,0,0,587082.28,0,9571578.2,80905.11,15080.41,9667563.72,8539876.36,0
045385,Gibsonburg Exempted Village,Sandusky,5359652.83,5497091.86,91630.6,5451283.43,0,0,255237.7,23588.93,5730110.06,76486.32,18493.98,5825090.36,5630189.19,0
045393,Granville Exempted Village,Licking,5544346.04,2876479.86,-1778666.39,3765679.65,1778666.39,0,620522.62,0,6164868.66,73042.69,97991.9,6335903.25,5055005.28,0
045401,Greenfield Exempted Village,Highland,13872179.87,17957010.13,2723356.32,16595536.19,0,0,1894003.84,0,18489540.03,253653.9,76376.26,18819570.19,18620740.3,0
045419,Hicksville Exempted Village School District,Defiance,6373026.26,9259931.46,1924699.69,8297725.95,0,0,457012.86,0,8754738.81,128792.96,21367.45,8904899.22,8189807.24,0
045427,Hubbard Exempted Village,Trumbull,9231988.45,11014522.93,1188415.73,10420404.18,0,0,610328.55,0,11030732.73,105440.71,243537.62,11379711.06,10306745.85,0
045435,Indian Hill Exempted Village,Hamilton,624326.34,1961367.61,891405.41,1515731.75,0,0,689472.06,0,2205203.81,57035.88,87831.44,2350071.13,2325028.13,0
045443,Leetonia Exempted Village School District,Columbiana,5225564.51,5361094.31,90357.72,5315922.23,0,0,285581.59,42931.34,5644435.16,36053.64,14114.74,5694603.54,5008088.83,0
045450,Lisbon Exempted Village,Columbiana,5968269.3,8027882.98,1373144.44,7341413.74,0,0,281575.43,0,7622989.17,31410.29,0,7654399.46,6796809.1,0
045468,Loudonville-Perrysville Exempted Village,Ashland,4737172.22,4507656.75,-153017.96,4584154.26,153017.96,0,415455,325467.57,5478094.79,111515.24,33410.87,5623020.9,5570721.43,0
045476,Marysville Exempted Village,Union,18850425.35,25456421.97,4404217.95,23254643.3,0,0,2011926.78,0,25266570.08,838169.5,276887.9,26381627.48,25441376.93,0
045484,Mechanicsburg Exempted Village,Champaign,5072538.61,7221935.36,1433002.81,6505541.42,0,0,492673.19,0,6998214.61,99709.33,84724.7,7182648.64,6125273.89,0
045492,Mentor Exempted Village,Lake,13207103.23,6905655.07,-4201175.49,9005927.74,4201175.49,0,1963894.16,0,15170997.39,312844.27,675940.25,16159781.91,17737661.65,0
045500,Milford Exempted Village,Clermont,20716101.08,15657638.46,-3372477.03,17343624.05,3333686.88,0,2629872.21,0,23307183.14,507938.73,568910.21,24384032.08,24149451.45,38790.15
045518,Milton-Union Exempted Village,Miami,6017953.9,7441442.95,949040.14,6966994.04,0,0,488776.35,0,7455770.39,122705.52,73973.34,7652449.25,5320475.12,0
045526,Montpelier Exempted Village,Williams,6843359.52,8739480.96,1264144.16,8107503.68,0,0,454814.36,0,8562318.04,126771.83,18962.73,8708052.6,7924905.1,0
045534,Mount Gilead Exempted Village,Morrow,6128573.16,5962695.8,-110590.44,6017982.72,110590.44,0,414606.13,45357.91,6588537.2,170002.96,73317.74,6831857.9,6555985.55,0
045542,Newcomerstown Exempted Village,Tuscarawas,7084805.95,9503984.26,1612866.18,8697672.13,0,0,462339.61,0,9160011.74,86367.52,1630.79,9248010.05,8493399.64,33631.67
045559,New Richmond Exempted Village,Clermont,4854016.48,5077958.94,149302.43,5003318.91,0,0,707900.23,0,5711219.14,112611.11,100205.45,5924035.7,5845620.99,0
045567,Newton Falls Exempted Village,Trumbull,6264747.89,8003143.92,1158988.62,7423736.51,0,0,332565.97,0,7756302.48,85602.72,0,7841905.2,6916673.83,0
045575,Paulding Exempted Village,Paulding,6773591.05,8468627.8,1130080.99,7903672.04,0,0,860833.69,0,8764505.73,163479.84,0,8927985.57,7919570.3,0
045583,Perrysburg Exempted Village,Wood,9757963.09,11206675.64,965856.66,10723819.75,0,0,1413733.57,0,12137553.32,335153.55,157410.07,12630116.94,9493688.75,0
045591,Rittman Exempted Village,Wayne,6705792.07,6844530.7,92497.05,6798289.12,0,0,197667.43,131914.63,7127871.18,88372.83,88335.31,7304579.32,7165424.68,0
045609,Rossford Exempted Village,Wood,3108092.94,3556492.72,298948.14,3407041.08,0,0,537558.62,0,3944599.7,140106.27,30390.27,4115096.24,4069889.3,94684.17
045617,Tipp City Exempted Village,Miami,7506240.14,6580458.02,-617218.94,6889021.2,617218.94,0,655615,0,8161855.14,138219.86,52793.05,8352868.05,6494372.68,0
045625,Upper Sandusky Exempted Village,Wyandot,6309039.39,7196432.61,591625.07,6900664.46,0,0,717191.95,0,7617856.41,242603.56,31404.86,7891864.83,6660536.65,0
045633,Versailles Exempted Village,Darke,7815248.83,7984607.92,112911.7,7928160.53,0,0,525071.41,0,8453231.94,77106.82,54517.42,8584856.18,8111829.55,0
045641,Wauseon Exempted Village,Fulton,9716866.33,13039691.64,2215327.63,11932193.96,0,0,777140.44,0,12709334.4,241781.68,148832.25,13099948.33,11994961.99,0
045658,Wellington Exempted Village,Lorain,4254956.78,3170620.42,-722927.05,3532029.73,722927.05,0,247350.58,160519.72,4662827.08,101329.09,35430.96,4799587.13,4497925.95,0
045666,Windham Exempted Village,Portage,5143319.86,5771668.19,418919.83,5562239.69,0,36901.32,250015.86,0,5849156.87,53961.93,79112.68,5982231.48,5914426.49,0
045674,Yellow Springs Exempted Village,Greene,2218888.73,3003113.12,522842.4,2741731.13,0,0,103889.15,0,2845620.28,14248.6,15517.46,2875386.34,2832405.17,0
045757,Allen East Local,Allen,6539204.93,7852991.44,875901.46,7415106.39,0,0,460065.61,0,7875172,90430.66,6591.46,7972194.12,7720552.15,0
045765,Bath Local,Allen,5749590.24,8295781.64,1697545.81,7447136.05,0,0,699564.41,0,8146700.46,188941.66,20746.78,8356388.9,6573374.89,0
045773,Elida Local,Allen,7827213.97,9292519.16,976918.97,8804132.94,0,0,816143.66,0,9620276.6,353764.48,33646,10007687.08,8405103.8,36730.62
045781,Perry Local,Allen,3204932.8,6707358.07,2335066.93,5539999.73,0,0,246420.45,0,5786420.18,41478.69,8905.66,5836804.53,5066146.96,0
045799,Shawnee Local,Allen,4903122.37,5298060.29,263305.12,5166427.49,0,0,791889.56,0,5958317.05,265767.47,59901.14,6283985.66,3076525.78,0
045807,Spencerville Local,Allen,5882287.28,8473341.81,1727456.05,7609743.33,0,0,590105.11,0,8199848.44,73604.45,27111.7,8300564.59,6935842.26,0
045823,Hillsdale Local,Ashland,3061900.59,910083.43,-1434616.51,1627284.08,1434616.51,0,536402.36,35566.99,3633869.94,83018.08,61530.06,3778418.08,3605129.94,0
045831,Mapleton Local,Ashland,4137314.15,6089813.43,1301731.26,5439045.41,0,0,452960.08,0,5892005.49,32096.1,23549.18,5947650.77,5909846.12,0
045856,Buckeye Local,Ashtabula,7437143.81,11956717.41,3013199.72,10450343.53,0,0,1038705.07,0,11489048.6,117750.5,161106.65,11767905.75,10895264.89,0
045864,Grand Valley Local,Ashtabula,5489594.17,3609421.55,-1253511.08,4236083.09,1253511.08,0,697116.59,526115.26,6712826.02,26297.92,80301.47,6819425.41,6409472.15,0
045872,Jefferson Area Local,Ashtabula,7595692.82,10877102.23,2187715.64,9783408.46,0,0,1174495.9,0,10957904.36,90788.15,114626.11,11163318.62,10580500.9,0
045880,Pymatuning Valley Local School District,Ashtabula,6913020.52,9756953.74,1896050.27,8809070.79,0,0,1546893.03,0,10355963.82,105173.38,125051.85,10586189.05,10213020.17,0
045906,Alexander Local,Athens,8327703.23,8495960.25,112176.95,8439880.18,0,0,1094395.21,132462.53,9666737.92,119820.18,0,9786558.1,9683987.25,0
045914,Federal Hocking Local,Athens,6272701.43,6657027.71,256230.33,6528931.76,0,0,1849638.34,0,8378570.1,78777.63,11497.43,8468845.16,8389168.14,0
045922,Trimble Local,Athens,9648559.36,10581873.88,622240.79,10270800.15,0,0,513141.59,0,10783941.74,65452.57,0,10849394.31,10713816.61,0
045948,Minster Local,Auglaize,3253088.11,4862246.14,1072825.66,4325913.77,0,0,199171.81,0,4525085.58,56309.13,15485.69,4596880.4,4245055.38,0
045955,New Bremen Local,Auglaize,3351743.86,5652371.01,1533828.13,4885571.99,0,0,228541.83,0,5114113.82,59407.08,24724.17,5198245.07,4945128.66,0
045963,New Knoxville Local,Auglaize,2354078.51,3713839.99,906552.98,3260631.49,0,0,155680.51,0,3416312,49115.72,6008.18,3471435.9,3224476.17,0
045971,Waynesfield-Goshen Local,Auglaize,3587294.74,3979157.88,261255.16,3848549.9,0,0,353861.5,0,4202411.4,30777.62,32336.65,4265525.67,4085403.2,0
045997,St Clairsville-Richland City,Belmont,3422240.91,1503082.58,-1279502.86,2142738.05,1279502.86,0,443406.22,0,3865647.13,88360.36,0,3954007.49,3860295.9,0
046003,Shadyside Local,Belmont,4038138.35,5706581.14,1112350.8,5150489.15,0,0,288594.94,0,5439084.09,105787.23,0,5544871.32,5200141.93,21482.05
046011,Union Local,Belmont,7150763.49,3788415.52,-2241677.39,4909086.1,2241677.39,0,947416.86,210566.36,8308746.71,65625.24,0,8374371.95,8040439.84,0
046037,Eastern Local School District,Brown,6367541.05,6182030.29,-123680.03,6243861.02,123680.03,0,747475.52,373688.88,7488705.45,64450.26,5634.17,7558789.88,5414287.54,0
046045,Fayetteville-Perry Local,Brown,4914057.57,6117982.47,802656.74,5716714.31,0,0,523367.27,0,6240081.58,37125.73,4089.01,6281296.32,5456332.74,0
046060,Western Brown Local,Brown,22106474.67,21818534.88,-191969.45,21914505.22,191969.45,0,1929101.04,1042966.27,25078541.98,265924.04,215774.8,25560240.82,21963289.36,0
046078,Ripley-Union-Lewis-Huntington Local,Brown,6332671.37,8167178.22,1223065.72,7555737.09,0,0,620649.51,0,8176386.6,55104.4,96723.29,8328214.29,7716793.11,0
046094,Edgewood City School District,Butler,16223351.27,19962489.9,2492883.72,18716234.99,0,0,1306868.14,0,20023103.13,310281.56,100353.56,20433738.25,20167629.79,99695.61
046102,Fairfield City,Butler,28664364.11,37087013.5,5615380.35,34279744.46,0,0,3727971.79,0,38007716.25,1011848.21,817888.98,39837453.44,39350891.67,0
046110,Lakota Local,Butler,41778843.18,32137885.26,-6427626.64,35351216.54,5759325.64,0,6091668.02,0,47202210.2,866899.03,2266562.8,50335672.03,49872364.45,668301
046128,Madison Local,Butler,8464539.5,9925682.03,974143.72,9438683.22,0,0,794532.04,0,10233215.26,128733.54,148980.44,10510929.24,10405757.34,0
046136,New Miami Local,Butler,6058466.78,8621557.48,1708812.57,7767279.35,0,0,263957.15,0,8031236.5,60644.86,135546.87,8227428.23,8163568.66,0
046144,Ross Local,Butler,8843614.57,8171397.04,-448167.44,8395447.13,445143.59,0,1322647.3,20555.59,10183793.61,121068.71,58748.46,10363610.78,10278847.01,3023.85
046151,Talawanda City,Butler,7037830.15,3737070.32,-2200616.58,4837213.57,2200616.58,0,1376195.76,0,8414025.91,175208.58,187074.14,8776308.63,8698190.91,0
046177,Brown Local,Carroll,2431516.33,3896531.32,976725.49,3408241.82,0,0,265502.92,0,3673744.74,89701.04,36768.27,3800214.05,3687091.07,0
046193,Graham Local,Champaign,8668364.33,5685262.85,-1988833.76,6679530.57,1765446.27,0,1397449.1,347174.95,10189600.89,205710.02,102977.5,10498288.41,8964205.41,223387.49
046201,Triad Local,Champaign,4696585.85,5553838.89,571530.6,5268116.45,0,0,685083.64,0,5953200.09,90590.21,39165.07,6082955.37,4822802.45,0
046219,West Liberty-Salem Local,Champaign,6574653.73,8220380.27,1097205.87,7671859.6,0,0,636099.5,0,8307959.1,63448.19,40706.49,8412113.78,7325809.11,0
046235,Greenon Local,Clark,4236988.16,6275360.32,1358982.71,5595970.87,0,0,694197.13,0,6290168,247362.26,80736.07,6618266.33,6543999.4,0
046243,Tecumseh Local,Clark,17626157.7,22238684.48,3075171.6,20701329.3,0,0,1580496.3,0,22281825.6,546035.95,95842.52,22923704.07,19918845.12,10390.21
046250,Northeastern Local,Clark,10382503.75,11185923.23,535639.77,10918143.52,0,0,1462333.78,0,12380477.3,290194.25,158121.44,12828792.99,11418180.21,216284.77
046268,Northwestern Local,Clark,6398645.4,7518129.73,746360.2,7145005.6,0,0,815622.63,0,7960628.23,193380.17,87124.55,8241132.95,6230978.66,0
046276,Southeastern Local,Clark,3732748.2,5607069.94,1249610.3,4982358.5,0,0,443317.37,0,5425675.87,83763.9,19012.01,5528451.78,5478552.04,0
046284,Clark-Shawnee Local,Clark,5265066.36,5973433.25,472268.2,5737334.56,0,0,763442.11,0,6500776.67,205873.45,70003.69,6776653.81,5634951.58,205389.02
046300,Batavia Local,Clermont,9868997.6,16133912.67,4176818.87,14045816.47,0,0,1304480.06,0,15350296.53,370037.11,86731,15807064.64,15587689.2,0
046318,Bethel-Tate Local,Clermont,9299332.01,9098754.78,-133724.84,9165607.17,107369.81,0,424152.21,0,9697129.19,142097.81,157515.53,9996742.53,9886680.38,26355.03
046326,Clermont Northeastern Local,Clermont,3700461.14,2082204.83,-1078891.48,2621569.66,1078891.48,0,1060900.28,249270.4,5010631.82,110698.95,124835.55,5246166.32,5191478.9,0
046334,Felicity-Franklin Local,Clermont,7118231.41,7929533.02,540894.78,7659126.19,0,0,527483.56,0,8186609.75,50558.28,117034.37,8354202.4,8285628.18,0
046342,Goshen Local,Clermont,17010811.18,20912189.97,2601049.24,19611860.42,0,0,1440373.48,0,21052233.9,273615.86,152459.35,21478309.11,21207641.58,46980.19
046359,West Clermont Local,Clermont,24179205.16,23257241.66,-614673.07,23564532.09,614673.07,0,2662437.65,193115.05,27034757.86,885445.49,714002.05,28634205.4,28201228.18,0
046367,Williamsburg Local,Clermont,5456513.15,6846308.12,926576.31,6383089.46,0,0,502014.63,0,6885104.09,117726.94,23953.76,7026784.79,6975517.39,0
046383,Blanchester Local,Clinton,10317096.14,7809725.34,-1671664.11,8645432.03,1671664.11,0,796637.28,31073.04,11144806.46,157480.93,126762.73,11429050.12,11327072.97,0
046391,Clinton-Massie Local,Clinton,8005429.41,5498153.47,-1671600.87,6333828.54,1242450.04,0,1299527.44,348976.42,9224782.44,137537.06,52776.11,9415095.61,9347443.91,429150.83
046409,East Clinton Local,Clinton,7786722.35,9715634.41,1286005.68,9072728.03,0,0,1119071.54,0,10191799.57,167387.49,128301.08,10487488.14,10381459.8,0
046425,Beaver Local,Columbiana,8567404.71,8532851.24,-23036.81,8544367.9,23036.81,0,1075888.62,477147.54,10120440.87,55387.86,0,10175828.73,9693279.97,0
046433,Crestview Local,Columbiana,7290211.42,9259696.88,1313055.95,8603267.37,0,0,683771.24,0,9287038.61,48136.69,0,9335175.3,8107512.14,0
046441,Southern Local,Columbiana,4251041.87,7332334.12,2054297.54,6305339.41,0,0,3451700.52,0,9757039.93,33951.96,0,9790991.89,9345397.99,0
046458,United Local,Columbiana,6716165.32,2767208.96,-2632769.21,4083396.11,2632769.21,0,590367.3,302013.33,7608545.95,32487,0,7641032.95,6902463.21,0
046474,Ridgewood Local,Coshocton,7558483.51,10294514.5,1824111.85,9382595.36,0,0,811153.2,0,10193748.56,188567.3,19736.16,10402052.02,10029399.62,0
046482,River View Local,Coshocton,6755537.88,4816029.82,-1293070.03,5462467.85,1293070.03,0,2227553.57,0,8983091.45,140894.75,48266.75,9172252.95,8934440.77,0
046508,Buckeye Central Local,Crawford,3557345.77,1199303.88,-1572106.53,1985239.24,1572106.53,0,529159.72,87423.55,4173929.04,49281.49,10403.34,4233613.87,4000077.97,0
046516,Colonel Crawford Local,Crawford,4457799.61,6678804.61,1480744.04,5938543.65,0,0,874925.01,0,6813468.66,52416.22,13367.08,6879251.96,6560442.71,0
046524,Wynford Local,Crawford,5744483.88,6441555.55,464737.68,6209221.56,0,0,1165719.39,0,7374940.95,98979.09,3741.46,7477661.5,6433698.24,0
046557,Cuyahoga Heights Local,Cuyahoga,355066.01,791379.11,290889.94,645955.95,0,0,193032.02,0,838987.97,32563.13,42533.75,914084.85,882522.39,0
046565,Independence Local,Cuyahoga,295171.11,933459,425546.54,720717.65,0,0,327302.32,0,1048019.97,63765.92,80473.4,1192259.29,1199382.63,0
046573,Olmsted Falls City,Cuyahoga,11889482.82,11494709.55,-263195.33,11626287.49,263195.33,0,984703.21,215200.24,13089386.27,366982.61,236283.5,13692652.38,13515731.16,0
046581,Orange City,Cuyahoga,660193.21,1976858.02,877820.41,1538013.62,0,0,946214.37,0,2484227.99,75551.77,284934,2844713.76,2646240.42,0
046599,Richmond Heights Local,Cuyahoga,-40179.23,2070647.24,1407288,1367108.77,0,0,213006.72,0,1580115.49,36051.61,206265.68,1822432.78,1672136.25,0
046607,Solon City,Cuyahoga,2387025.04,4244335.91,1238269.16,3625294.2,0,0,1286641.55,0,4911935.75,163783.92,222974.65,5298694.32,4856501.03,0
046623,Ansonia Local,Darke,4804474.72,8236165.73,2287908.39,7092383.11,0,0,766081.93,0,7858465.04,119176.9,79373.92,8057015.86,7644668.39,0
046631,Arcanum-Butler Local,Darke,6003322.26,8508407.92,1670140.61,7673462.87,0,0,602978.18,0,8276441.05,76903.4,82556.91,8435901.36,7717949.09,0
046649,Franklin Monroe Local,Darke,3389885.48,3813949.86,282723.72,3672609.2,0,0,559384.52,0,4231993.72,32886.5,20585.22,4285465.44,3995569.45,0
046672,Mississinawa Valley Local,Darke,4141075.01,7071910.99,1953988.35,6095063.36,0,0,408798.4,0,6503861.76,48267.89,47808.84,6599938.49,6245332.87,0
046680,Tri-Village Local,Darke,4526905.68,6611746.34,1389963.27,5916868.95,0,0,560942.29,0,6477811.24,81240.54,12909.09,6571960.87,6361212.13,0
046706,Ayersville Local,Defiance,3723478.72,6152082.07,1619149.85,5342628.57,0,0,253932.78,0,5596561.35,85827.59,6780.18,5689169.12,5047973.14,0
046714,Central Local,Defiance,5737122.16,6632993.19,597277.22,6334399.38,0,0,692247.93,0,7026647.31,114844.08,31890.19,7173381.58,6604078.86,0
046722,Northeastern Local,Defiance,2874500.74,919914.51,-1303122.64,1571378.1,1303122.64,0,414831.73,0,3289332.47,96475.48,11176.5,3396984.45,2512403.16,0
046748,Big Walnut Local,Delaware,4829879.42,3677370.59,-768377.64,4061501.78,620988.44,0,1634949.83,0,6317440.05,259900.92,140805.6,6718146.57,4407939.69,147389.2
046755,Buckeye Valley Local,Delaware,2777221.48,2095581.25,-454449.55,2322771.93,454449.55,0,2144738.94,0,4921960.42,187849.86,72053.79,5181864.07,5152988.99,0
046763,Olentangy Local,Delaware,6192541.15,41078333.73,23258357.91,29450899.06,0,0,6082050.53,0,35532949.59,1799411.62,870087.88,38202449.09,37512993.77,0
046789,Edison Local (formerly Berlin-Milan),Erie,5012571.58,5362805.71,233501.1,5246072.68,0,0,767708.33,0,6013781.01,129907.1,111402.77,6255090.88,5483375.1,0
046797,Kelleys Island Local,Erie,10248.43,335107.1,216583.27,226831.7,0,0,0,0,226831.7,0,0,226831.7,226831.7,0
046805,Margaretta Local,Erie,3939275.26,2241796.79,-1131708.88,2807566.38,1131708.88,0,521323.05,0,4460598.31,197727.98,149040.23,4807366.52,4507751.43,0
046813,Perkins Local,Erie,3793078.68,2838429.58,-636464.55,3156614.13,636464.55,0,622778.84,0,4415857.52,120101.61,43416.34,4579375.47,4536561.47,0
046821,Vermilion Local,Erie,3825657.96,2013381.34,-1208244.82,2617413.14,1208244.82,0,543431.25,0,4369089.21,121835,49514.38,4540438.59,4400064.36,0
046847,Amanda-Clearcreek Local,Fairfield,8711330.5,8838309.05,84656.6,8795987.1,0,0,960063.66,153616.97,9909667.73,138582.33,91119.86,10139369.92,10009070.67,0
046854,Berne Union Local,Fairfield,4029887.3,2500098.5,-1019910.19,3009977.11,1019910.19,0,486992.28,59733.21,4576612.79,37826.51,140742.05,4755181.35,4729734.14,0
046862,Bloom-Carroll Local,Fairfield,4327402.24,7753545.16,2284209.48,6611611.72,0,0,1099771.71,0,7711383.43,185623.34,143700.52,8040707.29,7963473.35,0
046870,Fairfield Union Local,Fairfield,9293054.41,12950512.78,2438427.5,11731481.91,0,0,1190513.74,0,12921995.65,225380.31,84648.43,13232024.39,13079001.1,0
046888,Liberty Union-Thurston Local,Fairfield,6186638.82,5757211.32,-286299.33,5900339.49,286299.33,0,571460.94,22795.26,6780895.02,136571.65,82553.86,7000020.53,6817427.06,0
046896,Pickerington Local,Fairfield,49987267.69,79386266.71,19600312.65,69587580.34,0,0,3816857.73,0,73404438.07,1541461.13,1292623.24,76238522.44,71678863.71,0
046904,Walnut Township Local,Fairfield,1117106.2,1511884.08,263198.41,1380304.61,0,0,133806.62,0,1514111.23,42576.41,35660.79,1592348.43,1579134.43,0
046920,Miami Trace Local,Fayette,9731606.98,10388420.32,437897.46,10169504.44,0,0,2371672.88,0,12541177.32,183970.64,179579.01,12904726.97,12609644.59,0
046946,Canal Winchester Local,Franklin,17104954.17,23580343.27,4317141.92,21422096.09,0,0,1286459.83,0,22708555.92,519907.58,634282.17,23862745.67,22877358.75,0
046953,Hamilton Local,Franklin,21215811.65,29905232.1,5793236.63,27009048.28,0,0,1762519.65,0,28771567.93,322487.52,272207.86,29366263.31,27237229.91,0
046961,Gahanna-Jefferson City,Franklin,10985749.16,13967239.84,1987759.83,12973508.99,0,0,1994673.87,0,14968182.86,595373.88,698392.45,16261949.19,13978612.62,0
046979,Groveport Madison Local,Franklin,27130063.96,46890273.28,13174131.55,40304195.51,0,0,2628182.81,0,42932378.32,789512.44,929131.98,44651022.74,43090131.57,0
046995,New Albany-Plain Local,Franklin,2011069.89,4676145.72,1776806.06,3787875.95,0,0,1378750.35,0,5166626.3,338450.1,173077.22,5678153.62,5573150.11,0
047001,Reynoldsburg City,Franklin,35513886.69,59594519.33,16054557.78,51568444.47,0,0,3291363.29,0,54859807.76,1232848.15,1043554.97,57136210.88,52753216.94,932694.91
047019,Hilliard City,Franklin,42722462.37,46954469.22,2821478.96,45543941.33,0,0,4769906.71,0,50313848.04,1134833.36,1852676.82,53301358.22,48117484.19,0
047027,Dublin City,Franklin,16090297.98,16505610.07,276888.56,16367186.54,0,0,4843702.01,0,21210888.55,845579.06,904222.13,22960689.74,22546601.71,0
047043,Archbold-Area Local,Fulton,3432852.31,3733506.2,200445.95,3633298.26,0,0,301762.02,0,3935060.28,136865.53,37368.79,4109294.6,2990175.77,0
047050,Evergreen Local,Fulton,4290074.41,2645917.53,-1096159.38,3193915.03,1096159.38,0,904084.46,0,5194158.87,107201.74,51958.47,5353319.08,4231286.83,0
047068,Fayette Local,Fulton,3070798.99,3604705.44,355955.42,3426754.41,0,0,216592.12,0,3643346.53,53669.17,34810.15,3731825.85,3213578.84,0
047076,Pettisville Local,Fulton,3430691.56,4451366.98,680484.29,4111175.85,0,0,194540.67,0,4305716.52,34220.7,72983.42,4412920.64,4183706.6,0
047084,Pike-Delta-York Local,Fulton,5958972.65,7231851.19,848628.12,6807600.77,0,0,555218.18,0,7362818.95,183204.5,70059.41,7616082.86,6631155.65,0
047092,Swanton Local,Fulton,4655062.2,4686565.75,21003.43,4676065.63,0,0,465059.99,31092.68,5172218.3,138947.36,73264.71,5384430.37,4075912.27,0
047167,Berkshire Local,Geauga,4134492.95,1250133.73,-1923002.29,2211490.66,1923002.29,0,872869.38,229248.75,5236611.08,67594.49,201525.79,5505731.36,5475100.84,0
047175,Cardinal Local,Geauga,1617826.22,796101.37,-547843.95,1069982.27,547843.95,0,675092.38,119081.54,2412000.14,64798.12,146433.04,2623231.3,2598679.82,0
047183,Chardon Local,Geauga,4122699.05,2133754.16,-1326029.56,2796669.49,1326029.56,0,1332165.77,0,5454864.82,180007,214053.01,5848924.83,5673245.36,0
047191,Kenston Local,Geauga,2753729.21,2144901.52,-405905.43,2347823.78,356455.77,0,987442.7,0,3691722.25,151014.44,303697.66,4146434.35,4117402,49449.66
047225,West Geauga Local,Geauga,3490590.29,1838591.36,-1101387.68,2389202.61,1101387.68,0,1410029.37,0,4900619.66,82212.31,260267.9,5243099.87,4817723.02,0
047241,Beavercreek City,Greene,9274782.5,7592346.2,-1121680.28,8153102.22,1121680.28,0,2732793.8,0,12007576.3,718797.09,657021.61,13383395,13183771.69,0
047258,Cedar Cliff Local,Greene,2789673.78,4384810.27,1063477.49,3853151.27,0,0,172653.07,0,4025804.34,47678.9,37672.59,4111155.83,4036395.77,0
047266,Greeneview Local,Greene,5315494.6,6652577.55,891433.21,6206927.81,0,0,849837.13,0,7056764.94,181803.71,67035.46,7305604.11,7057423.7,0
047274,Bellbrook-Sugarcreek Local,Greene,5173420.74,2441852.08,-1821136.82,3352283.92,1821136.82,0,712656.06,0,5886076.8,229947.27,195720.77,6311744.84,6015395.09,0
047308,Rolling Hills Local,Guernsey,8001537.82,9710755.57,1139535.47,9141073.29,0,0,690818.77,0,9831892.06,192923,45987.94,10070803,8798233.24,0
047332,Finneytown Local,Hamilton,6047585.39,5709171.4,-225620.62,5821964.77,225620.62,0,256370.36,0,6303955.75,115734.44,93624.8,6513314.99,6440823.65,0
047340,Forest Hills Local,Hamilton,15348847.31,6044766.49,-6203030.68,9145816.63,6203030.68,0,2243304.18,0,17592151.49,379146.07,313412.57,18284710.13,18167063.5,0
047365,Northwest Local,Hamilton,23586210.22,25911468.01,1550249.37,25136459.59,0,0,2699719.94,0,27836179.53,701550.25,634877.96,29172607.74,28812659.5,0
047373,Oak Hills Local,Hamilton,24347395.42,21315337.61,-2021472.95,22325922.47,2021472.95,0,1019035.7,123880.24,25490311.36,647401.47,556421.82,26694134.65,26327382.61,0
047381,Southwest Local,Hamilton,12587063.71,18605216.43,4012302.41,16599366.12,0,0,1300125.23,0,17899491.35,111784.64,51519.64,18062795.63,17864327.4,0
047399,Three Rivers Local,Hamilton,5461794.15,3020728.15,-1627458.71,3834335.44,1627458.71,0,700560.06,0,6162354.21,154504.27,107378.13,6424236.61,6370168.07,0
047415,Arcadia Local,Hancock,2614808.3,3428676.29,542605.8,3157414.1,0,0,251153.56,0,3408567.66,52805.08,41721.05,3503093.79,2662189.56,0
047423,Arlington Local,Hancock,3260486.42,5990692.22,1820228.21,5080714.63,0,0,225819.91,0,5306534.54,43392.21,38730.2,5388656.95,4556335.44,0
047431,Cory-Rawson Local,Hancock,2196626.34,3645245.31,965794.27,3162420.61,0,0,292331,0,3454751.61,64338.62,0,3519090.23,2353006.99,0
047449,Liberty-Benton Local,Hancock,5939577.03,7947220.98,1338496.23,7278073.26,0,0,536681.95,0,7814755.21,187477.7,28193.74,8030426.65,6585602.3,0
047456,McComb Local,Hancock,3931555.52,5832961.23,1267667.2,5199222.72,0,0,336451.98,0,5535674.7,59628.55,96355.54,5691658.79,4401410.3,0
047464,Van Buren Local,Hancock,1008115.54,1055076.19,31308.67,1039424.21,0,0,343714.92,0,1383139.13,84690.8,17326.08,1485156.01,1170989.75,0
047472,Vanlue Local,Hancock,1049983.04,1581420.93,354309.64,1404292.68,0,0,132335.61,0,1536628.29,43448.57,5080.88,1585157.74,1148190.49,0
047498,Hardin Northern Local,Hardin,2476604.62,3174992.96,465615.5,2942220.12,0,0,264380.89,0,3206601.01,64427.2,13098.64,3284126.85,3197717.75,0
047506,Ridgemont Local,Hardin,2748062.28,4859946.23,1407993.03,4156055.31,0,0,470357.19,0,4626412.5,20869.11,49204.72,4696486.33,4573939.08,0
047514,Riverdale Local,Hancock,5659407.42,7417101.76,1171854.81,6831262.23,0,0,616829.99,0,7448092.22,105687.67,145833.61,7699613.5,5842976.17,3832.09
047522,Upper Scioto Valley Local,Hardin,3109530.7,3748050.55,425701.19,3535231.89,0,0,379286.13,0,3914518.02,60922.81,36596.39,4012037.22,3972518.42,0
047548,Conotton Valley Union Local,Harrison,2356251.08,881831.36,-982995.63,1373255.45,982995.63,0,307245.6,77242.69,2740739.37,29686.59,1480.64,2771906.6,2676662.75,0
047571,Holgate Local,Henry,2910070.44,3433808.75,349176.33,3259246.77,0,0,256692.66,0,3515939.43,42647.09,0,3558586.52,2930923.29,0
047589,Liberty Center Local,Henry,6054774.17,7296784.46,828048.26,6882822.43,0,0,373699.51,0,7256521.94,136633.52,27686.8,7420842.26,6386185.57,6440.69
047597,Patrick Henry Local,Henry,4183445.06,3321973.19,-574343.3,3609101.76,574343.3,0,641049.68,0,4824494.74,105239.36,19243.08,4948977.18,4116870.38,0
047613,Bright Local,Highland,4871449.53,7503426.63,1754739.14,6626188.67,0,0,1643330.96,0,8269519.63,50284.16,41006.65,8360810.44,8288263.23,0
047621,Fairfield Local,Highland,7684829.5,8742729.77,705302.11,8390131.61,0,0,682946,0,9073077.61,101758.65,70000.03,9244836.29,9039547.28,0
047639,Lynchburg-Clay Local,Highland,9357046.98,8916383.3,-293790.5,9063256.48,293790.5,0,1542098.6,11771.99,10910917.57,102861.06,50019.46,11063798.09,10929578.68,0
047688,East Holmes Local,Holmes,4323763.2,1452301.44,-1914403.55,2409359.65,1914403.55,0,1277114.17,0,5600877.37,78330,0,5679207.37,5659504.55,0
047696,West Holmes Local,Holmes,8696512.83,4113868.75,-3055248.81,5641264.02,3055248.81,0,1453843.2,705340.46,10855696.49,160624.61,63652.17,11079973.27,11007090.1,0
047712,Monroeville Local,Huron,3021331.15,4195464.81,782794.91,3804126.06,0,0,276054.8,0,4080180.86,46578.11,26831.53,4153590.5,4124231.75,0
047720,New London Local,Huron,6192530.2,8080142.6,1258471.19,7451001.39,0,0,488650.15,0,7939651.54,108787.73,41916.97,8090356.24,8034820.59,0
047738,South Central Local,Huron,5569986.23,7941146.66,1580852.66,7150838.89,0,0,414352.39,0,7565191.28,45908.77,47444.42,7658544.47,7598180.98,0
047746,Western Reserve Local,Huron,5751742.69,6466770.22,476708.87,6228451.56,0,0,837344.25,0,7065795.81,56291.39,47923.9,7170011.1,6351822.52,0
047761,Oak Hill Union Local,Jackson,8818403.89,8691944.36,-84310.57,8734093.32,84310.57,0,1213260.66,529689.09,10561353.64,92959.16,53844.53,10708157.33,10545543.88,0
047787,Buckeye Local,Jefferson,6546281.93,2556143.66,-2660225.19,3886056.74,2660225.19,0,1308296.02,0,7854577.95,113000.94,0,7967578.89,7885546.94,0
047795,Edison Local,Jefferson,4442665.92,1408203.49,-2023076.1,2419589.82,2023076.1,0,1480869.46,0,5923535.38,98214.11,2093.17,6023842.66,5487003.47,0
047803,Indian Creek Local,Jefferson,6252475.9,8748891.55,1664360.31,7916836.21,0,0,779632.45,0,8696468.66,191146.31,0,8887614.97,8228317.35,0
047829,Centerburg Local,Knox,5475012.85,5368511.22,-71004.64,5404008.21,71004.64,0,389892.61,150490.23,6015395.69,87560.56,19401.24,6122357.49,6065143.09,0
047837,Danville Local,Knox,3989304.66,5876801.84,1258394.38,5247699.04,0,0,321458.26,0,5569157.3,92463.54,0,5661620.84,5622064,0
047845,East Knox Local,Knox,2039928.38,1851874.02,-125375.84,1914552.54,125375.84,0,745036.42,324210.3,3109175.1,50235.18,30607.39,3190017.67,3162060.6,0
047852,Fredericktown Local,Knox,6176605.15,7041587.42,576683.68,6753288.83,0,0,593535.39,0,7346824.22,55747.9,499.18,7403071.3,7335491.1,0
047878,Kirtland Local,Lake,635519.75,954247.72,212495.94,848015.69,0,0,476983.61,0,1324999.3,28294.17,84162.66,1437456.13,1264847.86,0
047886,Madison Local,Lake,12536271.3,14133683.23,1064994.54,13601265.84,0,0,890236.66,0,14491502.5,303246.51,234687.73,15029436.74,14586312.1,0
047894,Riverside Local,Lake,5734915.13,3758543.07,-1317647.26,4417267.87,1317647.26,0,1681965.5,0,7416880.63,238512.48,314431.8,7969824.91,7923051.73,0
047902,Perry Local,Lake,3066245.67,4304512.06,825552.19,3891797.86,0,0,363049.2,0,4254847.06,82918.48,113952.06,4451717.6,4329502.7,0
047928,Dawson-Bryant Local,Lawrence,11331519.16,11984955.11,435645.74,11767164.9,0,0,758990.76,0,12526155.66,105263.74,39557.56,12670976.96,12242809.14,0
047936,Fairland Local,Lawrence,7798550.3,8500480.8,467977.06,8266527.36,0,0,438426.12,0,8704953.48,104440.18,62793.29,8872186.95,8735236.33,0
047944,Rock Hill Local,Lawrence,10434886.76,6062379.84,-2915150.36,7519736.4,2915150.36,0,892456.88,974880.53,12302224.17,111083.68,38663.74,12451971.59,12353196.76,0
047951,South Point Local,Lawrence,9906002.7,9387101.81,-345951.21,9560051.49,345951.21,0,650894.13,554197.45,11111094.28,264730.36,41369.57,11417194.21,10977745.71,0
047969,Symmes Valley Local,Lawrence,7620989.82,7254680.4,-244218.49,7376771.33,244218.49,0,762147.39,363332.65,8746469.86,39755.14,35135.26,8821360.26,8575962.56,0
047985,Johnstown-Monroe Local,Licking,4252727.72,2410283.97,-1228357.26,3024370.46,1228357.26,0,545073.86,0,4797801.58,52512.06,197841.12,5048154.76,3925256.85,0
047993,Lakewood Local,Licking,3918657.29,1814982.14,-1402520.21,2516137.08,1402520.21,0,836146.45,0,4754803.74,120310.65,189805.96,5064920.35,4007702.99,0
048009,Licking Heights Local,Licking,8798703.88,30768098.05,14646995.07,23445698.95,0,0,3017740.38,0,26463439.33,512031.59,543905.88,27519376.8,24785016.72,0
048017,Licking Valley Local,Licking,10074661.36,13014448.73,1959956.26,12034617.62,0,0,1508838.1,0,13543455.72,112041.86,77847.25,13733344.83,12736782.43,0
048025,North Fork Local,Licking,6601398.86,6182463.74,-279304.04,6322094.82,279304.04,0,1205659.76,411358.14,8218416.76,136429.45,100308.89,8455155.1,6302716.26,0
048033,Northridge Local,Licking,3533875.89,1123305.41,-1607127.35,1926748.54,1607127.35,0,1090443.16,0,4624319.05,42889.26,179117.36,4846325.67,4720206.08,0
048041,Southwest Licking Local,Licking,13587660.33,19992417.42,4270051.55,17857711.88,0,0,1477586.36,0,19335298.24,575808.18,361646.13,20272752.55,19469292.72,0
048074,Benjamin Logan Local,Logan,5887523.94,3751520.72,-1424073.35,4463450.59,1424073.35,0,1208101.91,0,7095625.85,103364.96,86838.69,7285829.5,7150357.22,0
048082,Indian Lake Local,Logan,4360582.07,1498264.49,-1908307.12,2452274.95,1908307.12,0,536155.28,567036.48,5463773.83,101049.18,87798.95,5652621.96,5524026.05,0
048090,Riverside Local,Logan,4865721.9,5613843.54,498772.69,5364494.59,0,0,381859.4,0,5746353.99,58116.56,59469.26,5863939.81,5788501.77,0
048116,Avon Local,Lorain,3704309.22,5441114.79,1157928.27,4862237.49,0,0,1188360.25,0,6050597.74,278697.83,469008.73,6798304.3,6301387.4,0
048124,Avon Lake City,Lorain,2265765.85,2974464.24,472489.21,2738255.06,0,0,947119.23,0,3685374.29,161813.71,203881.61,4051069.61,4006241.44,0
048132,Clearview Local,Lorain,13669682.5,15152021.96,988275.72,14657958.22,0,0,401809.55,0,15059767.77,132232.77,36530,15228530.54,14852544.8,0
048140,Columbia Local,Lorain,2156906.33,1092931.38,-709352.1,1447554.23,709352.1,0,335893.87,0,2492800.2,89210.87,32446.73,2614457.8,2532774.97,0
048157,Firelands Local,Lorain,7406232.15,5018272.56,-1592052.67,5814179.48,1592052.67,0,1008847.88,38130.66,8453210.69,127671.88,83492.94,8664375.51,8378018.84,0
048165,Keystone Local,Lorain,5948061.66,3553487.17,-1596462.8,4351598.86,1435625.32,0,637787.96,0,6425012.14,153379.38,111465.97,6689857.49,6499024.01,160837.48
048173,Midview Local,Lorain,11522939.92,6841307.93,-3121244.05,8401695.87,2686715.7,0,765094.05,352744.62,12206250.24,198430.76,280910.77,12685591.77,12110327.32,434528.35
048207,Anthony Wayne Local,Lucas,5824730.81,3663897.83,-1440627.35,4384103.46,1440627.35,0,1518100.98,0,7342831.79,184026.17,129491.06,7656349.02,7598657.89,0
048215,Ottawa Hills Local,Lucas,2353935.75,2816330.78,308278.77,2662214.52,0,0,0,0,2662214.52,35556.28,24635.39,2722406.19,2694459.52,0
048223,Springfield Local,Lucas,4742947.9,7183794.18,1627312.21,6370260.11,0,0,1100711.27,0,7470971.38,406944.1,139292.83,8017208.31,7330825.87,0
048231,Washington Local,Lucas,24643075.66,56991403.61,21566630.24,46209705.9,0,0,1738698.17,0,47948404.07,593976.94,790363.81,49332744.82,46074133.45,0
048256,Jefferson Local,Madison,4204325.21,3673583.82,-353845.3,3850479.91,353845.3,0,313579.31,0,4517904.52,103596.41,46276.31,4667777.24,3652493.88,0
048264,Jonathan Alder Local,Madison,7450695.83,7054082.81,-264421.9,7186273.93,264421.9,0,1014682.7,0,8465378.53,121953.5,33085.72,8620417.75,8186785.69,0
048272,Madison-Plains Local,Madison,4066806.79,2211646.1,-1236835.64,2829971.15,1236835.64,0,798403.49,0,4865210.28,138670.26,51644.61,5055525.15,4476342.11,0
048298,Austintown Local Schools,Mahoning,19358588.73,29236656.42,6585707.73,25944296.46,0,0,1327271.72,0,27271568.18,385025.45,273645.05,27930238.68,24436366.69,0
048306,Boardman Local,Mahoning,5482365.6,10405265.86,3282097.6,8764463.2,0,0,1281420.1,0,10045883.3,285978.51,174921.5,10506783.31,8603990.88,0
048314,Canfield Local,Mahoning,4278898.9,2249771.7,-1352819.11,2926079.79,1352819.11,0,918792.07,0,5197690.97,117852.13,98598.41,5414141.51,4402193.28,0
048322,Jackson-Milton Local,Mahoning,2249752.22,2396478.25,97822.25,2347574.47,0,0,433893.58,0,2781468.05,39818.07,18523.94,2839810.06,1911614.1,0
048330,Lowellville Local,Mahoning,3250651.58,4880686.41,1086744.22,4337395.8,0,0,136328.47,0,4473724.27,7367.47,5987.23,4487078.97,4111552.89,0
048348,Poland Local,Mahoning,4313356.43,1579660.14,-1822555.32,2490801.11,1822555.32,0,498870.85,0,4812227.28,106118.04,49948.27,4968293.59,3983700.98,0
048355,Sebring Local,Mahoning,4611140.11,4684258.87,48748.28,4659888.39,0,0,102490.12,241105.19,5003483.7,51094.8,17557.72,5072136.22,4608329.2,0
048363,South Range Local,Mahoning,5446308.12,5181109.77,-176807.75,5269500.37,176807.75,0,383715.76,68693.92,5898717.8,70009.11,58360.83,6027087.74,5371554.6,0
048371,Springfield Local,Mahoning,3717486.08,3362583.04,-236613.85,3480872.23,236613.85,0,354159.9,23706.58,4095352.56,53233.64,21434.39,4170020.59,3377059.14,0
048389,West Branch Local,Mahoning,10802636.38,8851439.33,-1300863.07,9501773.31,1144028.2,0,1188206.87,277359.62,12111368,130991.27,51207.32,12293566.59,11890726.24,156834.87
048397,Western Reserve Local,Mahoning,3052095.27,3731667.62,453070.88,3505166.15,0,0,338412.91,0,3843579.06,16494.41,8549.09,3868622.56,3459982.29,0
048413,Elgin Local,Marion,5692948.64,6721170.86,685515.75,6378464.39,0,0,960122.65,0,7338587.04,88302.73,75118.39,7502008.16,6922203.15,0
048421,Pleasant Local,Marion,4580652.55,5729980.17,766256.73,5346909.28,0,0,400065.58,0,5746974.86,119900.32,62954.21,5929829.39,5256211.01,0
048439,Ridgedale Local,Marion,2733316.04,4195541.44,974865.69,3708181.73,0,0,423631.57,0,4131813.3,73690.44,5114.12,4210617.86,3729157.08,0
048447,River Valley Local,Marion,7291001.51,10697812.44,2271320.86,9562322.37,0,0,1211202.69,0,10773525.06,109025.94,69853.51,10952404.51,10765952.05,0
048462,Black River Local,Medina,5269540.51,2841693.14,-1618645.85,3650894.66,1618645.85,0,882506.95,193838.39,6345885.85,27893.03,78543.34,6452322.22,6334643.43,0
048470,Buckeye Local,Medina,4854310.52,1800002.87,-2036306.91,2818003.61,2036306.91,0,804959.06,0,5659269.58,155805.44,106985.91,5922060.93,6054705.86,0
048488,Cloverleaf Local,Medina,7310960.78,4543952.98,-1844764.11,5466196.67,1844764.11,0,1440298.92,0,8751259.7,160061.77,141358.1,9052679.57,8975469.97,0
048496,Highland Local,Medina,3633284.3,3001974.48,-420894.26,3212390.04,420894.26,0,1546500.54,0,5179784.84,163334.23,318535.87,5661654.94,5554362.97,0
048512,Eastern Local,Meigs,6351137.31,8162168.14,1207414.24,7558551.55,0,0,523304.28,0,8081855.83,26943.35,18331.55,8127130.73,7876390.82,0
048520,Meigs Local,Meigs,15020091.73,16705556.63,1123699.44,16143791.17,0,0,1827593.67,0,17971384.84,117179.94,143117.64,18231682.42,18390518.89,0
048538,Southern Local,Meigs,5123900.87,8099095.51,1983562.27,7107463.14,0,0,370934.57,0,7478397.71,62442.9,0,7540840.61,7212819.65,0
048553,Marion Local,Mercer,5089658.55,7743640.02,1769409.46,6859068.01,0,0,483248.01,0,7342316.02,31689.63,39473.77,7413479.42,6697515.14,0
048579,Parkway Local,Mercer,5555183.62,7221427.09,1110884.53,6666068.15,0,0,624927.2,0,7290995.35,117309.71,14682.03,7422987.09,6734873.45,0
048587,St Henry Consolidated Local,Mercer,5305297.32,6637624.35,888262.43,6193559.75,0,0,281443.2,0,6475002.95,54330.74,13342.64,6542676.33,5747739.12,0
048595,Fort Recovery Local,Mercer,5742214.85,7604681.34,1241706.4,6983921.25,0,0,381063.64,0,7364984.89,77711.88,28629.75,7471326.52,6289586.43,0
048611,Bethel Local,Miami,3607739.27,15186120.6,7719306.83,11327046.1,0,0,1128622.52,0,12455668.62,124191.54,39301.74,12619161.9,10238478.2,0
048629,Miami East Local,Miami,4647896.27,4014788.19,-422093.17,4225803.1,422093.17,0,737312.71,0,5385208.98,86473.28,28827.73,5500509.99,3774798.75,0
048637,Newton Local,Miami,3577260.27,5796449.6,1479533.53,5056793.8,0,0,236637.94,0,5293431.74,26277.4,0,5319709.14,4933303.72,0
048652,Switzerland of Ohio Local,Monroe,10851462.41,2261448.52,-5726962.25,5124500.16,5726962.25,0,2331641.74,59144.99,13242249.14,89171.99,209180.37,13540601.5,9849342.48,0
048678,Brookville Local,Montgomery,5705312.62,8677568.03,1981602.69,7686915.31,0,0,457375.99,0,8144291.3,180520.23,18627.88,8343439.41,7592732.08,0
048686,Jefferson Township Local,Montgomery,1662413.82,2257863.81,396986.51,2059400.33,0,0,401709.25,0,2461109.58,7733.49,6525.93,2475369,950249.44,0
048694,Trotwood-Madison City,Montgomery,22208617.71,24825764.33,1744851.64,23953469.35,0,938163.85,1283969.77,0,26175602.97,119362.83,418589.29,26713555.09,24092236.51,0
048702,Mad River Local,Montgomery,27379547.6,39422038.56,8028728.72,35408276.32,0,0,1916120.94,0,37324397.26,487813.86,270130.13,38082341.25,35473624.3,0
048710,New Lebanon Local School District,Montgomery,7503290.45,10105110.66,1734633.53,9237923.98,0,0,416834.08,0,9654758.06,76207.91,136268.22,9867234.19,8729583.13,0
048728,Northmont City,Montgomery,20820326.94,24427299.4,2404768.55,23225095.49,0,0,1593231.37,0,24818326.86,499584.92,408026.58,25725938.36,22992439.83,0
048736,Northridge Local,Montgomery,11599731.25,18371806.31,4514942.44,16114673.69,0,0,757701.05,0,16872374.74,149831,236797.54,17259003.28,13550360.48,70484.33
048744,Valley View Local,Montgomery,7602382.54,8741614.07,759525.66,8361908.2,0,0,924015.18,0,9285923.38,118401.61,121118.82,9525443.81,7817467.18,0
048751,Huber Heights City,Montgomery,29951543.45,37683326.77,5154779.95,35106323.4,0,0,1127473.31,0,36233796.71,647866.1,706198.81,37587861.62,35654673.76,0
048777,Morgan Local,Morgan,11470393.83,10639251.63,-554122.5,10916271.33,554122.5,0,2292778.7,604693.41,14367865.94,305792.49,101160.74,14774819.17,14565431.14,0
048793,Cardington-Lincoln Local,Morrow,6310657.1,7950188.06,1093075.3,7403732.4,0,0,366470.5,0,7770202.9,145307.53,96202.36,8011712.79,7922073.72,0
048801,Highland Local,Morrow,8857917.65,8028079.22,-553253.28,8304664.37,553253.28,0,1233572.87,383989.41,10475479.93,136110.33,80930.71,10692520.97,9903840.46,0
048819,Northmor Local,Morrow,4482275.74,4739812.19,171699.54,4653975.28,0,0,765390.51,13889.94,5433255.73,51604.96,42056.09,5526916.78,4866524.74,0
048835,East Muskingum Local,Muskingum,8632699.78,13057478.03,2949999.66,11582699.44,0,0,1577292.82,0,13159992.26,129627.16,32580.76,13322200.18,11980055.96,0
048843,Franklin Local,Muskingum,10557783.33,9696195.18,-574420.81,9983362.52,574420.81,0,1497764.72,500940.01,12556488.06,166646.32,89121.19,12812255.57,12609634.76,0
048850,Maysville Local,Muskingum,13742347.27,16268737.46,1684344.34,15426691.61,0,0,1227381.92,0,16654073.53,157898.62,91308.72,16903280.87,15180247.87,0
048876,Tri-Valley Local,Muskingum,15874085.46,13756885.37,-1411537.3,14462548.16,1411537.3,0,2269002.39,34139.63,18177227.48,200261.99,113981.9,18491471.37,15550519.53,0
048884,West Muskingum Local,Muskingum,3805405.42,5313279.13,1005299.4,4810704.82,0,0,1034252.39,0,5844957.21,249291.89,0,6094249.1,4807190.77,0
048900,Noble Local,Noble,5137550.87,983216.77,-2769694.55,2367856.32,2769694.55,0,1045186.84,87950.78,6270688.49,49954.69,34723.12,6355366.3,4393093.47,0
048926,Benton Carroll Salem Local,Ottawa,3227287.99,2860995.96,-244206.88,2983081.11,244206.88,0,677438.05,188542.23,4093268.27,108116.11,67655.28,4269039.66,4177527.6,0
048934,Danbury Local,Ottawa,460341.49,591650.14,87543.46,547884.95,0,0,213984.47,148885.04,910754.46,22885.2,13414.41,947054.07,918204.3,0
048942,Genoa Area Local,Ottawa,5643550.38,6522487.07,585987.1,6229537.48,0,0,533875.79,0,6763413.27,131379.15,52428.83,6947221.25,6810667.78,0
048959,Middle Bass Local,Ottawa,0,0,0,0,0,0,0,0,0,0,0,0,0,0
048967,North Bass Local,Ottawa,19672.64,0,-13115.75,6556.89,13115.75,0,0,0,19672.64,0,0,19672.64,19672.64,0
048975,Put-In-Bay Local,Ottawa,35006.39,254688.26,146461.9,181468.29,0,0,850,0,182318.29,0,0,182318.29,181534.71,0
048991,Antwerp Local,Paulding,4578396.6,6797972.41,1479791.2,6058187.8,0,0,466836.22,0,6525024.02,88381.16,11146.25,6624551.43,5696835.32,0
049031,Wayne Trace Local,Paulding,4686372.15,5323981.97,425094.46,5111466.61,0,0,736850.38,0,5848316.99,103263.02,0,5951580.01,4172951.32,0
049056,Northern Local,Perry,10252524.35,11520875.63,845609.8,11098134.15,0,0,1574303.83,0,12672437.98,121868.86,152778.55,12947085.39,11851619.59,0
049064,Southern Local,Perry,7324107.3,8333601.46,673029.75,7997137.05,0,161837.28,754873.95,0,8913848.28,53971.66,0,8967819.94,8890005.34,0
049080,Logan Elm Local,Pickaway,6502784.58,4499850.69,-1335356.02,5167428.56,1284424.67,0,1866025.65,0,8317878.88,109369.67,89416.94,8516665.49,7870923.19,50931.35
049098,Teays Valley Local,Pickaway,18939983.97,30283963.81,7563031.36,26503015.33,0,0,2278148.67,0,28781164,624871.93,209903.58,29615939.51,27384665.96,0
049106,Westfall Local,Pickaway,6658981.11,2844758.89,-2542941.96,4116039.15,2542941.96,0,1426511.22,10734.93,8096227.26,81297.52,62078.32,8239603.1,7305097.9,0
049122,Eastern Local School District,Pike,9011106.01,9698766.03,458462.94,9469568.95,0,0,956775.82,0,10426344.77,47389.68,92521.72,10566256.17,10359527.59,0
049130,Scioto Valley Local,Pike,9276476.5,11157173.36,1253860.59,10530337.09,0,0,1089558.5,0,11619895.59,106076.59,36876.82,11762849,10317376.73,0
049148,Waverly City,Pike,13290598.51,13840061,366326.64,13656925.15,0,0,917499.85,141096.21,14715521.21,140303.04,47173.71,14902997.96,13686216.09,0
049155,Western Local,Pike,8951109.92,9815923.89,576571.48,9527681.4,0,0,887174.71,0,10414856.11,57441.57,7991.27,10480288.95,9996873.95,0
049171,Aurora City,Portage,4070280,2727825.55,-895014.38,3175265.62,895014.38,0,911785.75,0,4982065.75,256997,130518.76,5369581.51,5228483.5,0
049189,Crestwood Local,Portage,8753589.19,1921311.97,-4555079.23,4198509.96,4555079.23,0,701398.65,0,9454987.84,90928.49,179407.2,9725323.53,9684254.79,0
049197,Field Local,Portage,5416523.83,3670004.26,-1164404.61,4252119.22,1164404.61,0,505196.32,0,5921720.15,106772.39,91682.03,6120174.57,5950998.19,0
049205,James A Garfield Local,Portage,6810251.62,6494977.74,-210193.09,6600058.53,210193.09,0,555316.86,71910.8,7437479.28,97917.37,69693,7605089.65,7487930.53,0
049213,Rootstown Local,Portage,3834798.09,2885473.62,-632914.63,3201883.46,632914.63,0,457867.32,0,4292665.41,85464.18,83972.72,4462102.31,3964393.32,0
049221,Southeast Local,Portage,8681574.48,6981602.79,-1133371.11,7548203.37,1133371.11,0,834917.27,324938.08,9841429.83,117802.85,143185.19,10102417.87,10023097.57,0
049239,Streetsboro City,Portage,4525991.37,3201151.49,-883270.75,3642720.62,883270.75,0,644301.35,0,5170292.72,127260.09,76430.06,5373982.87,5316435.23,0
049247,Waterloo Local,Portage,4313813.59,3211596.89,-734847.87,3578965.72,734847.87,0,320506.2,0,4634319.79,80359.16,46841.18,4761520.13,4717789.73,0
049270,National Trail Local,Preble,5640598,7960843.34,1546907.56,7187505.56,0,0,773028.29,0,7960533.85,68429.37,78098.38,8107061.6,6596149.8,0
049288,Preble Shawnee Local,Preble,6988510.09,8682037.45,1129074.69,8117584.78,0,0,1035300.15,0,9152884.93,117318.49,40163.82,9310367.24,9036248.66,0
049296,Twin Valley Community Local,Preble,4640066.97,6667314.73,1351566.08,5991633.05,0,0,567420.47,0,6559053.52,36905.02,38660.4,6634618.94,6349555,0
049312,Columbus Grove Local,Putnam,5336185.82,5536108.02,133288.14,5469473.96,0,0,414451.92,0,5883925.88,67553.55,42075.59,5993555.02,4993888.94,0
049320,Continental Local,Putnam,3036010.42,5062012.12,1350735.34,4386745.76,0,0,334141.51,0,4720887.27,44811.37,6090.72,4771789.36,4099767.65,0
049338,Jennings Local,Putnam,2411524.24,2919034.9,338357.36,2749881.6,0,0,190174.59,0,2940056.19,21539.43,13308.47,2974904.09,2803989,0
049346,Kalida Local,Putnam,2927051.21,4505991.88,1052679.74,3979730.95,0,0,205751.95,0,4185482.9,28219.54,20682.15,4234384.59,4007613.89,0
049353,Leipsic Local,Putnam,4164730.78,7436875.87,2181539.12,6346269.9,0,0,225453.23,0,6571723.13,78507.41,35366.98,6685597.52,6132046.32,0
049361,Miller City-New Cleveland Local,Putnam,3376083.99,6331533.94,1970398.49,5346482.48,0,0,309916.98,0,5656399.46,12017.57,39815.93,5708232.96,5335375.97,0
049379,Ottawa-Glandorf Local,Putnam,5767481.69,7189825.69,948276.75,6715758.44,0,0,529657.5,0,7245415.94,123549.87,19753.57,7388719.38,5780499.93,0
049387,Ottoville Local,Putnam,2505803.4,4222373.15,1144437.06,3650240.46,0,0,208067.06,0,3858307.52,34967.41,18481.18,3911756.11,3686860.21,0
049395,Pandora-Gilboa Local,Putnam,2793184.45,4431706.3,1092402.51,3885586.96,0,0,517828.7,0,4403415.66,21558.09,0,4424973.75,3884923.46,0
049411,Clear Fork Valley Local,Richland,7967245.85,7863008.08,-69495.32,7897750.53,69495.32,0,680305.94,0,8647551.79,157438.17,131205.06,8936195.02,8651918.07,0
049429,Crestview Local,Richland,6503680.95,3494589.15,-2006161.5,4497519.45,2006161.5,0,475203.34,349115.88,7328000.17,90445.76,1994.67,7420440.6,7042256.54,0
049437,Lexington Local,Richland,8014901.68,9268360.94,835681.29,8850582.97,0,0,757628.21,0,9608211.18,151432.2,77443.27,9837086.65,8108065.94,0
049445,Lucas Local,Richland,2724793.21,1804294.02,-613696.81,2111096.4,613696.81,0,218859.82,27149.9,2970802.93,32496.04,26677.37,3029976.34,2740982.33,0
049452,Madison Local,Richland,15349133.58,19788918.33,2960004.49,18309138.07,0,0,999448.56,0,19308586.63,314661.96,109223.48,19732472.07,18558081.51,0
049460,Plymouth-Shiloh Local,Richland,5133185.53,6828819.61,1130479.22,6263664.75,0,0,285719.29,0,6549384.04,76395.68,71459.48,6697239.2,6261407.83,0
049478,Ontario Local,Richland,4252800.17,8562887.59,2873535.27,7126335.44,0,0,546022.5,0,7672357.94,169677.01,29784.62,7871819.57,7314378.73,0
049494,Adena Local,Ross,7912066.99,7686887.51,-150127.16,7761939.83,150127.16,0,600925.19,176993.94,8689986.12,133904.3,65423.33,8889313.75,8541748.97,0
049502,Huntington Local,Ross,12706966.41,12155614.05,-367586.63,12339379.78,367586.63,0,912702.24,366525.84,13986194.49,129102.85,55387.88,14170685.22,12618236.75,0
049510,Paint Valley Local,Ross,6929705.41,7471613.2,361289.93,7290995.34,0,0,565454.79,0,7856450.13,66291.85,100186.15,8022928.13,6433220.7,0
049528,Southeastern Local,Ross,8943767.97,9190226.72,164314.06,9108082.03,0,0,721790.15,0,9829872.18,96590.65,36257.59,9962720.42,8868900.3,0
049536,Union-Scioto Local,Ross,11619385.16,15490543.81,2580901.48,14200286.64,0,0,700844.89,0,14901131.53,239961.53,44906.68,15185999.74,13111990.5,0
049544,Zane Trace Local,Ross,5326761.02,5810609.38,322581.69,5649342.71,0,0,873879.89,0,6523222.6,86364.28,56222.12,6665809,5067769.86,0
049569,Lakota Local,Sandusky,4993927.56,5448170.2,302843.56,5296771.12,0,0,709923.62,0,6006694.74,75550.09,31703.11,6113947.94,6022088.42,0
049577,Woodmore Local,Sandusky,4095653.14,3971654.7,-82669.76,4012983.38,82669.76,0,757730.95,0,4853384.09,105240.78,25516.93,4984141.8,4989261.66,0
049593,Bloom-Vernon Local,Scioto,7650213.25,9368181.71,1145369.57,8795582.82,0,0,1071459.06,0,9867041.88,77073.2,52800.52,9996915.6,8872467.35,0
049601,Clay Local,Scioto,4462164.93,7333164.01,1914095.08,6376260.01,0,0,406390.53,0,6782650.54,62869.16,11739.24,6857258.94,6157573.73,0
049619,Green Local,Scioto,3852647.14,4907658.51,703376.08,4556023.22,0,0,342079.11,0,4898102.33,47332.33,11193.28,4956627.94,4603784.48,0
049627,Minford Local,Scioto,10505583.33,11808217.93,868466.5,11374049.83,0,0,1042440.1,0,12416489.93,152054.34,34999.22,12603543.49,11109998.73,0
049635,Northwest Local,Scioto,13019901.57,11534490.56,-990323.52,12029578.05,990323.52,259770.36,2050492.05,0,15330163.98,197145.86,113383.97,15640693.81,14019057.94,0
049643,Valley Local,Scioto,9455388.37,9586622.31,87493.67,9542882.04,0,0,882300.97,490075.76,10915258.77,68661.55,41857.62,11025777.94,9947187.63,0
049650,Washington-Nile Local,Scioto,13835885.49,13044750.25,-527449.85,13308435.64,527449.85,0,1220229.49,408876.33,15464991.31,145544.93,54366.27,15664902.51,13848966.85,0
049668,Wheelersburg Local,Scioto,8199185.63,11384634.95,2123739.07,10322924.7,0,0,503195.27,0,10826119.97,266868.76,52337.74,11145326.47,9496402.89,0
049684,Seneca East Local,Seneca,4590955.9,5644765.59,702574.93,5293530.83,0,0,630151.92,0,5923682.75,37661.12,0,5961343.87,5504038.78,0
049700,Hopewell-Loudon Local,Seneca,3662544.9,2790028.7,-581706.53,3080838.37,581706.53,0,315148.93,0,3977693.83,53645.39,0,4031339.22,4046299.86,0
049718,New Riegel Local,Seneca,2863556.27,3618076.73,503038.79,3366595.06,0,0,250353.28,0,3616948.34,15937.83,0,3632886.17,3370710.16,0
049726,Old Fort Local,Seneca,3498011.77,6118898.68,1747345.31,5245357.08,0,0,487659.71,0,5733016.79,28030.26,15366.56,5776413.61,5720272.05,0
049759,Anna Local,Shelby,6055037.74,6823557.33,512372,6567409.74,0,0,365341.34,0,6932751.08,131747.3,46093.06,7110591.44,6907075.41,0
049767,Botkins Local,Shelby,3873446.54,6944230.4,2047291.6,5920738.14,0,0,350788.9,0,6271527.04,45738.04,4374.73,6321639.81,6237365.24,0
049775,Fairlawn Local,Shelby,3644130.97,5288139.64,1096060.59,4740191.56,0,0,429466.53,0,5169658.09,78449.26,19215.86,5267323.21,5157268.47,0
049783,Fort Loramie Local,Shelby,4170531.99,4807462.41,424641.5,4595173.49,0,0,396846.63,0,4992020.12,117012.65,29931.71,5138964.48,4998492.16,0
049791,Hardin-Houston Local,Shelby,4973741.74,5802904.64,552802.92,5526544.66,0,0,576171.01,0,6102715.67,114683.14,39025,6256423.81,6096086.58,0
049809,Jackson Center Local,Shelby,3096014.12,4792314.51,1130923.47,4226937.59,0,0,224458.76,0,4451396.35,93322.13,11162.51,4555880.99,4568541.98,0
049817,Russia Local,Shelby,2632058.28,3660496.97,685660.08,3317718.36,0,0,143695.43,0,3461413.79,58570.28,9742.87,3529726.94,3454988.57,0
049833,Canton Local,Stark,8179158.8,9748901.58,1046547.52,9225706.32,0,0,694251.23,0,9919957.55,167775.61,60492.77,10148225.93,11090246.42,0
049841,Fairless Local,Stark,7554963.07,3455680.82,-2732991.48,4821971.59,2732991.48,0,594395.89,262189.58,8411548.54,111491.31,78317.4,8601357.25,8399420.47,0
049858,Jackson Local,Stark,5470126.69,5593475.2,82236.47,5552363.16,0,0,1567800.31,0,7120163.47,413837.2,322610.64,7856611.31,6969111.34,0
049866,Lake Local,Stark,15009705.04,16280618.09,847317.73,15857022.77,0,0,979927.63,0,16836950.4,259035.78,233140.48,17329126.66,16424934.31,0
049874,Louisville City,Stark,13383716.49,17640586.1,2838054.97,16221771.46,0,0,799119.92,0,17020891.38,299352.1,133391.94,17453635.42,17209548.4,0
049882,Marlington Local,Stark,9101753.68,7070935.16,-1353946.69,7747806.99,1353946.69,0,911787.78,387287.71,10400829.17,201105.7,167221.72,10769156.59,9901391.05,0
049890,Minerva Local,Stark,10617336.86,12452229.89,1223323.18,11840660.04,0,0,962677.87,0,12803337.91,170222.65,77369.93,13050930.49,12700250.6,0
049908,Northwest Local,Stark,8279286.29,5112542.78,-2111267.9,6168018.39,2111267.9,0,589137.03,0,8868423.32,119821.98,112956.85,9101202.15,8832923.67,0
049916,Osnaburg Local,Stark,5551084.66,8457631.78,1937794.96,7488879.62,0,0,458304.86,0,7947184.48,119411.71,99119,8165715.19,7738859.4,0
049924,Perry Local,Stark,18993782.44,21563765.04,1713407.4,20707189.84,0,0,1520756.27,0,22227946.11,517309.56,174031.04,22919286.71,22325447.7,0
049932,Plain Local,Stark,19414083.67,24848104.52,3622861.71,23036945.38,0,0,1702963.04,0,24739908.42,628760.99,205521.83,25574191.24,25431233.49,0
049940,Sandy Valley Local,Stark,9363127.07,10057350.52,462838.78,9825965.85,0,0,942192.94,0,10768158.79,136630.34,163547.51,11068336.64,10113985.25,0
049957,Tuslaw Local,Stark,5357952.41,4439079.35,-612612.68,4745339.73,612612.68,0,466990.19,0,5824942.6,97281.91,33414.05,5955638.56,5861527.45,0
049973,Woodridge Local,Summit,1584251.7,2181892.71,398447.25,1982698.95,0,0,654185.54,0,2636884.49,85443.68,163430.44,2885758.61,3043890.57,0
049981,Copley-Fairlawn City,Summit,983525.34,2606342.85,1081932.43,2065457.77,0,0,754972.27,0,2820430.04,137173.16,149530.24,3107133.44,3145918.14,0
049999,Coventry Local,Summit,5980745.57,4138098.58,-1228492.76,4752252.81,1228492.76,0,412352.68,0,6393098.25,49687.54,130604.2,6573389.99,6429802.92,0
050005,Manchester Local,Summit,4993015.36,4062772.13,-620193.17,4372822.19,620193.17,0,354167.95,0,5347183.31,79029.72,109462.12,5535675.15,5408600.17,0
050013,Green Local,Summit,10492647.67,7427072.56,-2043818.93,8448828.74,2043818.93,0,1290689.18,0,11783336.85,227120.63,143754.88,12154212.36,12034405.09,0
050021,Hudson City,Summit,9428296.36,4114779.26,-3542521.84,5885774.52,3542521.84,0,1483795.26,0,10912091.62,184389.81,329843.34,11426324.77,11221559.51,0
050039,Mogadore Local,Summit,4947197.84,6912770.64,1310447.38,6257645.22,0,0,88132.92,0,6345778.14,54866.99,62013.46,6462658.59,6320822.56,446514.94
050047,Nordonia Hills City,Summit,3323457.27,3034188.71,-192855.36,3130601.91,192855.36,0,1277868.6,0,4601325.87,122807.67,314303.65,5038437.19,4009255.86,0
050054,Revere Local,Summit,1118606.71,2530297.52,941174.26,2059780.97,0,0,1042418.26,0,3102199.23,126264.33,186401.96,3414865.52,3378089.23,0
050062,Springfield Local,Summit,7630771.08,4973858.81,-1771363.41,5859407.67,1771363.41,0,502499.77,267519.41,8400790.26,155303.34,217113.5,8773207.1,8687296.98,0
050070,Twinsburg City,Summit,4502560.4,4569441.01,44589.3,4547149.7,0,0,1470328.22,0,6017477.92,316909.67,113357.55,6447745.14,6371553.44,0
050096,Bloomfield-Mespo Local,Trumbull,1422521.23,1811964.93,259642.11,1682163.34,0,0,264839.59,0,1947002.93,1799.09,0,1948802.02,1698740.45,0
050112,Bristol Local,Trumbull,3186394.57,2536519.61,-433271.62,2753122.95,433271.62,0,312434,234001.99,3732830.56,34637.75,0,3767468.31,3001979.06,0
050120,Brookfield Local,Trumbull,5265273.04,9312098.84,2698018.76,7963291.8,0,0,467371.89,0,8430663.69,105309.31,142149.1,8678122.1,7576037.53,0
050138,Champion Local,Trumbull,6591657.75,7356707.63,510058.76,7101716.51,0,0,459587.33,0,7561303.84,91918.2,0,7653222.04,6898952.99,0
050153,Mathews Local,Trumbull,1752718.81,2393847.02,427440.19,2180159,0,0,379615.8,0,2559774.8,33292.02,0,2593066.82,1905536.45,0
050161,Howland Local,Trumbull,5366365.8,4412471.4,-635961.4,4730404.4,635961.4,0,843161.9,0,6209527.7,163648.21,51492.81,6424668.72,4866854.33,0
050179,Joseph Badger Local,Trumbull,3807577.53,4423429.58,410588.56,4218166.09,0,0,736318.41,0,4954484.5,36387.03,27575.26,5018446.79,3955661.19,0
050187,Lakeview Local,Trumbull,5552138.74,5259595.21,-195038.78,5357099.96,195038.78,0,411405.82,0,5963544.56,123520.21,71965.88,6159030.65,5044804.84,0
050195,Liberty Local,Trumbull,3660440.9,5453032.57,1195120.87,4855561.77,0,0,379832.82,0,5235394.59,120566.05,20880.83,5376841.47,3550388.33,0
050203,Lordstown Local,Trumbull,1084076.89,1950808.65,577850.07,1661926.96,0,0,129205.5,0,1791132.46,27078.91,0,1818211.37,1034324.99,0
050211,Maplewood Local,Trumbull,4344648.33,6301351.96,1304534.31,5649182.64,0,0,555751.33,0,6204933.97,31760.69,0,6236694.66,5364630.61,0
050229,McDonald Local,Trumbull,6418281.28,8592187.62,1449343.36,7867624.64,0,0,90380.2,0,7958004.84,23405.54,0,7981410.38,7209581.76,0
050237,Southington Local,Trumbull,3543263.39,3718706.69,116968.04,3660231.43,0,0,274853.77,0,3935085.2,23326.85,0,3958412.05,3257641.91,0
050245,LaBrae Local,Trumbull,7838892.79,9886073.27,1364855.22,9203748.01,0,0,589234.06,0,9792982.07,140124.02,0,9933106.09,8342278.7,0
050252,Weathersfield Local,Trumbull,5790765,8478707.61,1792051.35,7582816.35,0,0,299007.07,0,7881823.42,107716.16,71896.06,8061435.64,7486396.14,0
050278,Garaway Local,Tuscarawas,4076174.71,1705482.96,-1580540.18,2495634.53,1580540.18,0,852614.91,0,4928789.62,80768.79,26944.97,5036503.38,4546997.31,0
050286,Indian Valley Local,Tuscarawas,11620586.2,12883215.82,841795.17,12462381.37,0,0,1304996.62,0,13767377.99,164213.34,80644.2,14012235.53,13403233.37,0
050294,Strasburg-Franklin Local,Tuscarawas,2596457.42,2796547.51,133400.06,2729857.48,0,0,185521.8,33210.16,2948589.44,33539.47,11498.12,2993627.03,2918955.88,0
050302,Tuscarawas Valley Local,Tuscarawas,5103036.11,2584223.82,-1679292.15,3423743.96,1679292.15,0,600729.81,0,5703765.92,81949.68,47673.99,5833389.59,5000046.29,0
050328,Fairbanks Local,Union,2385996.16,1087201.65,-865906.3,1520089.86,865906.3,0,801656.65,0,3187652.81,66204.16,39139.99,3292996.96,3253842.56,0
050336,North Union Local School District,Union,7931814.36,6910640.59,-680816.56,7250997.8,680816.56,0,737355.24,379949.36,9049118.96,159695.76,37403.44,9246218.16,8770403.6,0
050351,Crestview Local,Van Wert,4403952.54,6442302.97,1358968.24,5762920.78,0,0,501447.66,0,6264368.44,74369.34,41349.58,6380087.36,6120602.92,0
050369,Lincolnview Local,Van Wert,4449858.73,5766375.55,877721.76,5327580.49,0,0,476831.91,0,5804412.4,78771.72,41497.91,5924682.03,4629427.78,0
050393,Vinton County Local,Vinton,14689207.14,9659694.93,-3353175.8,11336031.34,3353175.8,0,1906250.36,810821.85,17406279.35,134220.34,129517.08,17670016.77,17305826.34,0
050419,Carlisle Local,Warren,8169753.23,9660612.03,993955.57,9163708.8,0,0,611556.75,0,9775265.55,181796.67,264380.89,10221443.11,10132353.88,0
050427,Springboro Community City,Warren,12979783.5,5367401.83,-5075174.87,7904608.63,5075174.87,0,2325981.49,0,15305764.99,279092.73,325719.15,15910576.87,15800700.94,0
050435,Kings Local,Warren,7930429.93,8989820.73,706295.85,8636725.78,0,0,1631252.23,0,10267978.01,343836.4,890959.17,11502773.58,11371710.06,0
050443,Little Miami Local,Warren,9487421.66,7037406.94,-1633424.8,7853996.86,1633424.8,0,3603337.07,0,13090758.73,224798.53,485016.21,13800573.47,13684488.76,0
050450,Mason City,Warren,31359922.81,9459907.99,-14600739.87,16759182.94,14600739.87,0,3776948.16,0,35136870.97,486253.78,571256.86,36194381.61,35982186.52,0
050468,Wayne Local,Warren,4088138.45,2651538.3,-957781.33,3130357.12,957781.33,0,564826.99,0,4652965.44,119235.39,45015.61,4817216.44,4786194.89,0
050484,Fort Frye Local,Washington,3919846.22,5434038.19,1009511.79,4929358.01,0,0,1002266.66,0,5931624.67,119505.13,65714.48,6116844.28,5334862.49,0
050492,Frontier Local,Washington,4814801.24,6356129.2,1027603.35,5842404.59,0,0,646482.14,0,6488886.73,91401.85,0,6580288.58,6206162.24,0
050500,Warren Local,Washington,10428575.73,12355881.83,1284934.98,11713510.71,0,0,1906833.22,0,13620343.93,177364.17,115500.45,13913208.55,13387520.15,0
050518,Wolf Creek Local,Washington,2098806.68,3277957.98,786140.17,2884946.85,0,0,299919.68,0,3184866.53,69783.43,37377.62,3292027.58,2771333.36,0
050534,Chippewa Local,Wayne,4812593.1,3306540.69,-1004085.14,3808507.96,1004085.14,0,304111.05,40487.19,5157191.34,39811.49,66670.3,5263673.13,5201229.83,0
050542,Dalton Local,Wayne,3173686.3,3810940.22,424857.19,3598543.49,0,0,347749.15,0,3946292.64,44914.23,32811.41,4024018.28,3988931.41,0
050559,Green Local,Wayne,5119801.33,6036482.76,611151.51,5730952.84,0,0,548433.09,0,6279385.93,55637.33,25932.09,6360955.35,6328431.11,0
050567,Norwayne Local,Wayne,6068485.9,8152462.93,1389387.48,7457873.38,0,0,871648.19,0,8329521.57,34427.24,44985.01,8408933.82,8342566.1,0
050575,Northwestern Local,Wayne,7498908.12,8185334.33,457640.35,7956548.47,0,0,908414.19,0,8864962.66,74482.44,22286.4,8961731.5,8902437.22,0
050583,Waynedale Local,Wayne,4762372.85,1035443.1,-2484744.07,2277628.78,2484744.07,0,955746.32,236305.62,5954424.79,83029.69,102044.07,6139498.55,6111168.36,0
050591,Triway Local,Wayne,6021881.48,3099720.75,-1948204.55,4073676.93,1948204.55,0,821653.12,524402.52,7367937.12,92252.33,38786.95,7498976.4,7459032.78,0
050617,Edgerton Local,Williams,3666068.96,5410555.98,1163049.5,4829118.46,0,0,180954.24,0,5010072.7,70831.3,24361.65,5105265.65,4403795.73,0
050625,Edon Northwest Local,Williams,3465847.73,5124480.88,1105810.73,4571658.46,0,0,455001.58,0,5026660.04,59842.06,0,5086502.1,4507086.82,0
050633,Millcreek-West Unity Local,Williams,3902591.06,5931846.87,1352904.85,5255495.91,0,0,231520.47,0,5487016.38,66340.88,56795.74,5610153,5213809.83,0
050641,North Central Local,Williams,3269042.67,4257852.75,659239.68,3928282.35,0,0,370707.12,0,4298989.47,42232.35,35040.09,4376261.91,3824512.09,0
050658,Stryker Local,Williams,2817648.27,3079192.74,174371.7,2992019.97,0,0,162047.6,1750.49,3155818.06,53089.78,64885.95,3273793.79,2849639.36,0
050674,Eastwood Local,Wood,5855741.57,3516473.01,-1559590.36,4296151.21,1559590.36,0,968314.84,0,6824056.41,89618.94,61773.65,6975449,5665480.51,0
050682,Elmwood Local,Wood,6403845.11,4962553.7,-960908.99,5442936.12,960908.99,0,981878.95,0,7385724.06,144198.4,47774.96,7577697.42,7164994.99,0
050690,Lake Local,Wood,5528855.25,6725311.81,797677.59,6326532.84,0,0,452368.1,0,6778900.94,128982.18,49285.26,6957168.38,5697386.26,0
050708,North Baltimore Local,Wood,3809337.64,6246210.2,1624662.93,5434000.57,0,0,224399.26,0,5658399.83,123452.99,75590.33,5857443.15,4475879.76,0
050716,Northwood Local Schools,Wood,4470993.61,7345759.85,1916606.65,6387600.26,0,0,309484.43,0,6697084.69,85458.48,12617.55,6795160.72,4897601.66,0
050724,Otsego Local,Wood,4964792.08,5329371.12,243064.84,5207856.92,0,0,1056663.51,0,6264520.43,153744.43,32167.47,6450432.33,5919540.18,0
050740,Mohawk Local,Wyandot,4391883.03,2785532.41,-1070953.96,3320929.07,1070953.96,0,515340.86,0,4907223.89,85240.87,9665.85,5002130.61,4788892.96,0
061903,Adams County Ohio Valley Local,Adams,26996271.26,30180123.47,2122674.27,29118945.53,0,0,3035621.32,0,32154566.85,343244.42,320373.65,32818184.92,33119733.92,0
064964,College Corner Local,Preble,625737.3,2626036.15,1333599.23,1959336.53,0,0,0,0,1959336.53,0,0,1959336.53,1950233.74,0
065680,Gallia County Local,Gallia,9660903.38,10795799.23,756635.07,10417538.45,0,0,3014872.62,0,13432411.07,96173.71,17198.43,13545783.21,13400958.69,0
069682,East Guernsey Local,Guernsey,6143131.23,2807305.94,-2223994.74,3919136.49,2121195.75,0,977088.67,75441.44,7092862.35,48197.54,0,7141059.89,6231083.07,102798.99
091397,Tri-County North Local,Preble,3907238.59,4943923.94,691158.12,4598396.71,0,0,419441.02,0,5017837.73,58835.11,2805.06,5079477.9,3911643.48,0
139303,Monroe Local,Butler,6168404.54,15690095.66,6348111.46,12516516,0,0,1131195.58,0,13647711.58,185943.59,62795.44,13896450.61,13749012.87,0
