irn,house_district,population,population_under_18,share
000442,090,4586,1071,1.0
043489,031,100,24,0.00060997
043489,032,44183,9296,0.2362629
043489,033,103451,22504,0.57195141
043489,034,33397,7522,0.19117572
043497,048,20083,4165,0.95681139
043497,050,143,15,0.0034459
043497,059,798,173,0.03974271
043505,067,25300,5270,0.99886277
043505,076,15,6,0.00113723
043513,065,14,1,0.00017232
043513,099,26822,5802,0.99982768
043521,094,7112,1434,0.360211
043521,095,27321,2547,0.639789
043539,031,24726,5123,0.99844085
043539,032,63,8,0.00155915
043547,016,16163,3936,1.0
043554,021,14034,2892,1.0
043562,019,5605,663,0.13017868
043562,022,24151,4430,0.86982132
043570,095,563,105,0.05935557
043570,096,8713,1664,0.94064443
043588,085,16152,3899,1.0
043596,054,119,21,0.00695825
043596,088,8085,1794,0.5944334
043596,089,4993,1203,0.39860835
043604,094,8969,1738,1.0
043612,015,34602,6002,0.65876413
043612,017,18855,3109,0.34123587
043620,001,13928,3669,1.0
043638,075,36052,5284,0.99848828
043638,081,14,8,0.00151172
043646,017,13856,2934,0.50560055
043646,019,13635,2869,0.49439945
043653,015,11359,2029,1.0
043661,066,1554,249,0.02387573
043661,067,46447,10180,0.97612427
043679,081,13377,2929,1.0
043687,087,10285,2164,1.0
043695,095,272,42,0.01323251
043695,097,14799,3132,0.98676749
043703,059,7825,1748,1.0
043711,049,57957,14432,0.97441091
043711,050,2639,379,0.02558909
043729,084,18881,4169,1.0
043737,036,27,10,0.00079853
043737,037,61355,12513,0.99920147
043745,092,23234,4917,1.0
043752,024,117767,27531,0.38586385
043752,025,106812,21375,0.29958374
043752,026,91098,16766,0.23498577
043752,027,11208,2137,0.02995137
043752,028,639,109,0.0015277
043752,030,15794,3431,0.04808757
043760,012,15224,3351,1.0
043778,051,11834,2909,1.0
043786,013,74286,16287,0.20257967
043786,014,23121,5518,0.06863355
043786,015,32361,7289,0.09066146
043786,016,35693,7154,0.08898231
043786,018,17123,3598,0.04475236
043786,019,9408,1589,0.01976417
043786,020,125125,26263,0.32666235
043786,021,11546,2124,0.02641857
043786,022,45894,10576,0.13154556
043794,018,42220,8584,0.70424153
043794,020,9,1,8.204e-05
043794,021,15483,3604,0.29567643
043802,001,99830,20577,0.18304334
043802,002,81231,19311,0.1717816
043802,003,111333,25164,0.22384714
043802,004,15432,1727,0.01536258
043802,005,20554,4656,0.04141759
043802,006,30330,7497,0.0666898
043802,007,68948,4337,0.03857992
043802,008,28515,3806,0.03385639
043802,009,68055,16757,0.14906241
043802,010,35279,7204,0.0640834
043802,011,12013,1380,0.01227583
043810,065,1632,361,0.13975997
043810,099,12318,2222,0.86024003
043828,098,11255,2649,1.0
043836,031,38286,6974,0.94192328
043836,034,2516,430,0.05807672
043844,036,28798,6300,0.1958042
043844,037,3139,585,0.01818182
043844,038,101582,22481,0.69871018
043844,039,14425,2809,0.08730381
043851,027,352,70,0.03378378
043851,028,11381,2002,0.96621622
043869,082,16711,3853,1.0
043877,061,38475,8926,1.0
043885,078,5696,1251,0.55773518
043885,082,4207,992,0.44226482
043893,051,17426,3782,1.0
043901,018,16884,3436,1.0
043919,079,15084,3308,1.0
043927,079,8030,1715,1.0
043935,040,14085,3132,1.0
043943,052,50511,10687,0.99869171
043943,053,7,0,0.0
043943,054,98,14,0.00130829
043950,021,49692,10846,0.99972348
043950,023,18,3,0.00027652
043968,036,2221,521,0.06469639
043968,070,39365,7514,0.93306842
043968,071,49,18,0.00223519
043976,016,16896,3243,1.0
043984,083,40497,8303,1.0
043992,075,2092,393,0.11717352
043992,083,2439,532,0.15861658
043992,088,9429,2429,0.7242099
044008,055,20575,4543,0.99977993
044008,056,8,1,0.00022007
044016,088,28689,6325,1.0
044024,076,324,90,0.03182461
044024,087,12971,2738,0.96817539
044032,093,13992,3026,1.0
044040,022,27577,6606,1.0
044057,065,9698,1878,0.60038363
044057,099,6198,1250,0.39961637
044065,064,1081,207,0.09530387
044065,065,9598,1965,0.90469613
044073,007,8719,1585,1.0
044081,027,1879,329,0.0498636
044081,028,19377,4920,0.74568051
044081,029,6751,1349,0.2044559
044099,080,1785,342,0.07454228
044099,084,20049,4246,0.92545772
044107,045,49,10,0.00066939
044107,046,27,10,0.00066939
044107,047,63169,14919,0.99866122
044115,069,10346,2275,1.0
044123,091,16397,3648,1.0
044131,089,10548,1946,1.0
044149,093,10358,2164,1.0
044156,093,15764,3607,1.0
044164,035,179,53,0.01208666
044164,072,33546,4332,0.98791334
044172,083,11417,2754,0.99710355
044172,087,41,8,0.00289645
044180,036,56854,11794,0.97908019
044180,037,1292,252,0.02091981
044198,013,50852,7798,1.0
044206,069,3976,445,0.04273094
044206,073,45138,9969,0.95726906
044214,055,3089,683,0.07535305
044214,056,37828,8381,0.92464695
044222,078,28122,7208,1.0
044230,025,823,185,0.18705763
044230,027,3514,804,0.81294237
044248,092,23702,5240,1.0
044255,012,14421,3253,1.0
044263,053,54264,13543,1.0
044271,028,14647,3862,0.52918608
044271,055,412,80,0.01096191
044271,062,12712,3356,0.45985201
044289,027,9389,2602,1.0
044297,076,33456,7497,1.0
044305,022,23701,5736,1.0
044313,026,6389,1620,0.68153134
044313,027,2355,757,0.31846866
044321,094,22959,4193,1.0
044339,086,29051,7241,1.0
044347,096,9435,2023,1.0
044354,050,27806,6014,0.97471637
044354,051,792,156,0.02528363
044362,041,17422,3618,1.0
044370,019,29077,5478,0.84263959
044370,023,5620,1023,0.15736041
044388,066,46595,10414,1.0
044396,037,19708,4027,0.47138008
044396,040,20194,4516,0.52861992
044404,046,48531,11334,0.9580727
044404,055,2252,459,0.03879966
044404,056,213,37,0.00312764
044412,027,5857,1546,0.24539683
044412,029,19048,4754,0.75460317
044420,061,6275,1341,0.21459434
044420,098,25146,4908,0.78540566
044438,081,14361,3139,1.0
044446,092,1178,250,0.16254876
044446,094,6889,1288,0.83745124
044453,068,50018,11000,0.99927326
044453,069,67,8,0.00072674
044461,090,2297,513,1.0
044479,069,4006,974,0.37854644
044479,092,6685,1599,0.62145356
044487,051,22558,4742,1.0
044495,064,18165,3420,0.99854015
044495,065,18,5,0.00145985
044503,048,29853,6096,0.98944976
044503,049,253,65,0.01055024
044511,027,54,19,0.00697248
044511,029,10852,2706,0.99302752
044529,015,32198,6008,1.0
044537,052,35280,7579,0.99920897
044537,054,8,6,0.00079103
044545,014,28,3,0.00042955
044545,017,37402,6981,0.99957045
044552,031,11722,2440,0.84022039
044552,032,2307,464,0.15977961
044560,054,18856,4397,1.0
044578,026,19043,3531,1.0
044586,036,9547,2753,1.0
044594,052,21,1,0.00066357
044594,054,10917,1506,0.99933643
044602,042,22934,4569,1.0
044610,077,11040,2585,1.0
044628,057,16774,4410,1.0
044636,014,101981,18506,0.91718293
044636,019,11720,1671,0.08281707
044644,080,23760,5499,1.0
044651,089,13203,2226,1.0
044669,090,19720,4193,1.0
044677,027,7079,1706,0.17918286
044677,028,29060,5946,0.62451423
044677,029,2812,496,0.05209537
044677,045,3637,1112,0.11679445
044677,056,1113,261,0.02741309
044685,035,12,5,0.00126871
044685,072,20280,3936,0.99873129
044693,027,10751,2250,1.0
044701,016,22150,4453,1.0
044719,025,6157,1361,1.0
044727,078,767,170,0.05386565
044727,084,12642,2986,0.94613435
044735,079,16593,3337,1.0
044743,089,25060,5618,1.0
044750,018,29439,7053,0.91680749
044750,022,3749,640,0.08319251
044768,053,13474,2481,1.0
044776,076,13114,3042,1.0
044784,085,24714,5903,1.0
044792,021,34364,6369,0.98211257
044792,023,695,116,0.01788743
044800,001,29,3,8.214e-05
044800,006,50955,13195,0.36125941
044800,007,264,113,0.00309377
044800,010,85683,21100,0.57768652
044800,012,10346,2114,0.05787817
044818,074,54963,13206,1.0
044826,096,15494,3224,1.0
044834,031,139,23,0.00291841
044834,034,39532,7813,0.99137165
044834,072,234,45,0.00570994
044842,017,46491,9251,0.9868786
044842,054,507,123,0.0131214
044859,058,1239,174,0.07675342
044859,059,9927,2093,0.92324658
044867,027,20,9,0.00101845
044867,028,36396,8828,0.99898155
044875,041,196,21,0.00169069
044875,043,4448,863,0.06947911
044875,044,50198,11537,0.92883021
044883,034,18145,3621,0.97548491
044883,072,290,91,0.02451509
044891,088,22399,4418,1.0
044909,041,65029,13306,0.26967977
044909,042,91294,23511,0.47650993
044909,043,57800,12242,0.24811512
044909,044,1181,281,0.00569518
044917,096,5654,1132,1.0
044925,080,31289,7276,1.0
044933,006,450,47,0.00489278
044933,007,36295,9513,0.99031855
044933,008,141,46,0.00478867
044941,085,14625,3160,1.0
044958,038,507,112,0.02254882
044958,039,24003,4855,0.97745118
044966,082,14098,3220,1.0
044974,066,28694,6547,1.0
044982,078,6999,1497,0.33489933
044982,084,12278,2973,0.66510067
044990,064,34821,8255,1.0
045005,018,15427,3476,0.99942496
045005,021,6,2,0.00057504
045013,091,13879,3243,1.0
045021,093,8980,2167,1.0
045039,079,4393,953,1.0
045047,003,1020,411,0.01701229
045047,004,31003,6716,0.27799164
045047,009,44055,11443,0.47365371
045047,060,8125,1679,0.06949791
045047,061,15945,3910,0.16184445
045054,037,28208,5555,1.0
045062,016,34228,6180,1.0
045070,002,20127,5416,1.0
045088,023,12652,2385,1.0
045096,054,10674,2525,1.0
045104,023,66538,11600,0.99870857
045104,057,101,15,0.00129143
045112,071,20953,4504,1.0
045120,077,29921,5636,1.0
045138,008,61795,14961,0.9216411
045138,009,4925,1253,0.07718844
045138,011,119,19,0.00117046
045146,027,8675,2588,1.0
045153,055,21,6,0.00079491
045153,070,2881,513,0.06796502
045153,071,33647,7029,0.93124006
045161,058,60977,13333,0.98872822
045161,059,1094,152,0.01127178
045179,097,26018,6072,1.0
045187,083,7269,1266,1.0
045195,052,4498,826,0.15638016
045195,053,20882,4456,0.84361984
045203,095,6338,1392,0.76863611
045203,096,1501,419,0.23136389
045211,078,6281,1398,0.98659139
045211,083,157,19,0.01340861
045229,080,1706,425,0.54557125
045229,084,1434,353,0.45314506
045229,085,13,1,0.0012837
045237,095,20,6,0.00552995
045237,096,6010,1079,0.99447005
045245,079,11,0,0.0
045245,095,12335,2604,0.98449905
045245,096,106,41,0.01550095
045252,094,326,72,0.05844156
045252,095,7922,1160,0.94155844
045260,087,4924,1175,0.96548891
045260,088,216,42,0.03451109
045278,079,15803,3385,1.0
045286,019,5957,1284,0.53589316
045286,035,5283,1076,0.4490818
045286,099,213,36,0.01502504
045294,093,7129,1537,1.0
045302,088,12431,2784,1.0
045310,084,6927,1937,1.0
045328,059,1717,236,0.16354816
045328,079,6331,1207,0.83645184
045336,080,4958,1186,1.0
045344,076,395,88,0.07068273
045344,087,4933,1157,0.92931727
045351,069,3691,923,0.73312153
045351,092,1506,336,0.26687847
045369,057,3122,557,1.0
045377,063,6224,1426,0.93939394
045377,090,462,92,0.06060606
045385,075,69,17,0.01523297
045385,088,5096,1099,0.98476703
045393,068,14422,3436,0.99191686
045393,069,102,28,0.00808314
045401,091,12347,3136,1.0
045419,081,409,122,0.0901034
045419,082,4872,1232,0.9098966
045427,058,53,2,0.00086806
045427,065,12969,2302,0.99913194
045435,027,6504,1615,0.48122765
045435,028,7179,1741,0.51877235
045443,059,369,104,0.10721649
045443,079,4048,866,0.89278351
045450,079,5363,1049,1.0
045468,067,6563,1418,0.81729107
045468,076,231,40,0.02305476
045468,098,1113,277,0.15965418
045476,086,34636,8245,1.0
045484,012,75,15,0.01296456
045484,085,4726,1142,0.98703544
045492,023,28332,5004,0.44583036
045492,057,32362,6207,0.5530114
045492,099,76,13,0.00115823
045500,027,27,5,0.00046637
045500,062,44631,10716,0.99953363
045518,080,9499,2018,1.0
045526,081,5569,1259,1.0
045534,087,7902,1679,1.0
045542,051,5339,1164,0.86542751
045542,095,25,2,0.00148699
045542,097,548,121,0.08996283
045542,098,289,58,0.04312268
045559,063,13517,3054,1.0
045567,064,8504,1570,1.0
045575,082,9764,2327,1.0
045583,044,2304,453,0.05531136
045583,075,30474,7737,0.94468864
045591,066,99,13,0.00855826
045591,077,6796,1506,0.99144174
045609,044,10500,1944,0.76175549
045609,075,3071,608,0.23824451
045617,080,15296,3520,1.0
045625,087,11376,2456,1.0
045633,084,6533,1762,0.99886621
045633,085,20,2,0.00113379
045641,081,10457,2542,1.0
045658,054,8568,1663,1.0
045666,072,3457,730,1.0
045674,071,4344,716,1.0
045757,078,5908,1432,1.0
045765,078,12101,2371,1.0
045773,078,18876,4332,1.0
045781,078,3660,824,1.0
045799,078,17056,3821,1.0
045807,078,4652,1167,0.90675991
045807,082,512,120,0.09324009
045823,067,6350,1407,0.93117141
045823,077,373,104,0.06882859
045831,054,57,5,0.00300842
045831,067,6717,1657,0.99699158
045856,065,3616,687,0.32268671
045856,099,7014,1442,0.67731329
045864,065,10060,2983,1.0
045872,065,11163,2492,0.98187549
045872,099,339,46,0.01812451
045880,065,8700,1998,1.0
045906,092,35,11,0.00497288
045906,094,10115,2156,0.97468354
045906,095,229,45,0.02034358
045914,094,5133,1054,0.64941466
045914,095,2709,569,0.35058534
045922,094,4134,947,0.96731359
045922,095,73,32,0.03268641
045948,084,3994,1140,0.90118577
045948,085,617,125,0.09881423
045955,084,4015,994,0.8875
045955,085,563,126,0.1125
045963,084,1936,488,1.0
045971,078,2634,579,0.98469388
045971,083,52,7,0.01190476
045971,084,12,2,0.00340136
045997,095,15541,2358,0.95465587
045997,096,570,112,0.04534413
046003,096,5051,892,1.0
046011,095,8637,1925,0.97320526
046011,096,191,53,0.02679474
046037,090,8604,2050,1.0
046037,091,31,0,0.0
046045,063,4591,1036,0.99233716
046045,071,21,8,0.00766284
046060,063,17273,4088,1.0
046078,063,1126,212,0.17277914
046078,090,5252,1015,0.82722086
046094,040,17703,4722,0.91618161
046094,046,2024,417,0.08090803
046094,047,79,15,0.00291036
046102,045,44846,9870,0.64224362
046102,047,23433,5498,0.35775638
046110,045,60325,14609,0.5361888
046110,046,43892,12637,0.4638112
046128,040,254,103,0.05301081
046128,046,8009,1840,0.94698919
046136,046,3838,848,0.9837587
046136,047,48,14,0.0162413
046144,045,13175,3238,0.8178833
046144,047,3060,721,0.1821167
046151,040,3821,860,0.18040696
046151,047,33496,3907,0.81959304
046177,050,45,11,0.01160338
046177,079,4812,937,0.98839662
046193,085,11312,2595,1.0
046201,085,5304,1253,0.94210526
046201,086,328,77,0.05789474
046219,085,5974,1423,1.0
046235,071,12042,2488,1.0
046243,074,18399,4206,0.98894898
046243,080,205,47,0.01105102
046250,071,3249,666,0.14842879
046250,074,19727,3773,0.84087363
046250,085,191,48,0.01069757
046268,074,10853,2342,0.99744463
046268,085,42,6,0.00255537
046276,071,4293,1000,1.0
046284,071,11,3,0.0011646
046284,074,12180,2573,0.9988354
046300,062,1246,248,0.06533193
046300,063,13466,3548,0.93466807
046318,063,9289,2130,1.0
046326,062,6170,1211,0.4636294
046326,063,6495,1401,0.5363706
046334,063,4956,1138,1.0
046342,055,685,144,0.03552924
046342,062,15662,3873,0.95558845
046342,063,102,36,0.00888231
046359,062,43956,8626,0.55973006
046359,063,28506,6785,0.44026994
046367,063,6335,1316,1.0
046383,055,228,49,0.0244511
046383,063,1656,360,0.17964072
046383,071,6915,1595,0.79590818
046391,055,3131,700,0.30276817
046391,071,7023,1612,0.69723183
046409,071,6642,1531,0.85150167
046409,091,1178,267,0.14849833
046425,079,15158,2362,1.0
046433,079,5791,1310,1.0
046441,079,5234,1108,0.98928571
046441,096,50,12,0.01071429
046458,059,1770,395,0.2688904
046458,079,5346,1074,0.7311096
046474,051,181,62,0.02942572
046474,097,177,16,0.00759374
046474,098,8563,2029,0.96298054
046482,069,881,215,0.06215669
046482,098,13858,3244,0.93784331
046508,054,12,3,0.00277008
046508,076,17,10,0.00923361
046508,087,3388,696,0.64265928
046508,088,1618,374,0.34533703
046516,087,5475,1044,1.0
046524,087,6196,1381,1.0
046557,019,3989,769,1.0
046565,019,7584,1611,1.0
046573,015,14624,3263,0.63980392
046573,017,8398,1671,0.32764706
046573,054,681,166,0.03254902
046581,018,4040,861,0.25918122
046581,019,10560,2431,0.73178808
046581,022,18,10,0.00301023
046581,099,136,20,0.00602047
046599,023,10088,1604,1.0
046607,019,24835,6092,1.0
046623,084,3350,898,1.0
046631,080,6050,1467,1.0
046649,080,3352,832,0.98695136
046649,084,16,11,0.01304864
046672,084,3898,943,1.0
046680,080,4130,1024,0.99707887
046680,084,7,3,0.00292113
046706,082,4006,878,1.0
046714,081,3089,735,0.49494949
046714,082,2932,750,0.50505051
046722,081,2470,534,0.41299304
046722,082,3811,759,0.58700696
046748,060,26,11,0.00180981
046748,061,23019,6067,0.99819019
046755,060,8605,1886,0.48358974
046755,061,7517,1636,0.41948718
046755,086,24,4,0.00102564
046755,087,1569,374,0.09589744
046763,008,65,14,0.00045998
046763,060,88486,25447,0.83608227
046763,061,14452,4975,0.16345775
046789,054,2053,519,0.26225366
046789,089,7196,1460,0.73774634
046797,089,256,16,1.0
046805,088,1511,332,0.22281879
046805,089,6069,1158,0.77718121
046813,089,13878,2684,1.0
046821,053,23,13,0.00512013
046821,054,4823,853,0.33595904
046821,089,9626,1673,0.65892083
046847,069,8606,2168,0.99953896
046847,073,2,1,0.00046104
046854,069,4906,1108,0.96013865
046854,073,120,35,0.03032929
046854,092,77,11,0.00953206
046862,069,7805,2088,0.67770204
046862,073,4470,993,0.32229796
046870,069,6723,1695,0.63962264
046870,073,3819,955,0.36037736
046888,073,7627,1718,1.0
046896,005,738,261,0.01684414
046896,073,55071,15234,0.98315586
046904,073,4258,769,1.0
046920,012,810,195,0.05406155
046920,071,6,1,0.00027724
046920,091,14673,3411,0.94566121
046946,005,16891,4758,0.82446716
046946,069,2359,549,0.09513083
046946,073,2182,464,0.08040201
046953,005,13580,3571,0.89543631
046953,010,1298,417,0.10456369
046961,002,2890,830,0.068324
046961,003,3030,920,0.07573263
046961,004,43877,10375,0.85405005
046961,009,168,23,0.00189332
046979,002,8510,2526,0.20583442
046979,005,40676,9746,0.79416558
046995,004,19509,5805,0.82751247
046995,009,4383,1209,0.17234498
046995,068,6,1,0.00014255
047001,002,2465,638,0.05928817
047001,005,30898,7654,0.71127219
047001,068,9822,2469,0.22943964
047019,006,34377,9291,0.37202691
047019,007,1290,228,0.00912949
047019,011,58896,14288,0.572115
047019,012,3742,1167,0.0467286
047027,007,505,60,0.00253368
047027,008,22880,4981,0.2103374
047027,011,52969,13170,0.55614205
047027,060,8131,2177,0.09193024
047027,086,9675,3293,0.13905663
047043,081,7350,1766,1.0
047050,044,1977,405,0.22082879
047050,081,5790,1429,0.77917121
047068,081,2510,564,1.0
047076,081,2067,497,1.0
047084,081,8095,1978,1.0
047092,044,2774,570,0.30190678
047092,081,6327,1318,0.69809322
047167,099,13255,3006,1.0
047175,065,257,110,0.0214676
047175,099,15367,5014,0.9785324
047183,057,31,5,0.00113662
047183,099,21520,4394,0.99886338
047191,035,18156,3981,1.0
047225,099,15882,2970,1.0
047241,036,1759,437,0.0337556
047241,070,55816,12509,0.9662444
047258,071,6628,903,1.0
047266,071,8184,1901,0.99842437
047266,091,11,3,0.00157563
047274,055,17,0,0.0
047274,070,17284,4285,1.0
047308,095,2833,553,0.23632479
047308,097,8443,1787,0.76367521
047332,027,10679,2262,0.99472296
047332,029,90,12,0.00527704
047340,026,20,3,0.00024942
047340,027,46790,12025,0.99975058
047365,025,15,2,0.00012098
047365,028,5603,1279,0.07736511
047365,029,53043,11826,0.71533995
047365,030,16825,3412,0.20638761
047365,045,86,13,0.00078635
047373,030,65148,14766,1.0
047381,029,26687,6807,0.986093
047381,045,486,96,0.013907
047399,029,6,0,0.0
047399,030,16044,3769,1.0
047415,083,2968,583,1.0
047423,083,3512,943,1.0
047431,083,4026,1043,1.0
047449,083,7136,1801,1.0
047456,075,642,191,0.18436293
047456,082,5,5,0.00482625
047456,083,3112,840,0.81081081
047464,083,7202,1485,1.0
047472,083,1379,312,0.82105263
047472,087,112,28,0.07368421
047472,088,125,40,0.10526316
047498,083,2729,595,1.0
047506,083,3469,1037,1.0
047514,083,4173,1033,0.73891273
047514,087,1433,365,0.26108727
047522,078,7,1,0.00110742
047522,083,4009,902,0.99889258
047548,079,1740,308,0.51939292
047548,095,1375,285,0.48060708
047571,081,2398,590,1.0
047589,081,5551,1341,1.0
047597,075,49,12,0.00934579
047597,081,5157,1264,0.98442368
047597,082,21,8,0.00623053
047613,090,111,31,0.02622673
047613,091,4833,1151,0.97377327
047621,091,4958,1324,1.0
047639,063,8,3,0.0019544
047639,071,398,91,0.05928339
047639,091,6006,1441,0.93876221
047688,077,132,55,0.00692521
047688,098,22256,7887,0.99307479
047696,067,83,13,0.0026771
047696,077,334,104,0.0214168
047696,098,18230,4739,0.9759061
047712,054,3672,851,0.96049661
047712,089,246,35,0.03950339
047720,054,5947,1298,0.99846154
047720,067,6,2,0.00153846
047738,054,4764,1308,0.97032641
047738,076,112,40,0.02967359
047746,054,3856,813,0.55837912
047746,089,2774,643,0.44162088
047761,093,7345,1831,1.0
047787,095,699,151,0.05916928
047787,096,12855,2401,0.94083072
047795,079,295,59,0.02234002
047795,095,86,18,0.0068156
047795,096,13384,2564,0.97084438
047803,096,18543,3462,1.0
047829,061,6420,1575,0.97462871
047829,069,166,41,0.02537129
047837,098,4020,1244,1.0
047845,069,349,95,0.03833737
047845,098,9610,2383,0.96166263
047852,061,7548,1942,0.97441044
047852,087,2,2,0.00100351
047852,098,201,49,0.02458605
047878,023,145,30,0.01808318
047878,057,7773,1621,0.97709464
047878,099,52,8,0.00482218
047886,057,18492,3854,0.99689602
047886,099,60,12,0.00310398
047894,057,37419,7625,0.99660175
047894,099,153,26,0.00339825
047902,057,8862,1979,1.0
047928,093,5898,1347,1.0
047936,093,10480,2168,1.0
047944,093,8568,2012,1.0
047951,093,11970,2537,1.0
047969,093,4185,964,1.0
047985,061,105,34,0.01344405
047985,068,1013,213,0.08422301
047985,069,9583,2282,0.90233294
047993,068,4279,848,0.3110785
047993,069,9928,1878,0.6889215
048009,002,6297,2024,0.24886266
048009,004,12117,3493,0.42948481
048009,005,190,50,0.00614779
048009,068,10544,2566,0.31550473
048017,068,81,24,0.00897196
048017,069,10580,2646,0.98915888
048017,097,15,5,0.00186916
048025,061,84,20,0.00798722
048025,068,239,50,0.01996805
048025,069,8487,1887,0.75359425
048025,098,2185,547,0.21845048
048033,061,553,145,0.07770632
048033,068,3145,587,0.31457663
048033,069,5093,1134,0.60771704
048041,068,27228,6901,0.96747512
048041,073,1151,232,0.03252488
048074,083,5592,1375,0.53564472
048074,085,5435,1157,0.45072069
048074,086,138,35,0.01363459
048082,083,10548,1932,0.89944134
048082,084,53,17,0.00791434
048082,085,949,199,0.09264432
048090,085,3697,905,1.0
048116,052,24847,7050,1.0
048124,053,24824,5801,1.0
048132,052,999,219,0.15609408
048132,053,5182,1184,0.84390592
048140,054,6667,1161,1.0
048157,052,648,111,0.05143652
048157,053,479,109,0.05050973
048157,054,8082,1537,0.71223355
048157,089,2260,401,0.1858202
048165,052,685,77,0.03314679
048165,054,10705,2246,0.96685321
048173,052,5070,1095,0.27388694
048173,054,18598,2903,0.72611306
048207,041,434,105,0.01438159
048207,044,31222,7042,0.96452541
048207,075,614,154,0.021093
048215,043,4972,1385,1.0
048223,041,30416,6199,0.99534361
048223,044,108,29,0.00465639
048231,042,18,8,0.00076336
048231,043,47663,10472,0.99923664
048256,012,7105,1570,1.0
048264,011,42,11,0.00334042
048264,012,8599,2253,0.68417856
048264,086,3748,1029,0.31248102
048272,012,13239,1979,0.99297541
048272,091,64,14,0.00702459
048298,058,35439,6315,1.0
048298,059,7,0,0.0
048306,059,36493,6741,1.0
048314,058,8,0,0.0
048314,059,19457,3960,1.0
048322,058,5689,1006,0.93930906
048322,059,151,36,0.03361345
048322,064,133,29,0.0270775
048330,058,1883,352,0.99435028
048330,059,12,2,0.00564972
048348,058,12840,2467,0.85988149
048348,059,2220,402,0.14011851
048355,059,4172,739,1.0
048363,059,7110,1427,1.0
048371,059,8210,1392,1.0
048389,059,12259,2483,0.99919517
048389,072,83,2,0.00080483
048397,059,3903,682,1.0
048413,061,147,34,0.02375961
048413,083,144,62,0.04332635
048413,086,2525,472,0.32983927
048413,087,4012,863,0.60307477
048421,086,8445,1678,0.97331787
048421,087,218,46,0.02668213
048439,086,553,110,0.11518325
048439,087,3964,845,0.88481675
048447,086,10208,1023,0.40514851
048447,087,6617,1502,0.59485149
048462,054,1361,250,0.09796238
048462,067,8686,2302,0.90203762
048470,054,10,1,0.00031387
048470,066,2193,641,0.20119272
048470,067,13191,2544,0.79849341
048488,066,17474,3288,0.89154013
048488,067,2213,400,0.10845987
048496,031,314,89,0.0180674
048496,066,19604,4801,0.97462444
048496,067,175,36,0.00730816
048512,094,5018,1063,1.0
048520,094,11326,2431,1.0
048538,094,4646,955,1.0
048553,084,4045,1270,1.0
048579,082,1021,273,0.18458418
048579,084,4905,1206,0.81541582
048587,084,4768,1356,1.0
048595,084,4113,1225,1.0
048611,080,10185,2580,1.0
048629,080,8455,1955,0.99846782
048629,085,15,3,0.00153218
048637,080,3349,831,1.0
048652,095,291,51,0.01626794
048652,096,16109,3084,0.98373206
048678,038,52,7,0.00328176
048678,040,9696,2126,0.99671824
048686,037,5022,911,0.90019763
048686,038,546,101,0.09980237
048694,037,536,191,0.04100472
048694,038,18643,4312,0.92571919
048694,039,544,155,0.03327608
048702,036,21227,4979,1.0
048702,039,2,0,0.0
048710,037,163,47,0.03114645
048710,038,356,63,0.0417495
048710,040,6267,1399,0.92710404
048728,038,82,20,0.00273898
048728,039,30077,6420,0.87921118
048728,040,4358,853,0.11681731
048728,080,108,9,0.00123254
048736,038,2533,599,0.24896093
048736,039,7389,1807,0.75103907
048744,037,24,14,0.00526514
048744,040,10951,2645,0.99473486
048751,036,4684,1180,0.11959055
048751,038,2,1,0.00010135
048751,039,37786,8686,0.8803081
048777,094,10,1,0.0003785
048777,095,12968,2641,0.9996215
048793,087,6484,1516,1.0
048801,061,325,59,0.0243701
048801,087,10102,2362,0.9756299
048819,076,343,99,0.0514553
048819,087,7563,1825,0.9485447
048835,097,13037,2862,1.0
048843,069,1418,376,0.1298791
048843,097,11129,2519,0.8701209
048850,097,10344,2232,1.0
048876,097,16886,4163,0.96298867
048876,098,563,160,0.03701133
048884,069,920,171,0.06261443
048884,097,13113,2560,0.93738557
048900,095,5721,1448,0.91587603
048900,096,354,133,0.08412397
048926,089,9963,2077,1.0
048934,089,4943,600,1.0
048942,044,8427,1790,1.0
048975,089,677,77,1.0
048991,082,3832,938,1.0
049031,082,5331,1306,1.0
049056,069,14275,3369,0.99029982
049056,073,133,33,0.00970018
049064,092,4373,1012,1.0
049080,012,9218,1885,0.70731707
049080,092,3726,780,0.29268293
049098,005,51,31,0.00515121
049098,012,24822,5816,0.96643403
049098,069,739,171,0.02841476
049106,012,8280,1850,1.0
049122,090,550,130,0.10869565
049122,091,3998,974,0.81438127
049122,093,289,92,0.07692308
049130,090,66,24,0.01232033
049130,091,8180,1924,0.98767967
049148,091,10626,2429,0.95292271
049148,092,514,120,0.04707729
049155,091,4284,1134,1.0
049171,035,17955,3943,1.0
049189,035,4576,816,0.34386852
049189,072,9074,1557,0.65613148
049197,072,17494,3276,1.0
049205,072,8699,1878,1.0
049213,072,8699,1763,1.0
049221,072,11127,2273,1.0
049239,035,17069,3299,1.0
049247,072,7937,1664,1.0
049270,040,6641,1480,0.99462366
049270,080,24,8,0.00537634
049288,040,8959,2053,1.0
049296,040,5491,1264,1.0
049312,078,489,128,0.0960961
049312,082,4631,1204,0.9039039
049320,082,3369,813,1.0
049338,082,1934,478,1.0
049346,082,3444,836,1.0
049353,082,3670,949,1.0
049361,082,2046,586,1.0
049379,082,9180,2376,1.0
049387,082,2651,628,1.0
049395,078,39,3,0.00340909
049395,082,3463,877,0.99659091
049411,076,9842,2293,0.87652905
049411,098,910,323,0.12347095
049429,067,2245,676,0.32068311
049429,076,5079,1432,0.67931689
049437,076,16052,3501,0.93986577
049437,087,1023,224,0.06013423
049445,067,135,28,0.03830369
049445,076,3285,703,0.96169631
049452,076,27167,4691,1.0
049460,054,890,214,0.15643275
049460,076,4124,1144,0.83625731
049460,087,47,10,0.00730994
049478,076,11380,2377,1.0
049494,012,73,15,0.00861574
049494,091,5737,1453,0.83457783
049494,092,1211,273,0.15680643
049502,092,6069,1446,1.0
049510,091,5997,1279,1.0
049528,092,6182,1374,1.0
049536,091,18,6,0.00221402
049536,092,15883,2704,0.99778598
049544,092,9400,2013,1.0
049569,075,2394,608,0.39868852
049569,088,4266,917,0.60131148
049577,044,129,29,0.02083333
049577,088,3515,766,0.55028736
049577,089,2844,597,0.42887931
049593,090,4482,1000,1.0
049601,090,3510,706,1.0
049619,090,4107,864,1.0
049627,090,7628,1777,1.0
049635,090,9382,2038,1.0
049643,090,6199,1079,1.0
049650,090,7564,1720,1.0
049668,090,8503,1836,1.0
049684,054,626,147,0.12940141
049684,088,4351,989,0.87059859
049700,088,4274,982,1.0
049718,088,1856,455,1.0
049726,088,3116,692,1.0
049759,085,5297,1339,1.0
049767,084,346,76,0.12991453
049767,085,1950,509,0.87008547
049775,085,2077,480,1.0
049783,084,12,0,0.0
049783,085,4058,1129,1.0
049791,085,4689,1181,1.0
049809,083,110,30,0.04310345
049809,084,59,6,0.00862069
049809,085,2436,660,0.94827586
049817,084,40,9,0.01750973
049817,085,1796,505,0.98249027
049833,049,588,192,0.07963501
049833,050,10164,1918,0.79552053
049833,051,1593,301,0.12484446
049841,050,124,32,0.01277955
049841,051,12043,2472,0.98722045
049858,049,33837,7123,0.82585507
049858,050,6698,1502,0.17414493
049866,048,20214,4872,0.99958966
049866,072,37,2,0.00041034
049874,048,18798,4014,0.99950199
049874,049,2,1,0.000249
049874,050,9,1,0.000249
049882,048,10668,2069,0.71740638
049882,050,4223,815,0.28259362
049890,050,5888,1250,0.48487199
049890,079,5894,1328,0.51512801
049908,032,1982,365,0.13931298
049908,050,11094,2246,0.85725191
049908,077,70,9,0.00343511
049916,049,85,23,0.02143523
049916,050,5136,1050,0.97856477
049916,079,1,0,0.0
049924,050,30454,6053,1.0
049932,048,25053,5091,0.53398364
049932,049,23602,4443,0.46601636
049940,050,3411,726,0.43086053
049940,051,3561,729,0.43264095
049940,079,1061,230,0.13649852
049957,050,5448,1187,0.59113546
049957,051,3710,807,0.40189243
049957,077,77,14,0.00697211
049973,031,12413,2443,0.718107
049973,033,2472,193,0.05673133
049973,034,4591,766,0.22516167
049981,031,13516,2928,0.66035183
049981,033,8436,1506,0.33964817
049999,031,411,123,0.06243655
049999,032,12212,1847,0.93756345
050005,032,8746,1746,1.0
050013,032,27492,6103,1.0
050021,031,2303,615,0.09390747
050021,034,23074,5934,0.90609253
050039,032,2799,639,0.72531215
050039,072,1345,242,0.27468785
050047,031,377,68,0.0115352
050047,035,32500,5827,0.9884648
050054,031,20028,4294,0.91361702
050054,033,1953,406,0.08638298
050062,032,18074,3326,0.98315105
050062,072,374,57,0.01684895
050070,035,27452,6245,1.0
050096,065,4396,1610,1.0
050112,064,5708,1605,1.0
050120,065,8447,1413,1.0
050138,064,9343,1820,1.0
050138,065,42,0,0.0
050153,064,22,5,0.00459982
050153,065,6839,1082,0.99540018
050161,064,22153,3825,1.0
050179,065,5957,1094,1.0
050187,064,247,84,0.03513174
050187,065,12417,2307,0.96486826
050195,065,11916,2180,1.0
050203,064,3332,582,1.0
050211,065,5065,921,1.0
050229,064,3810,811,0.99387255
050229,065,7,5,0.00612745
050237,064,3720,802,1.0
050245,064,8198,1318,1.0
050252,058,602,126,0.12765957
050252,064,4812,861,0.87234043
050278,051,9764,2964,0.81116585
050278,098,1828,690,0.18883415
050286,051,10188,2303,1.0
050294,051,4670,892,1.0
050302,051,10182,2092,1.0
050328,012,596,161,0.09247559
050328,086,6330,1580,0.90752441
050336,060,242,52,0.02634245
050336,061,62,15,0.00759878
050336,086,7905,1907,0.96605876
050351,082,4632,1125,1.0
050369,082,4321,1108,1.0
050393,092,12715,2787,0.99820917
050393,093,31,5,0.00179083
050419,037,1290,296,0.13051146
050419,040,42,8,0.00352734
050419,055,8926,1964,0.8659612
050427,037,902,295,0.03044376
050427,055,33903,9351,0.96501548
050427,056,149,44,0.00454076
050435,055,2566,774,0.10326885
050435,056,27621,6721,0.89673115
050443,055,35593,9069,0.97046549
050443,056,981,264,0.0282504
050443,062,48,12,0.00128411
050450,045,868,189,0.01298166
050450,056,53673,14370,0.98701834
050468,055,9235,2156,0.9862763
050468,070,112,30,0.0137237
050484,094,5245,1176,0.87305122
050484,095,686,171,0.12694878
050492,094,4679,928,1.0
050500,094,14186,2995,0.99041005
050500,095,93,29,0.00958995
050518,094,3397,808,1.0
050534,077,9068,1813,1.0
050542,077,7644,2144,1.0
050559,077,7001,1650,1.0
050567,066,129,27,0.01378254
050567,077,8038,1932,0.98621746
050575,067,464,148,0.07411117
050575,077,7462,1849,0.92588883
050583,077,15665,5704,0.85851896
050583,098,2969,940,0.14148104
050591,077,13273,2952,0.98762128
050591,098,142,37,0.01237872
050617,081,3800,851,1.0
050625,081,3221,773,1.0
050633,081,3589,787,1.0
050641,081,4094,952,1.0
050658,081,3494,681,1.0
050674,075,8774,1977,1.0
050682,075,6061,1530,0.98329049
050682,083,92,26,0.01670951
050690,044,527,70,0.02952341
050690,075,11105,2301,0.97047659
050708,075,4161,995,0.99103586
050708,083,26,9,0.00896414
050716,044,5114,1093,1.0
050724,044,1211,250,0.11101243
050724,075,8269,1934,0.85879218
050724,081,298,68,0.03019538
050740,087,2815,627,0.53452685
050740,088,2988,546,0.46547315
061903,090,22770,5475,0.97229622
061903,091,666,156,0.02770378
064964,040,459,130,0.74285714
064964,047,188,45,0.25714286
065680,093,15124,3739,1.0
069682,095,7369,1742,0.99942628
069682,097,12,1,0.00057372
091397,040,5522,1198,0.98277276
091397,080,60,21,0.01722724
139303,046,15671,4333,0.99380734
139303,056,118,27,0.00619266
