chamber,irn,district,population,population_under_18,share
house,000442,090,4586,1071,1.0
house,043489,031,100,24,0.00060997
house,043489,032,44183,9296,0.2362629
house,043489,033,103451,22504,0.57195141
house,043489,034,33397,7522,0.19117572
house,043497,048,20083,4165,0.95681139
house,043497,050,143,15,0.0034459
house,043497,059,798,173,0.03974271
house,043505,067,25300,5270,0.99886277
house,043505,076,15,6,0.00113723
house,043513,065,14,1,0.00017232
house,043513,099,26822,5802,0.99982768
house,043521,094,7112,1434,0.360211
house,043521,095,27321,2547,0.639789
house,043539,031,24726,5123,0.99844085
house,043539,032,63,8,0.00155915
house,043547,016,16163,3936,1.0
house,043554,021,14034,2892,1.0
house,043562,019,5605,663,0.13017868
house,043562,022,24151,4430,0.86982132
house,043570,095,563,105,0.05935557
house,043570,096,8713,1664,0.94064443
house,043588,085,16152,3899,1.0
house,043596,054,119,21,0.00695825
house,043596,088,8085,1794,0.5944334
house,043596,089,4993,1203,0.39860835
house,043604,094,8969,1738,1.0
house,043612,015,34602,6002,0.65876413
house,043612,017,18855,3109,0.34123587
house,043620,001,13928,3669,1.0
house,043638,075,36052,5284,0.99848828
house,043638,081,14,8,0.00151172
house,043646,017,13856,2934,0.50560055
house,043646,019,13635,2869,0.49439945
house,043653,015,11359,2029,1.0
house,043661,066,1554,249,0.02387573
house,043661,067,46447,10180,0.97612427
house,043679,081,13377,2929,1.0
house,043687,087,10285,2164,1.0
house,043695,095,272,42,0.01323251
house,043695,097,14799,3132,0.98676749
house,043703,059,7825,1748,1.0
house,043711,049,57957,14432,0.97441091
house,043711,050,2639,379,0.02558909
house,043729,084,18881,4169,1.0
house,043737,036,27,10,0.00079853
house,043737,037,61355,12513,0.99920147
house,043745,092,23234,4917,1.0
house,043752,024,117767,27531,0.38586385
house,043752,025,106812,21375,0.29958374
house,043752,026,91098,16766,0.23498577
house,043752,027,11208,2137,0.02995137
house,043752,028,639,109,0.0015277
house,043752,030,15794,3431,0.04808757
house,043760,012,15224,3351,1.0
house,043778,051,11834,2909,1.0
house,043786,013,74286,16287,0.20257967
house,043786,014,23121,5518,0.06863355
house,043786,015,32361,7289,0.09066146
house,043786,016,35693,7154,0.08898231
house,043786,018,17123,3598,0.04475236
house,043786,019,9408,1589,0.01976417
house,043786,020,125125,26263,0.32666235
house,043786,021,11546,2124,0.02641857
house,043786,022,45894,10576,0.13154556
house,043794,018,42220,8584,0.70424153
house,043794,020,9,1,8.204e-05
house,043794,021,15483,3604,0.29567643
house,043802,001,99830,20577,0.18304334
house,043802,002,81231,19311,0.1717816
house,043802,003,111333,25164,0.22384714
house,043802,004,15432,1727,0.01536258
house,043802,005,20554,4656,0.04141759
house,043802,006,30330,7497,0.0666898
house,043802,007,68948,4337,0.03857992
house,043802,008,28515,3806,0.03385639
house,043802,009,68055,16757,0.14906241
house,043802,010,35279,7204,0.0640834
house,043802,011,12013,1380,0.01227583
house,043810,065,1632,361,0.13975997
house,043810,099,12318,2222,0.86024003
house,043828,098,11255,2649,1.0
house,043836,031,38286,6974,0.94192328
house,043836,034,2516,430,0.05807672
house,043844,036,28798,6300,0.1958042
house,043844,037,3139,585,0.01818182
house,043844,038,101582,22481,0.69871018
house,043844,039,14425,2809,0.08730381
house,043851,027,352,70,0.03378378
house,043851,028,11381,2002,0.96621622
house,043869,082,16711,3853,1.0
house,043877,061,38475,8926,1.0
house,043885,078,5696,1251,0.55773518
house,043885,082,4207,992,0.44226482
house,043893,051,17426,3782,1.0
house,043901,018,16884,3436,1.0
house,043919,079,15084,3308,1.0
house,043927,079,8030,1715,1.0
house,043935,040,14085,3132,1.0
house,043943,052,50511,10687,0.99869171
house,043943,053,7,0,0.0
house,043943,054,98,14,0.00130829
house,043950,021,49692,10846,0.99972348
house,043950,023,18,3,0.00027652
house,043968,036,2221,521,0.06469639
house,043968,070,39365,7514,0.93306842
house,043968,071,49,18,0.00223519
house,043976,016,16896,3243,1.0
house,043984,083,40497,8303,1.0
house,043992,075,2092,393,0.11717352
house,043992,083,2439,532,0.15861658
house,043992,088,9429,2429,0.7242099
house,044008,055,20575,4543,0.99977993
house,044008,056,8,1,0.00022007
house,044016,088,28689,6325,1.0
house,044024,076,324,90,0.03182461
house,044024,087,12971,2738,0.96817539
house,044032,093,13992,3026,1.0
house,044040,022,27577,6606,1.0
house,044057,065,9698,1878,0.60038363
house,044057,099,6198,1250,0.39961637
house,044065,064,1081,207,0.09530387
house,044065,065,9598,1965,0.90469613
house,044073,007,8719,1585,1.0
house,044081,027,1879,329,0.0498636
house,044081,028,19377,4920,0.74568051
house,044081,029,6751,1349,0.2044559
house,044099,080,1785,342,0.07454228
house,044099,084,20049,4246,0.92545772
house,044107,045,49,10,0.00066939
house,044107,046,27,10,0.00066939
house,044107,047,63169,14919,0.99866122
house,044115,069,10346,2275,1.0
house,044123,091,16397,3648,1.0
house,044131,089,10548,1946,1.0
house,044149,093,10358,2164,1.0
house,044156,093,15764,3607,1.0
house,044164,035,179,53,0.01208666
house,044164,072,33546,4332,0.98791334
house,044172,083,11417,2754,0.99710355
house,044172,087,41,8,0.00289645
house,044180,036,56854,11794,0.97908019
house,044180,037,1292,252,0.02091981
house,044198,013,50852,7798,1.0
house,044206,069,3976,445,0.04273094
house,044206,073,45138,9969,0.95726906
house,044214,055,3089,683,0.07535305
house,044214,056,37828,8381,0.92464695
house,044222,078,28122,7208,1.0
house,044230,025,823,185,0.18705763
house,044230,027,3514,804,0.81294237
house,044248,092,23702,5240,1.0
house,044255,012,14421,3253,1.0
house,044263,053,54264,13543,1.0
house,044271,028,14647,3862,0.52918608
house,044271,055,412,80,0.01096191
house,044271,062,12712,3356,0.45985201
house,044289,027,9389,2602,1.0
house,044297,076,33456,7497,1.0
house,044305,022,23701,5736,1.0
house,044313,026,6389,1620,0.68153134
house,044313,027,2355,757,0.31846866
house,044321,094,22959,4193,1.0
house,044339,086,29051,7241,1.0
house,044347,096,9435,2023,1.0
house,044354,050,27806,6014,0.97471637
house,044354,051,792,156,0.02528363
house,044362,041,17422,3618,1.0
house,044370,019,29077,5478,0.84263959
house,044370,023,5620,1023,0.15736041
house,044388,066,46595,10414,1.0
house,044396,037,19708,4027,0.47138008
house,044396,040,20194,4516,0.52861992
house,044404,046,48531,11334,0.9580727
house,044404,055,2252,459,0.03879966
house,044404,056,213,37,0.00312764
house,044412,027,5857,1546,0.24539683
house,044412,029,19048,4754,0.75460317
house,044420,061,6275,1341,0.21459434
house,044420,098,25146,4908,0.78540566
house,044438,081,14361,3139,1.0
house,044446,092,1178,250,0.16254876
house,044446,094,6889,1288,0.83745124
house,044453,068,50018,11000,0.99927326
house,044453,069,67,8,0.00072674
house,044461,090,2297,513,1.0
house,044479,069,4006,974,0.37854644
house,044479,092,6685,1599,0.62145356
house,044487,051,22558,4742,1.0
house,044495,064,18165,3420,0.99854015
house,044495,065,18,5,0.00145985
house,044503,048,29853,6096,0.98944976
house,044503,049,253,65,0.01055024
house,044511,027,54,19,0.00697248
house,044511,029,10852,2706,0.99302752
house,044529,015,32198,6008,1.0
house,044537,052,35280,7579,0.99920897
house,044537,054,8,6,0.00079103
house,044545,014,28,3,0.00042955
house,044545,017,37402,6981,0.99957045
house,044552,031,11722,2440,0.84022039
house,044552,032,2307,464,0.15977961
house,044560,054,18856,4397,1.0
house,044578,026,19043,3531,1.0
house,044586,036,9547,2753,1.0
house,044594,052,21,1,0.00066357
house,044594,054,10917,1506,0.99933643
house,044602,042,22934,4569,1.0
house,044610,077,11040,2585,1.0
house,044628,057,16774,4410,1.0
house,044636,014,101981,18506,0.91718293
house,044636,019,11720,1671,0.08281707
house,044644,080,23760,5499,1.0
house,044651,089,13203,2226,1.0
house,044669,090,19720,4193,1.0
house,044677,027,7079,1706,0.17918286
house,044677,028,29060,5946,0.62451423
house,044677,029,2812,496,0.05209537
house,044677,045,3637,1112,0.11679445
house,044677,056,1113,261,0.02741309
house,044685,035,12,5,0.00126871
house,044685,072,20280,3936,0.99873129
house,044693,027,10751,2250,1.0
house,044701,016,22150,4453,1.0
house,044719,025,6157,1361,1.0
house,044727,078,767,170,0.05386565
house,044727,084,12642,2986,0.94613435
house,044735,079,16593,3337,1.0
house,044743,089,25060,5618,1.0
house,044750,018,29439,7053,0.91680749
house,044750,022,3749,640,0.08319251
house,044768,053,13474,2481,1.0
house,044776,076,13114,3042,1.0
house,044784,085,24714,5903,1.0
house,044792,021,34364,6369,0.98211257
house,044792,023,695,116,0.01788743
house,044800,001,29,3,8.214e-05
house,044800,006,50955,13195,0.36125941
house,044800,007,264,113,0.00309377
house,044800,010,85683,21100,0.57768652
house,044800,012,10346,2114,0.05787817
house,044818,074,54963,13206,1.0
house,044826,096,15494,3224,1.0
house,044834,031,139,23,0.00291841
house,044834,034,39532,7813,0.99137165
house,044834,072,234,45,0.00570994
house,044842,017,46491,9251,0.9868786
house,044842,054,507,123,0.0131214
house,044859,058,1239,174,0.07675342
house,044859,059,9927,2093,0.92324658
house,044867,027,20,9,0.00101845
house,044867,028,36396,8828,0.99898155
house,044875,041,196,21,0.00169069
house,044875,043,4448,863,0.06947911
house,044875,044,50198,11537,0.92883021
house,044883,034,18145,3621,0.97548491
house,044883,072,290,91,0.02451509
house,044891,088,22399,4418,1.0
house,044909,041,65029,13306,0.26967977
house,044909,042,91294,23511,0.47650993
house,044909,043,57800,12242,0.24811512
house,044909,044,1181,281,0.00569518
house,044917,096,5654,1132,1.0
house,044925,080,31289,7276,1.0
house,044933,006,450,47,0.00489278
house,044933,007,36295,9513,0.99031855
house,044933,008,141,46,0.00478867
house,044941,085,14625,3160,1.0
house,044958,038,507,112,0.02254882
house,044958,039,24003,4855,0.97745118
house,044966,082,14098,3220,1.0
house,044974,066,28694,6547,1.0
house,044982,078,6999,1497,0.33489933
house,044982,084,12278,2973,0.66510067
house,044990,064,34821,8255,1.0
house,045005,018,15427,3476,0.99942496
house,045005,021,6,2,0.00057504
house,045013,091,13879,3243,1.0
house,045021,093,8980,2167,1.0
house,045039,079,4393,953,1.0
house,045047,003,1020,411,0.01701229
house,045047,004,31003,6716,0.27799164
house,045047,009,44055,11443,0.47365371
house,045047,060,8125,1679,0.06949791
house,045047,061,15945,3910,0.16184445
house,045054,037,28208,5555,1.0
house,045062,016,34228,6180,1.0
house,045070,002,20127,5416,1.0
house,045088,023,12652,2385,1.0
house,045096,054,10674,2525,1.0
house,045104,023,66538,11600,0.99870857
house,045104,057,101,15,0.00129143
house,045112,071,20953,4504,1.0
house,045120,077,29921,5636,1.0
house,045138,008,61795,14961,0.9216411
house,045138,009,4925,1253,0.07718844
house,045138,011,119,19,0.00117046
house,045146,027,8675,2588,1.0
house,045153,055,21,6,0.00079491
house,045153,070,2881,513,0.06796502
house,045153,071,33647,7029,0.93124006
house,045161,058,60977,13333,0.98872822
house,045161,059,1094,152,0.01127178
house,045179,097,26018,6072,1.0
house,045187,083,7269,1266,1.0
house,045195,052,4498,826,0.15638016
house,045195,053,20882,4456,0.84361984
house,045203,095,6338,1392,0.76863611
house,045203,096,1501,419,0.23136389
house,045211,078,6281,1398,0.98659139
house,045211,083,157,19,0.01340861
house,045229,080,1706,425,0.54557125
house,045229,084,1434,353,0.45314506
house,045229,085,13,1,0.0012837
house,045237,095,20,6,0.00552995
house,045237,096,6010,1079,0.99447005
house,045245,079,11,0,0.0
house,045245,095,12335,2604,0.98449905
house,045245,096,106,41,0.01550095
house,045252,094,326,72,0.05844156
house,045252,095,7922,1160,0.94155844
house,045260,087,4924,1175,0.96548891
house,045260,088,216,42,0.03451109
house,045278,079,15803,3385,1.0
house,045286,019,5957,1284,0.53589316
house,045286,035,5283,1076,0.4490818
house,045286,099,213,36,0.01502504
house,045294,093,7129,1537,1.0
house,045302,088,12431,2784,1.0
house,045310,084,6927,1937,1.0
house,045328,059,1717,236,0.16354816
house,045328,079,6331,1207,0.83645184
house,045336,080,4958,1186,1.0
house,045344,076,395,88,0.07068273
house,045344,087,4933,1157,0.92931727
house,045351,069,3691,923,0.73312153
house,045351,092,1506,336,0.26687847
house,045369,057,3122,557,1.0
house,045377,063,6224,1426,0.93939394
house,045377,090,462,92,0.06060606
house,045385,075,69,17,0.01523297
house,045385,088,5096,1099,0.98476703
house,045393,068,14422,3436,0.99191686
house,045393,069,102,28,0.00808314
house,045401,091,12347,3136,1.0
house,045419,081,409,122,0.0901034
house,045419,082,4872,1232,0.9098966
house,045427,058,53,2,0.00086806
house,045427,065,12969,2302,0.99913194
house,045435,027,6504,1615,0.48122765
house,045435,028,7179,1741,0.51877235
house,045443,059,369,104,0.10721649
house,045443,079,4048,866,0.89278351
house,045450,079,5363,1049,1.0
house,045468,067,6563,1418,0.81729107
house,045468,076,231,40,0.02305476
house,045468,098,1113,277,0.15965418
house,045476,086,34636,8245,1.0
house,045484,012,75,15,0.01296456
house,045484,085,4726,1142,0.98703544
house,045492,023,28332,5004,0.44583036
house,045492,057,32362,6207,0.5530114
house,045492,099,76,13,0.00115823
house,045500,027,27,5,0.00046637
house,045500,062,44631,10716,0.99953363
house,045518,080,9499,2018,1.0
house,045526,081,5569,1259,1.0
house,045534,087,7902,1679,1.0
house,045542,051,5339,1164,0.86542751
house,045542,095,25,2,0.00148699
house,045542,097,548,121,0.08996283
house,045542,098,289,58,0.04312268
house,045559,063,13517,3054,1.0
house,045567,064,8504,1570,1.0
house,045575,082,9764,2327,1.0
house,045583,044,2304,453,0.05531136
house,045583,075,30474,7737,0.94468864
house,045591,066,99,13,0.00855826
house,045591,077,6796,1506,0.99144174
house,045609,044,10500,1944,0.76175549
house,045609,075,3071,608,0.23824451
house,045617,080,15296,3520,1.0
house,045625,087,11376,2456,1.0
house,045633,084,6533,1762,0.99886621
house,045633,085,20,2,0.00113379
house,045641,081,10457,2542,1.0
house,045658,054,8568,1663,1.0
house,045666,072,3457,730,1.0
house,045674,071,4344,716,1.0
house,045757,078,5908,1432,1.0
house,045765,078,12101,2371,1.0
house,045773,078,18876,4332,1.0
house,045781,078,3660,824,1.0
house,045799,078,17056,3821,1.0
house,045807,078,4652,1167,0.90675991
house,045807,082,512,120,0.09324009
house,045823,067,6350,1407,0.93117141
house,045823,077,373,104,0.06882859
house,045831,054,57,5,0.00300842
house,045831,067,6717,1657,0.99699158
house,045856,065,3616,687,0.32268671
house,045856,099,7014,1442,0.67731329
house,045864,065,10060,2983,1.0
house,045872,065,11163,2492,0.98187549
house,045872,099,339,46,0.01812451
house,045880,065,8700,1998,1.0
house,045906,092,35,11,0.00497288
house,045906,094,10115,2156,0.97468354
house,045906,095,229,45,0.02034358
house,045914,094,5133,1054,0.64941466
house,045914,095,2709,569,0.35058534
house,045922,094,4134,947,0.96731359
house,045922,095,73,32,0.03268641
house,045948,084,3994,1140,0.90118577
house,045948,085,617,125,0.09881423
house,045955,084,4015,994,0.8875
house,045955,085,563,126,0.1125
house,045963,084,1936,488,1.0
house,045971,078,2634,579,0.98469388
house,045971,083,52,7,0.01190476
house,045971,084,12,2,0.00340136
house,045997,095,15541,2358,0.95465587
house,045997,096,570,112,0.04534413
house,046003,096,5051,892,1.0
house,046011,095,8637,1925,0.97320526
house,046011,096,191,53,0.02679474
house,046037,090,8604,2050,1.0
house,046037,091,31,0,0.0
house,046045,063,4591,1036,0.99233716
house,046045,071,21,8,0.00766284
house,046060,063,17273,4088,1.0
house,046078,063,1126,212,0.17277914
house,046078,090,5252,1015,0.82722086
house,046094,040,17703,4722,0.91618161
house,046094,046,2024,417,0.08090803
house,046094,047,79,15,0.00291036
house,046102,045,44846,9870,0.64224362
house,046102,047,23433,5498,0.35775638
house,046110,045,60325,14609,0.5361888
house,046110,046,43892,12637,0.4638112
house,046128,040,254,103,0.05301081
house,046128,046,8009,1840,0.94698919
house,046136,046,3838,848,0.9837587
house,046136,047,48,14,0.0162413
house,046144,045,13175,3238,0.8178833
house,046144,047,3060,721,0.1821167
house,046151,040,3821,860,0.18040696
house,046151,047,33496,3907,0.81959304
house,046177,050,45,11,0.01160338
house,046177,079,4812,937,0.98839662
house,046193,085,11312,2595,1.0
house,046201,085,5304,1253,0.94210526
house,046201,086,328,77,0.05789474
house,046219,085,5974,1423,1.0
house,046235,071,12042,2488,1.0
house,046243,074,18399,4206,0.98894898
house,046243,080,205,47,0.01105102
house,046250,071,3249,666,0.14842879
house,046250,074,19727,3773,0.84087363
house,046250,085,191,48,0.01069757
house,046268,074,10853,2342,0.99744463
house,046268,085,42,6,0.00255537
house,046276,071,4293,1000,1.0
house,046284,071,11,3,0.0011646
house,046284,074,12180,2573,0.9988354
house,046300,062,1246,248,0.06533193
house,046300,063,13466,3548,0.93466807
house,046318,063,9289,2130,1.0
house,046326,062,6170,1211,0.4636294
house,046326,063,6495,1401,0.5363706
house,046334,063,4956,1138,1.0
house,046342,055,685,144,0.03552924
house,046342,062,15662,3873,0.95558845
house,046342,063,102,36,0.00888231
house,046359,062,43956,8626,0.55973006
house,046359,063,28506,6785,0.44026994
house,046367,063,6335,1316,1.0
house,046383,055,228,49,0.0244511
house,046383,063,1656,360,0.17964072
house,046383,071,6915,1595,0.79590818
house,046391,055,3131,700,0.30276817
house,046391,071,7023,1612,0.69723183
house,046409,071,6642,1531,0.85150167
house,046409,091,1178,267,0.14849833
house,046425,079,15158,2362,1.0
house,046433,079,5791,1310,1.0
house,046441,079,5234,1108,0.98928571
house,046441,096,50,12,0.01071429
house,046458,059,1770,395,0.2688904
house,046458,079,5346,1074,0.7311096
house,046474,051,181,62,0.02942572
house,046474,097,177,16,0.00759374
house,046474,098,8563,2029,0.96298054
house,046482,069,881,215,0.06215669
house,046482,098,13858,3244,0.93784331
house,046508,054,12,3,0.00277008
house,046508,076,17,10,0.00923361
house,046508,087,3388,696,0.64265928
house,046508,088,1618,374,0.34533703
house,046516,087,5475,1044,1.0
house,046524,087,6196,1381,1.0
house,046557,019,3989,769,1.0
house,046565,019,7584,1611,1.0
house,046573,015,14624,3263,0.63980392
house,046573,017,8398,1671,0.32764706
house,046573,054,681,166,0.03254902
house,046581,018,4040,861,0.25918122
house,046581,019,10560,2431,0.73178808
house,046581,022,18,10,0.00301023
house,046581,099,136,20,0.00602047
house,046599,023,10088,1604,1.0
house,046607,019,24835,6092,1.0
house,046623,084,3350,898,1.0
house,046631,080,6050,1467,1.0
house,046649,080,3352,832,0.98695136
house,046649,084,16,11,0.01304864
house,046672,084,3898,943,1.0
house,046680,080,4130,1024,0.99707887
house,046680,084,7,3,0.00292113
house,046706,082,4006,878,1.0
house,046714,081,3089,735,0.49494949
house,046714,082,2932,750,0.50505051
house,046722,081,2470,534,0.41299304
house,046722,082,3811,759,0.58700696
house,046748,060,26,11,0.00180981
house,046748,061,23019,6067,0.99819019
house,046755,060,8605,1886,0.48358974
house,046755,061,7517,1636,0.41948718
house,046755,086,24,4,0.00102564
house,046755,087,1569,374,0.09589744
house,046763,008,65,14,0.00045998
house,046763,060,88486,25447,0.83608227
house,046763,061,14452,4975,0.16345775
house,046789,054,2053,519,0.26225366
house,046789,089,7196,1460,0.73774634
house,046797,089,256,16,1.0
house,046805,088,1511,332,0.22281879
house,046805,089,6069,1158,0.77718121
house,046813,089,13878,2684,1.0
house,046821,053,23,13,0.00512013
house,046821,054,4823,853,0.33595904
house,046821,089,9626,1673,0.65892083
house,046847,069,8606,2168,0.99953896
house,046847,073,2,1,0.00046104
house,046854,069,4906,1108,0.96013865
house,046854,073,120,35,0.03032929
house,046854,092,77,11,0.00953206
house,046862,069,7805,2088,0.67770204
house,046862,073,4470,993,0.32229796
house,046870,069,6723,1695,0.63962264
house,046870,073,3819,955,0.36037736
house,046888,073,7627,1718,1.0
house,046896,005,738,261,0.01684414
house,046896,073,55071,15234,0.98315586
house,046904,073,4258,769,1.0
house,046920,012,810,195,0.05406155
house,046920,071,6,1,0.00027724
house,046920,091,14673,3411,0.94566121
house,046946,005,16891,4758,0.82446716
house,046946,069,2359,549,0.09513083
house,046946,073,2182,464,0.08040201
house,046953,005,13580,3571,0.89543631
house,046953,010,1298,417,0.10456369
house,046961,002,2890,830,0.068324
house,046961,003,3030,920,0.07573263
house,046961,004,43877,10375,0.85405005
house,046961,009,168,23,0.00189332
house,046979,002,8510,2526,0.20583442
house,046979,005,40676,9746,0.79416558
house,046995,004,19509,5805,0.82751247
house,046995,009,4383,1209,0.17234498
house,046995,068,6,1,0.00014255
house,047001,002,2465,638,0.05928817
house,047001,005,30898,7654,0.71127219
house,047001,068,9822,2469,0.22943964
house,047019,006,34377,9291,0.37202691
house,047019,007,1290,228,0.00912949
house,047019,011,58896,14288,0.572115
house,047019,012,3742,1167,0.0467286
house,047027,007,505,60,0.00253368
house,047027,008,22880,4981,0.2103374
house,047027,011,52969,13170,0.55614205
house,047027,060,8131,2177,0.09193024
house,047027,086,9675,3293,0.13905663
house,047043,081,7350,1766,1.0
house,047050,044,1977,405,0.22082879
house,047050,081,5790,1429,0.77917121
house,047068,081,2510,564,1.0
house,047076,081,2067,497,1.0
house,047084,081,8095,1978,1.0
house,047092,044,2774,570,0.30190678
house,047092,081,6327,1318,0.69809322
house,047167,099,13255,3006,1.0
house,047175,065,257,110,0.0214676
house,047175,099,15367,5014,0.9785324
house,047183,057,31,5,0.00113662
house,047183,099,21520,4394,0.99886338
house,047191,035,18156,3981,1.0
house,047225,099,15882,2970,1.0
house,047241,036,1759,437,0.0337556
house,047241,070,55816,12509,0.9662444
house,047258,071,6628,903,1.0
house,047266,071,8184,1901,0.99842437
house,047266,091,11,3,0.00157563
house,047274,055,17,0,0.0
house,047274,070,17284,4285,1.0
house,047308,095,2833,553,0.23632479
house,047308,097,8443,1787,0.76367521
house,047332,027,10679,2262,0.99472296
house,047332,029,90,12,0.00527704
house,047340,026,20,3,0.00024942
house,047340,027,46790,12025,0.99975058
house,047365,025,15,2,0.00012098
house,047365,028,5603,1279,0.07736511
house,047365,029,53043,11826,0.71533995
house,047365,030,16825,3412,0.20638761
house,047365,045,86,13,0.00078635
house,047373,030,65148,14766,1.0
house,047381,029,26687,6807,0.986093
house,047381,045,486,96,0.013907
house,047399,029,6,0,0.0
house,047399,030,16044,3769,1.0
house,047415,083,2968,583,1.0
house,047423,083,3512,943,1.0
house,047431,083,4026,1043,1.0
house,047449,083,7136,1801,1.0
house,047456,075,642,191,0.18436293
house,047456,082,5,5,0.00482625
house,047456,083,3112,840,0.81081081
house,047464,083,7202,1485,1.0
house,047472,083,1379,312,0.82105263
house,047472,087,112,28,0.07368421
house,047472,088,125,40,0.10526316
house,047498,083,2729,595,1.0
house,047506,083,3469,1037,1.0
house,047514,083,4173,1033,0.73891273
house,047514,087,1433,365,0.26108727
house,047522,078,7,1,0.00110742
house,047522,083,4009,902,0.99889258
house,047548,079,1740,308,0.51939292
house,047548,095,1375,285,0.48060708
house,047571,081,2398,590,1.0
house,047589,081,5551,1341,1.0
house,047597,075,49,12,0.00934579
house,047597,081,5157,1264,0.98442368
house,047597,082,21,8,0.00623053
house,047613,090,111,31,0.02622673
house,047613,091,4833,1151,0.97377327
house,047621,091,4958,1324,1.0
house,047639,063,8,3,0.0019544
house,047639,071,398,91,0.05928339
house,047639,091,6006,1441,0.93876221
house,047688,077,132,55,0.00692521
house,047688,098,22256,7887,0.99307479
house,047696,067,83,13,0.0026771
house,047696,077,334,104,0.0214168
house,047696,098,18230,4739,0.9759061
house,047712,054,3672,851,0.96049661
house,047712,089,246,35,0.03950339
house,047720,054,5947,1298,0.99846154
house,047720,067,6,2,0.00153846
house,047738,054,4764,1308,0.97032641
house,047738,076,112,40,0.02967359
house,047746,054,3856,813,0.55837912
house,047746,089,2774,643,0.44162088
house,047761,093,7345,1831,1.0
house,047787,095,699,151,0.05916928
house,047787,096,12855,2401,0.94083072
house,047795,079,295,59,0.02234002
house,047795,095,86,18,0.0068156
house,047795,096,13384,2564,0.97084438
house,047803,096,18543,3462,1.0
house,047829,061,6420,1575,0.97462871
house,047829,069,166,41,0.02537129
house,047837,098,4020,1244,1.0
house,047845,069,349,95,0.03833737
house,047845,098,9610,2383,0.96166263
house,047852,061,7548,1942,0.97441044
house,047852,087,2,2,0.00100351
house,047852,098,201,49,0.02458605
house,047878,023,145,30,0.01808318
house,047878,057,7773,1621,0.97709464
house,047878,099,52,8,0.00482218
house,047886,057,18492,3854,0.99689602
house,047886,099,60,12,0.00310398
house,047894,057,37419,7625,0.99660175
house,047894,099,153,26,0.00339825
house,047902,057,8862,1979,1.0
house,047928,093,5898,1347,1.0
house,047936,093,10480,2168,1.0
house,047944,093,8568,2012,1.0
house,047951,093,11970,2537,1.0
house,047969,093,4185,964,1.0
house,047985,061,105,34,0.01344405
house,047985,068,1013,213,0.08422301
house,047985,069,9583,2282,0.90233294
house,047993,068,4279,848,0.3110785
house,047993,069,9928,1878,0.6889215
house,048009,002,6297,2024,0.24886266
house,048009,004,12117,3493,0.42948481
house,048009,005,190,50,0.00614779
house,048009,068,10544,2566,0.31550473
house,048017,068,81,24,0.00897196
house,048017,069,10580,2646,0.98915888
house,048017,097,15,5,0.00186916
house,048025,061,84,20,0.00798722
house,048025,068,239,50,0.01996805
house,048025,069,8487,1887,0.75359425
house,048025,098,2185,547,0.21845048
house,048033,061,553,145,0.07770632
house,048033,068,3145,587,0.31457663
house,048033,069,5093,1134,0.60771704
house,048041,068,27228,6901,0.96747512
house,048041,073,1151,232,0.03252488
house,048074,083,5592,1375,0.53564472
house,048074,085,5435,1157,0.45072069
house,048074,086,138,35,0.01363459
house,048082,083,10548,1932,0.89944134
house,048082,084,53,17,0.00791434
house,048082,085,949,199,0.09264432
house,048090,085,3697,905,1.0
house,048116,052,24847,7050,1.0
house,048124,053,24824,5801,1.0
house,048132,052,999,219,0.15609408
house,048132,053,5182,1184,0.84390592
house,048140,054,6667,1161,1.0
house,048157,052,648,111,0.05143652
house,048157,053,479,109,0.05050973
house,048157,054,8082,1537,0.71223355
house,048157,089,2260,401,0.1858202
house,048165,052,685,77,0.03314679
house,048165,054,10705,2246,0.96685321
house,048173,052,5070,1095,0.27388694
house,048173,054,18598,2903,0.72611306
house,048207,041,434,105,0.01438159
house,048207,044,31222,7042,0.96452541
house,048207,075,614,154,0.021093
house,048215,043,4972,1385,1.0
house,048223,041,30416,6199,0.99534361
house,048223,044,108,29,0.00465639
house,048231,042,18,8,0.00076336
house,048231,043,47663,10472,0.99923664
house,048256,012,7105,1570,1.0
house,048264,011,42,11,0.00334042
house,048264,012,8599,2253,0.68417856
house,048264,086,3748,1029,0.31248102
house,048272,012,13239,1979,0.99297541
house,048272,091,64,14,0.00702459
house,048298,058,35439,6315,1.0
house,048298,059,7,0,0.0
house,048306,059,36493,6741,1.0
house,048314,058,8,0,0.0
house,048314,059,19457,3960,1.0
house,048322,058,5689,1006,0.93930906
house,048322,059,151,36,0.03361345
house,048322,064,133,29,0.0270775
house,048330,058,1883,352,0.99435028
house,048330,059,12,2,0.00564972
house,048348,058,12840,2467,0.85988149
house,048348,059,2220,402,0.14011851
house,048355,059,4172,739,1.0
house,048363,059,7110,1427,1.0
house,048371,059,8210,1392,1.0
house,048389,059,12259,2483,0.99919517
house,048389,072,83,2,0.00080483
house,048397,059,3903,682,1.0
house,048413,061,147,34,0.02375961
house,048413,083,144,62,0.04332635
house,048413,086,2525,472,0.32983927
house,048413,087,4012,863,0.60307477
house,048421,086,8445,1678,0.97331787
house,048421,087,218,46,0.02668213
house,048439,086,553,110,0.11518325
house,048439,087,3964,845,0.88481675
house,048447,086,10208,1023,0.40514851
house,048447,087,6617,1502,0.59485149
house,048462,054,1361,250,0.09796238
house,048462,067,8686,2302,0.90203762
house,048470,054,10,1,0.00031387
house,048470,066,2193,641,0.20119272
house,048470,067,13191,2544,0.79849341
house,048488,066,17474,3288,0.89154013
house,048488,067,2213,400,0.10845987
house,048496,031,314,89,0.0180674
house,048496,066,19604,4801,0.97462444
house,048496,067,175,36,0.00730816
house,048512,094,5018,1063,1.0
house,048520,094,11326,2431,1.0
house,048538,094,4646,955,1.0
house,048553,084,4045,1270,1.0
house,048579,082,1021,273,0.18458418
house,048579,084,4905,1206,0.81541582
house,048587,084,4768,1356,1.0
house,048595,084,4113,1225,1.0
house,048611,080,10185,2580,1.0
house,048629,080,8455,1955,0.99846782
house,048629,085,15,3,0.00153218
house,048637,080,3349,831,1.0
house,048652,095,291,51,0.01626794
house,048652,096,16109,3084,0.98373206
house,048678,038,52,7,0.00328176
house,048678,040,9696,2126,0.99671824
house,048686,037,5022,911,0.90019763
house,048686,038,546,101,0.09980237
house,048694,037,536,191,0.04100472
house,048694,038,18643,4312,0.92571919
house,048694,039,544,155,0.03327608
house,048702,036,21227,4979,1.0
house,048702,039,2,0,0.0
house,048710,037,163,47,0.03114645
house,048710,038,356,63,0.0417495
house,048710,040,6267,1399,0.92710404
house,048728,038,82,20,0.00273898
house,048728,039,30077,6420,0.87921118
house,048728,040,4358,853,0.11681731
house,048728,080,108,9,0.00123254
house,048736,038,2533,599,0.24896093
house,048736,039,7389,1807,0.75103907
house,048744,037,24,14,0.00526514
house,048744,040,10951,2645,0.99473486
house,048751,036,4684,1180,0.11959055
house,048751,038,2,1,0.00010135
house,048751,039,37786,8686,0.8803081
house,048777,094,10,1,0.0003785
house,048777,095,12968,2641,0.9996215
house,048793,087,6484,1516,1.0
house,048801,061,325,59,0.0243701
house,048801,087,10102,2362,0.9756299
house,048819,076,343,99,0.0514553
house,048819,087,7563,1825,0.9485447
house,048835,097,13037,2862,1.0
house,048843,069,1418,376,0.1298791
house,048843,097,11129,2519,0.8701209
house,048850,097,10344,2232,1.0
house,048876,097,16886,4163,0.96298867
house,048876,098,563,160,0.03701133
house,048884,069,920,171,0.06261443
house,048884,097,13113,2560,0.93738557
house,048900,095,5721,1448,0.91587603
house,048900,096,354,133,0.08412397
house,048926,089,9963,2077,1.0
house,048934,089,4943,600,1.0
house,048942,044,8427,1790,1.0
house,048975,089,677,77,1.0
house,048991,082,3832,938,1.0
house,049031,082,5331,1306,1.0
house,049056,069,14275,3369,0.99029982
house,049056,073,133,33,0.00970018
house,049064,092,4373,1012,1.0
house,049080,012,9218,1885,0.70731707
house,049080,092,3726,780,0.29268293
house,049098,005,51,31,0.00515121
house,049098,012,24822,5816,0.96643403
house,049098,069,739,171,0.02841476
house,049106,012,8280,1850,1.0
house,049122,090,550,130,0.10869565
house,049122,091,3998,974,0.81438127
house,049122,093,289,92,0.07692308
house,049130,090,66,24,0.01232033
house,049130,091,8180,1924,0.98767967
house,049148,091,10626,2429,0.95292271
house,049148,092,514,120,0.04707729
house,049155,091,4284,1134,1.0
house,049171,035,17955,3943,1.0
house,049189,035,4576,816,0.34386852
house,049189,072,9074,1557,0.65613148
house,049197,072,17494,3276,1.0
house,049205,072,8699,1878,1.0
house,049213,072,8699,1763,1.0
house,049221,072,11127,2273,1.0
house,049239,035,17069,3299,1.0
house,049247,072,7937,1664,1.0
house,049270,040,6641,1480,0.99462366
house,049270,080,24,8,0.00537634
house,049288,040,8959,2053,1.0
house,049296,040,5491,1264,1.0
house,049312,078,489,128,0.0960961
house,049312,082,4631,1204,0.9039039
house,049320,082,3369,813,1.0
house,049338,082,1934,478,1.0
house,049346,082,3444,836,1.0
house,049353,082,3670,949,1.0
house,049361,082,2046,586,1.0
house,049379,082,9180,2376,1.0
house,049387,082,2651,628,1.0
house,049395,078,39,3,0.00340909
house,049395,082,3463,877,0.99659091
house,049411,076,9842,2293,0.87652905
house,049411,098,910,323,0.12347095
house,049429,067,2245,676,0.32068311
house,049429,076,5079,1432,0.67931689
house,049437,076,16052,3501,0.93986577
house,049437,087,1023,224,0.06013423
house,049445,067,135,28,0.03830369
house,049445,076,3285,703,0.96169631
house,049452,076,27167,4691,1.0
house,049460,054,890,214,0.15643275
house,049460,076,4124,1144,0.83625731
house,049460,087,47,10,0.00730994
house,049478,076,11380,2377,1.0
house,049494,012,73,15,0.00861574
house,049494,091,5737,1453,0.83457783
house,049494,092,1211,273,0.15680643
house,049502,092,6069,1446,1.0
house,049510,091,5997,1279,1.0
house,049528,092,6182,1374,1.0
house,049536,091,18,6,0.00221402
house,049536,092,15883,2704,0.99778598
house,049544,092,9400,2013,1.0
house,049569,075,2394,608,0.39868852
house,049569,088,4266,917,0.60131148
house,049577,044,129,29,0.02083333
house,049577,088,3515,766,0.55028736
house,049577,089,2844,597,0.42887931
house,049593,090,4482,1000,1.0
house,049601,090,3510,706,1.0
house,049619,090,4107,864,1.0
house,049627,090,7628,1777,1.0
house,049635,090,9382,2038,1.0
house,049643,090,6199,1079,1.0
house,049650,090,7564,1720,1.0
house,049668,090,8503,1836,1.0
house,049684,054,626,147,0.12940141
house,049684,088,4351,989,0.87059859
house,049700,088,4274,982,1.0
house,049718,088,1856,455,1.0
house,049726,088,3116,692,1.0
house,049759,085,5297,1339,1.0
house,049767,084,346,76,0.12991453
house,049767,085,1950,509,0.87008547
house,049775,085,2077,480,1.0
house,049783,084,12,0,0.0
house,049783,085,4058,1129,1.0
house,049791,085,4689,1181,1.0
house,049809,083,110,30,0.04310345
house,049809,084,59,6,0.00862069
house,049809,085,2436,660,0.94827586
house,049817,084,40,9,0.01750973
house,049817,085,1796,505,0.98249027
house,049833,049,588,192,0.07963501
house,049833,050,10164,1918,0.79552053
house,049833,051,1593,301,0.12484446
house,049841,050,124,32,0.01277955
house,049841,051,12043,2472,0.98722045
house,049858,049,33837,7123,0.82585507
house,049858,050,6698,1502,0.17414493
house,049866,048,20214,4872,0.99958966
house,049866,072,37,2,0.00041034
house,049874,048,18798,4014,0.99950199
house,049874,049,2,1,0.000249
house,049874,050,9,1,0.000249
house,049882,048,10668,2069,0.71740638
house,049882,050,4223,815,0.28259362
house,049890,050,5888,1250,0.48487199
house,049890,079,5894,1328,0.51512801
house,049908,032,1982,365,0.13931298
house,049908,050,11094,2246,0.85725191
house,049908,077,70,9,0.00343511
house,049916,049,85,23,0.02143523
house,049916,050,5136,1050,0.97856477
house,049916,079,1,0,0.0
house,049924,050,30454,6053,1.0
house,049932,048,25053,5091,0.53398364
house,049932,049,23602,4443,0.46601636
house,049940,050,3411,726,0.43086053
house,049940,051,3561,729,0.43264095
house,049940,079,1061,230,0.13649852
house,049957,050,5448,1187,0.59113546
house,049957,051,3710,807,0.40189243
house,049957,077,77,14,0.00697211
house,049973,031,12413,2443,0.718107
house,049973,033,2472,193,0.05673133
house,049973,034,4591,766,0.22516167
house,049981,031,13516,2928,0.66035183
house,049981,033,8436,1506,0.33964817
house,049999,031,411,123,0.06243655
house,049999,032,12212,1847,0.93756345
house,050005,032,8746,1746,1.0
house,050013,032,27492,6103,1.0
house,050021,031,2303,615,0.09390747
house,050021,034,23074,5934,0.90609253
house,050039,032,2799,639,0.72531215
house,050039,072,1345,242,0.27468785
house,050047,031,377,68,0.0115352
house,050047,035,32500,5827,0.9884648
house,050054,031,20028,4294,0.91361702
house,050054,033,1953,406,0.08638298
house,050062,032,18074,3326,0.98315105
house,050062,072,374,57,0.01684895
house,050070,035,27452,6245,1.0
house,050096,065,4396,1610,1.0
house,050112,064,5708,1605,1.0
house,050120,065,8447,1413,1.0
house,050138,064,9343,1820,1.0
house,050138,065,42,0,0.0
house,050153,064,22,5,0.00459982
house,050153,065,6839,1082,0.99540018
house,050161,064,22153,3825,1.0
house,050179,065,5957,1094,1.0
house,050187,064,247,84,0.03513174
house,050187,065,12417,2307,0.96486826
house,050195,065,11916,2180,1.0
house,050203,064,3332,582,1.0
house,050211,065,5065,921,1.0
house,050229,064,3810,811,0.99387255
house,050229,065,7,5,0.00612745
house,050237,064,3720,802,1.0
house,050245,064,8198,1318,1.0
house,050252,058,602,126,0.12765957
house,050252,064,4812,861,0.87234043
house,050278,051,9764,2964,0.81116585
house,050278,098,1828,690,0.18883415
house,050286,051,10188,2303,1.0
house,050294,051,4670,892,1.0
house,050302,051,10182,2092,1.0
house,050328,012,596,161,0.09247559
house,050328,086,6330,1580,0.90752441
house,050336,060,242,52,0.02634245
house,050336,061,62,15,0.00759878
house,050336,086,7905,1907,0.96605876
house,050351,082,4632,1125,1.0
house,050369,082,4321,1108,1.0
house,050393,092,12715,2787,0.99820917
house,050393,093,31,5,0.00179083
house,050419,037,1290,296,0.13051146
house,050419,040,42,8,0.00352734
house,050419,055,8926,1964,0.8659612
house,050427,037,902,295,0.03044376
house,050427,055,33903,9351,0.96501548
house,050427,056,149,44,0.00454076
house,050435,055,2566,774,0.10326885
house,050435,056,27621,6721,0.89673115
house,050443,055,35593,9069,0.97046549
house,050443,056,981,264,0.0282504
house,050443,062,48,12,0.00128411
house,050450,045,868,189,0.01298166
house,050450,056,53673,14370,0.98701834
house,050468,055,9235,2156,0.9862763
house,050468,070,112,30,0.0137237
house,050484,094,5245,1176,0.87305122
house,050484,095,686,171,0.12694878
house,050492,094,4679,928,1.0
house,050500,094,14186,2995,0.99041005
house,050500,095,93,29,0.00958995
house,050518,094,3397,808,1.0
house,050534,077,9068,1813,1.0
house,050542,077,7644,2144,1.0
house,050559,077,7001,1650,1.0
house,050567,066,129,27,0.01378254
house,050567,077,8038,1932,0.98621746
house,050575,067,464,148,0.07411117
house,050575,077,7462,1849,0.92588883
house,050583,077,15665,5704,0.85851896
house,050583,098,2969,940,0.14148104
house,050591,077,13273,2952,0.98762128
house,050591,098,142,37,0.01237872
house,050617,081,3800,851,1.0
house,050625,081,3221,773,1.0
house,050633,081,3589,787,1.0
house,050641,081,4094,952,1.0
house,050658,081,3494,681,1.0
house,050674,075,8774,1977,1.0
house,050682,075,6061,1530,0.98329049
house,050682,083,92,26,0.01670951
house,050690,044,527,70,0.02952341
house,050690,075,11105,2301,0.97047659
house,050708,075,4161,995,0.99103586
house,050708,083,26,9,0.00896414
house,050716,044,5114,1093,1.0
house,050724,044,1211,250,0.11101243
house,050724,075,8269,1934,0.85879218
house,050724,081,298,68,0.03019538
house,050740,087,2815,627,0.53452685
house,050740,088,2988,546,0.46547315
house,061903,090,22770,5475,0.97229622
house,061903,091,666,156,0.02770378
house,064964,040,459,130,0.74285714
house,064964,047,188,45,0.25714286
house,065680,093,15124,3739,1.0
house,069682,095,7369,1742,0.99942628
house,069682,097,12,1,0.00057372
house,091397,040,5522,1198,0.98277276
house,091397,080,60,21,0.01722724
house,139303,046,15671,4333,0.99380734
house,139303,056,118,27,0.00619266
senate,000442,014,4586,1071,1.0
senate,043489,027,100,24,0.00060997
senate,043489,028,181031,39322,0.99939003
senate,043497,029,20226,4180,0.96025729
senate,043497,033,798,173,0.03974271
senate,043505,022,25315,5276,1.0
senate,043513,032,26836,5803,1.0
senate,043521,030,34433,3981,1.0
senate,043539,027,24726,5123,0.99844085
senate,043539,028,63,8,0.00155915
senate,043547,023,16163,3936,1.0
senate,043554,021,14034,2892,1.0
senate,043562,018,5605,663,0.13017868
senate,043562,021,24151,4430,0.86982132
senate,043570,030,9276,1769,1.0
senate,043588,012,16152,3899,1.0
senate,043596,002,4993,1203,0.39860835
senate,043596,013,119,21,0.00695825
senate,043596,026,8085,1794,0.5944334
senate,043604,030,8969,1738,1.0
senate,043612,024,53457,9111,1.0
senate,043620,015,13928,3669,1.0
senate,043638,001,14,8,0.00151172
senate,043638,002,36052,5284,0.99848828
senate,043646,018,13635,2869,0.49439945
senate,043646,024,13856,2934,0.50560055
senate,043653,024,11359,2029,1.0
senate,043661,022,48001,10429,1.0
senate,043679,001,13377,2929,1.0
senate,043687,026,10285,2164,1.0
senate,043695,030,272,42,0.01323251
senate,043695,031,14799,3132,0.98676749
senate,043703,033,7825,1748,1.0
senate,043711,029,60596,14811,1.0
senate,043729,012,18881,4169,1.0
senate,043737,006,61382,12523,1.0
senate,043745,017,23234,4917,1.0
senate,043752,007,639,109,0.0015277
senate,043752,008,27002,5568,0.07803894
senate,043752,009,315677,65672,0.92043336
senate,043760,003,15224,3351,1.0
senate,043778,031,11834,2909,1.0
senate,043786,018,9408,1589,0.01976417
senate,043786,021,74563,16298,0.20271649
senate,043786,023,235104,49704,0.61822433
senate,043786,024,55482,12807,0.15929501
senate,043794,021,57703,12188,0.99991796
senate,043794,023,9,1,8.204e-05
senate,043802,003,55833,11860,0.105501
senate,043802,015,292394,65052,0.57867208
senate,043802,016,55960,6913,0.06149481
senate,043802,025,167333,28591,0.25433212
senate,043810,032,13950,2583,1.0
senate,043828,019,11255,2649,1.0
senate,043836,027,38286,6974,0.94192328
senate,043836,028,2516,430,0.05807672
senate,043844,005,14425,2809,0.08730381
senate,043844,006,133519,29366,0.91269619
senate,043851,007,11381,2002,0.96621622
senate,043851,008,352,70,0.03378378
senate,043869,001,16711,3853,1.0
senate,043877,019,38475,8926,1.0
senate,043885,001,4207,992,0.44226482
senate,043885,012,5696,1251,0.55773518
senate,043893,031,17426,3782,1.0
senate,043901,021,16884,3436,1.0
senate,043919,033,15084,3308,1.0
senate,043927,033,8030,1715,1.0
senate,043935,005,14085,3132,1.0
senate,043943,013,50616,10701,1.0
senate,043950,018,18,3,0.00027652
senate,043950,021,49692,10846,0.99972348
senate,043968,006,2221,521,0.06469639
senate,043968,010,39414,7532,0.93530361
senate,043976,023,16896,3243,1.0
senate,043984,001,40497,8303,1.0
senate,043992,001,2439,532,0.15861658
senate,043992,002,2092,393,0.11717352
senate,043992,026,9429,2429,0.7242099
senate,044008,007,20583,4544,1.0
senate,044016,026,28689,6325,1.0
senate,044024,022,324,90,0.03182461
senate,044024,026,12971,2738,0.96817539
senate,044032,017,13992,3026,1.0
senate,044040,021,27577,6606,1.0
senate,044057,032,15896,3128,1.0
senate,044065,032,10679,2172,1.0
senate,044073,025,8719,1585,1.0
senate,044081,007,19377,4920,0.74568051
senate,044081,008,8630,1678,0.25431949
senate,044099,005,1785,342,0.07454228
senate,044099,012,20049,4246,0.92545772
senate,044107,004,63245,14939,1.0
senate,044115,020,10346,2275,1.0
senate,044123,017,16397,3648,1.0
senate,044131,002,10548,1946,1.0
senate,044149,017,10358,2164,1.0
senate,044156,017,15764,3607,1.0
senate,044164,027,33725,4385,1.0
senate,044172,001,11417,2754,0.99710355
senate,044172,026,41,8,0.00289645
senate,044180,006,58146,12046,1.0
senate,044198,023,50852,7798,1.0
senate,044206,020,49114,10414,1.0
senate,044214,007,40917,9064,1.0
senate,044222,012,28122,7208,1.0
senate,044230,008,3514,804,0.81294237
senate,044230,009,823,185,0.18705763
senate,044248,017,23702,5240,1.0
senate,044255,003,14421,3253,1.0
senate,044263,013,54264,13543,1.0
senate,044271,007,15059,3942,0.54014799
senate,044271,014,12712,3356,0.45985201
senate,044289,008,9389,2602,1.0
senate,044297,022,33456,7497,1.0
senate,044305,021,23701,5736,1.0
senate,044313,008,2355,757,0.31846866
senate,044313,009,6389,1620,0.68153134
senate,044321,030,22959,4193,1.0
senate,044339,026,29051,7241,1.0
senate,044347,030,9435,2023,1.0
senate,044354,029,27806,6014,0.97471637
senate,044354,031,792,156,0.02528363
senate,044362,011,17422,3618,1.0
senate,044370,018,34697,6501,1.0
senate,044388,022,46595,10414,1.0
senate,044396,005,20194,4516,0.52861992
senate,044396,006,19708,4027,0.47138008
senate,044404,004,48531,11334,0.9580727
senate,044404,007,2465,496,0.0419273
senate,044412,008,24905,6300,1.0
senate,044420,019,31421,6249,1.0
senate,044438,001,14361,3139,1.0
senate,044446,017,1178,250,0.16254876
senate,044446,030,6889,1288,0.83745124
senate,044453,020,50085,11008,1.0
senate,044461,014,2297,513,1.0
senate,044479,017,6685,1599,0.62145356
senate,044479,020,4006,974,0.37854644
senate,044487,031,22558,4742,1.0
senate,044495,032,18183,3425,1.0
senate,044503,029,30106,6161,1.0
senate,044511,008,10906,2725,1.0
senate,044529,024,32198,6008,1.0
senate,044537,013,35288,7585,1.0
senate,044545,024,37430,6984,1.0
senate,044552,027,11722,2440,0.84022039
senate,044552,028,2307,464,0.15977961
senate,044560,013,18856,4397,1.0
senate,044578,009,19043,3531,1.0
senate,044586,006,9547,2753,1.0
senate,044594,013,10938,1507,1.0
senate,044602,011,22934,4569,1.0
senate,044610,031,11040,2585,1.0
senate,044628,018,16774,4410,1.0
senate,044636,018,11720,1671,0.08281707
senate,044636,024,101981,18506,0.91718293
senate,044644,005,23760,5499,1.0
senate,044651,002,13203,2226,1.0
senate,044669,014,19720,4193,1.0
senate,044677,004,3637,1112,0.11679445
senate,044677,007,30173,6207,0.65192732
senate,044677,008,9891,2202,0.23127823
senate,044685,027,20292,3941,1.0
senate,044693,008,10751,2250,1.0
senate,044701,023,22150,4453,1.0
senate,044719,009,6157,1361,1.0
senate,044727,012,13409,3156,1.0
senate,044735,033,16593,3337,1.0
senate,044743,002,25060,5618,1.0
senate,044750,021,33188,7693,1.0
senate,044768,013,13474,2481,1.0
senate,044776,022,13114,3042,1.0
senate,044784,012,24714,5903,1.0
senate,044792,018,695,116,0.01788743
senate,044792,021,34364,6369,0.98211257
senate,044800,003,96029,23214,0.63556468
senate,044800,015,29,3,8.214e-05
senate,044800,025,51219,13308,0.36435318
senate,044818,010,54963,13206,1.0
senate,044826,030,15494,3224,1.0
senate,044834,027,373,68,0.00862835
senate,044834,028,39532,7813,0.99137165
senate,044842,013,507,123,0.0131214
senate,044842,024,46491,9251,0.9868786
senate,044859,033,11166,2267,1.0
senate,044867,007,36396,8828,0.99898155
senate,044867,008,20,9,0.00101845
senate,044875,002,50198,11537,0.92883021
senate,044875,011,4644,884,0.07116979
senate,044883,027,290,91,0.02451509
senate,044883,028,18145,3621,0.97548491
senate,044891,026,22399,4418,1.0
senate,044909,002,1181,281,0.00569518
senate,044909,011,214123,49059,0.99430482
senate,044917,030,5654,1132,1.0
senate,044925,005,31289,7276,1.0
senate,044933,016,141,46,0.00478867
senate,044933,025,36745,9560,0.99521133
senate,044941,012,14625,3160,1.0
senate,044958,005,24003,4855,0.97745118
senate,044958,006,507,112,0.02254882
senate,044966,001,14098,3220,1.0
senate,044974,022,28694,6547,1.0
senate,044982,012,19277,4470,1.0
senate,044990,032,34821,8255,1.0
senate,045005,021,15433,3478,1.0
senate,045013,017,13879,3243,1.0
senate,045021,017,8980,2167,1.0
senate,045039,033,4393,953,1.0
senate,045047,015,1020,411,0.01701229
senate,045047,016,31003,6716,0.27799164
senate,045047,019,24070,5589,0.23134236
senate,045047,025,44055,11443,0.47365371
senate,045054,006,28208,5555,1.0
senate,045062,023,34228,6180,1.0
senate,045070,015,20127,5416,1.0
senate,045088,018,12652,2385,1.0
senate,045096,013,10674,2525,1.0
senate,045104,018,66639,11615,1.0
senate,045112,010,20953,4504,1.0
senate,045120,031,29921,5636,1.0
senate,045138,016,61914,14980,0.92281156
senate,045138,025,4925,1253,0.07718844
senate,045146,008,8675,2588,1.0
senate,045153,007,21,6,0.00079491
senate,045153,010,36528,7542,0.99920509
senate,045161,033,62071,13485,1.0
senate,045179,031,26018,6072,1.0
senate,045187,001,7269,1266,1.0
senate,045195,013,25380,5282,1.0
senate,045203,030,7839,1811,1.0
senate,045211,001,157,19,0.01340861
senate,045211,012,6281,1398,0.98659139
senate,045229,005,1706,425,0.54557125
senate,045229,012,1447,354,0.45442875
senate,045237,030,6030,1085,1.0
senate,045245,030,12441,2645,1.0
senate,045245,033,11,0,0.0
senate,045252,030,8248,1232,1.0
senate,045260,026,5140,1217,1.0
senate,045278,033,15803,3385,1.0
senate,045286,018,5957,1284,0.53589316
senate,045286,027,5283,1076,0.4490818
senate,045286,032,213,36,0.01502504
senate,045294,017,7129,1537,1.0
senate,045302,026,12431,2784,1.0
senate,045310,012,6927,1937,1.0
senate,045328,033,8048,1443,1.0
senate,045336,005,4958,1186,1.0
senate,045344,022,395,88,0.07068273
senate,045344,026,4933,1157,0.92931727
senate,045351,017,1506,336,0.26687847
senate,045351,020,3691,923,0.73312153
senate,045369,018,3122,557,1.0
senate,045377,014,6686,1518,1.0
senate,045385,002,69,17,0.01523297
senate,045385,026,5096,1099,0.98476703
senate,045393,020,14524,3464,1.0
senate,045401,017,12347,3136,1.0
senate,045419,001,5281,1354,1.0
senate,045427,032,12969,2302,0.99913194
senate,045427,033,53,2,0.00086806
senate,045435,007,7179,1741,0.51877235
senate,045435,008,6504,1615,0.48122765
senate,045443,033,4417,970,1.0
senate,045450,033,5363,1049,1.0
senate,045468,019,1113,277,0.15965418
senate,045468,022,6794,1458,0.84034582
senate,045476,026,34636,8245,1.0
senate,045484,003,75,15,0.01296456
senate,045484,012,4726,1142,0.98703544
senate,045492,018,60694,11211,0.99884177
senate,045492,032,76,13,0.00115823
senate,045500,008,27,5,0.00046637
senate,045500,014,44631,10716,0.99953363
senate,045518,005,9499,2018,1.0
senate,045526,001,5569,1259,1.0
senate,045534,026,7902,1679,1.0
senate,045542,019,289,58,0.04312268
senate,045542,030,25,2,0.00148699
senate,045542,031,5887,1285,0.95539033
senate,045559,014,13517,3054,1.0
senate,045567,032,8504,1570,1.0
senate,045575,001,9764,2327,1.0
senate,045583,002,32778,8190,1.0
senate,045591,022,99,13,0.00855826
senate,045591,031,6796,1506,0.99144174
senate,045609,002,13571,2552,1.0
senate,045617,005,15296,3520,1.0
senate,045625,026,11376,2456,1.0
senate,045633,012,6553,1764,1.0
senate,045641,001,10457,2542,1.0
senate,045658,013,8568,1663,1.0
senate,045666,027,3457,730,1.0
senate,045674,010,4344,716,1.0
senate,045757,012,5908,1432,1.0
senate,045765,012,12101,2371,1.0
senate,045773,012,18876,4332,1.0
senate,045781,012,3660,824,1.0
senate,045799,012,17056,3821,1.0
senate,045807,001,512,120,0.09324009
senate,045807,012,4652,1167,0.90675991
senate,045823,022,6350,1407,0.93117141
senate,045823,031,373,104,0.06882859
senate,045831,013,57,5,0.00300842
senate,045831,022,6717,1657,0.99699158
senate,045856,032,10630,2129,1.0
senate,045864,032,10060,2983,1.0
senate,045872,032,11502,2538,1.0
senate,045880,032,8700,1998,1.0
senate,045906,017,35,11,0.00497288
senate,045906,030,10344,2201,0.99502712
senate,045914,030,7842,1623,1.0
senate,045922,030,4207,979,1.0
senate,045948,012,4611,1265,1.0
senate,045955,012,4578,1120,1.0
senate,045963,012,1936,488,1.0
senate,045971,001,52,7,0.01190476
senate,045971,012,2646,581,0.98809524
senate,045997,030,16111,2470,1.0
senate,046003,030,5051,892,1.0
senate,046011,030,8828,1978,1.0
senate,046037,014,8604,2050,1.0
senate,046037,017,31,0,0.0
senate,046045,010,21,8,0.00766284
senate,046045,014,4591,1036,0.99233716
senate,046060,014,17273,4088,1.0
senate,046078,014,6378,1227,1.0
senate,046094,004,2103,432,0.08381839
senate,046094,005,17703,4722,0.91618161
senate,046102,004,68279,15368,1.0
senate,046110,004,104217,27246,1.0
senate,046128,004,8009,1840,0.94698919
senate,046128,005,254,103,0.05301081
senate,046136,004,3886,862,1.0
senate,046144,004,16235,3959,1.0
senate,046151,004,33496,3907,0.81959304
senate,046151,005,3821,860,0.18040696
senate,046177,029,45,11,0.01160338
senate,046177,033,4812,937,0.98839662
senate,046193,012,11312,2595,1.0
senate,046201,012,5304,1253,0.94210526
senate,046201,026,328,77,0.05789474
senate,046219,012,5974,1423,1.0
senate,046235,010,12042,2488,1.0
senate,046243,005,205,47,0.01105102
senate,046243,010,18399,4206,0.98894898
senate,046250,010,22976,4439,0.98930243
senate,046250,012,191,48,0.01069757
senate,046268,010,10853,2342,0.99744463
senate,046268,012,42,6,0.00255537
senate,046276,010,4293,1000,1.0
senate,046284,010,12191,2576,1.0
senate,046300,014,14712,3796,1.0
senate,046318,014,9289,2130,1.0
senate,046326,014,12665,2612,1.0
senate,046334,014,4956,1138,1.0
senate,046342,007,685,144,0.03552924
senate,046342,014,15764,3909,0.96447076
senate,046359,014,72462,15411,1.0
senate,046367,014,6335,1316,1.0
senate,046383,007,228,49,0.0244511
senate,046383,010,6915,1595,0.79590818
senate,046383,014,1656,360,0.17964072
senate,046391,007,3131,700,0.30276817
senate,046391,010,7023,1612,0.69723183
senate,046409,010,6642,1531,0.85150167
senate,046409,017,1178,267,0.14849833
senate,046425,033,15158,2362,1.0
senate,046433,033,5791,1310,1.0
senate,046441,030,50,12,0.01071429
senate,046441,033,5234,1108,0.98928571
senate,046458,033,7116,1469,1.0
senate,046474,019,8563,2029,0.96298054
senate,046474,031,358,78,0.03701946
senate,046482,019,13858,3244,0.93784331
senate,046482,020,881,215,0.06215669
senate,046508,013,12,3,0.00277008
senate,046508,022,17,10,0.00923361
senate,046508,026,5006,1070,0.98799631
senate,046516,026,5475,1044,1.0
senate,046524,026,6196,1381,1.0
senate,046557,018,3989,769,1.0
senate,046565,018,7584,1611,1.0
senate,046573,013,681,166,0.03254902
senate,046573,024,23022,4934,0.96745098
senate,046581,018,10560,2431,0.73178808
senate,046581,021,4058,871,0.26219145
senate,046581,032,136,20,0.00602047
senate,046599,018,10088,1604,1.0
senate,046607,018,24835,6092,1.0
senate,046623,012,3350,898,1.0
senate,046631,005,6050,1467,1.0
senate,046649,005,3352,832,0.98695136
senate,046649,012,16,11,0.01304864
senate,046672,012,3898,943,1.0
senate,046680,005,4130,1024,0.99707887
senate,046680,012,7,3,0.00292113
senate,046706,001,4006,878,1.0
senate,046714,001,6021,1485,1.0
senate,046722,001,6281,1293,1.0
senate,046748,019,23045,6078,1.0
senate,046755,019,16122,3522,0.90307692
senate,046755,026,1593,378,0.09692308
senate,046763,016,65,14,0.00045998
senate,046763,019,102938,30422,0.99954002
senate,046789,002,7196,1460,0.73774634
senate,046789,013,2053,519,0.26225366
senate,046797,002,256,16,1.0
senate,046805,002,6069,1158,0.77718121
senate,046805,026,1511,332,0.22281879
senate,046813,002,13878,2684,1.0
senate,046821,002,9626,1673,0.65892083
senate,046821,013,4846,866,0.34107917
senate,046847,020,8608,2169,1.0
senate,046854,017,77,11,0.00953206
senate,046854,020,5026,1143,0.99046794
senate,046862,020,12275,3081,1.0
senate,046870,020,10542,2650,1.0
senate,046888,020,7627,1718,1.0
senate,046896,003,738,261,0.01684414
senate,046896,020,55071,15234,0.98315586
senate,046904,020,4258,769,1.0
senate,046920,003,810,195,0.05406155
senate,046920,010,6,1,0.00027724
senate,046920,017,14673,3411,0.94566121
senate,046946,003,16891,4758,0.82446716
senate,046946,020,4541,1013,0.17553284
senate,046953,003,14878,3988,1.0
senate,046961,015,5920,1750,0.14405663
senate,046961,016,43877,10375,0.85405005
senate,046961,025,168,23,0.00189332
senate,046979,003,40676,9746,0.79416558
senate,046979,015,8510,2526,0.20583442
senate,046995,016,19509,5805,0.82751247
senate,046995,020,6,1,0.00014255
senate,046995,025,4383,1209,0.17234498
senate,047001,003,30898,7654,0.71127219
senate,047001,015,2465,638,0.05928817
senate,047001,020,9822,2469,0.22943964
senate,047019,003,3742,1167,0.0467286
senate,047019,016,58896,14288,0.572115
senate,047019,025,35667,9519,0.3811564
senate,047027,016,75849,18151,0.76647946
senate,047027,019,8131,2177,0.09193024
senate,047027,025,505,60,0.00253368
senate,047027,026,9675,3293,0.13905663
senate,047043,001,7350,1766,1.0
senate,047050,001,5790,1429,0.77917121
senate,047050,002,1977,405,0.22082879
senate,047068,001,2510,564,1.0
senate,047076,001,2067,497,1.0
senate,047084,001,8095,1978,1.0
senate,047092,001,6327,1318,0.69809322
senate,047092,002,2774,570,0.30190678
senate,047167,032,13255,3006,1.0
senate,047175,032,15624,5124,1.0
senate,047183,018,31,5,0.00113662
senate,047183,032,21520,4394,0.99886338
senate,047191,027,18156,3981,1.0
senate,047225,032,15882,2970,1.0
senate,047241,006,1759,437,0.0337556
senate,047241,010,55816,12509,0.9662444
senate,047258,010,6628,903,1.0
senate,047266,010,8184,1901,0.99842437
senate,047266,017,11,3,0.00157563
senate,047274,007,17,0,0.0
senate,047274,010,17284,4285,1.0
senate,047308,030,2833,553,0.23632479
senate,047308,031,8443,1787,0.76367521
senate,047332,008,10769,2274,1.0
senate,047340,008,46790,12025,0.99975058
senate,047340,009,20,3,0.00024942
senate,047365,004,86,13,0.00078635
senate,047365,007,5603,1279,0.07736511
senate,047365,008,69868,15238,0.92172756
senate,047365,009,15,2,0.00012098
senate,047373,008,65148,14766,1.0
senate,047381,004,486,96,0.013907
senate,047381,008,26687,6807,0.986093
senate,047399,008,16050,3769,1.0
senate,047415,001,2968,583,1.0
senate,047423,001,3512,943,1.0
senate,047431,001,4026,1043,1.0
senate,047449,001,7136,1801,1.0
senate,047456,001,3117,845,0.81563707
senate,047456,002,642,191,0.18436293
senate,047464,001,7202,1485,1.0
senate,047472,001,1379,312,0.82105263
senate,047472,026,237,68,0.17894737
senate,047498,001,2729,595,1.0
senate,047506,001,3469,1037,1.0
senate,047514,001,4173,1033,0.73891273
senate,047514,026,1433,365,0.26108727
senate,047522,001,4009,902,0.99889258
senate,047522,012,7,1,0.00110742
senate,047548,030,1375,285,0.48060708
senate,047548,033,1740,308,0.51939292
senate,047571,001,2398,590,1.0
senate,047589,001,5551,1341,1.0
senate,047597,001,5178,1272,0.99065421
senate,047597,002,49,12,0.00934579
senate,047613,014,111,31,0.02622673
senate,047613,017,4833,1151,0.97377327
senate,047621,017,4958,1324,1.0
senate,047639,010,398,91,0.05928339
senate,047639,014,8,3,0.0019544
senate,047639,017,6006,1441,0.93876221
senate,047688,019,22256,7887,0.99307479
senate,047688,031,132,55,0.00692521
senate,047696,019,18230,4739,0.9759061
senate,047696,022,83,13,0.0026771
senate,047696,031,334,104,0.0214168
senate,047712,002,246,35,0.03950339
senate,047712,013,3672,851,0.96049661
senate,047720,013,5947,1298,0.99846154
senate,047720,022,6,2,0.00153846
senate,047738,013,4764,1308,0.97032641
senate,047738,022,112,40,0.02967359
senate,047746,002,2774,643,0.44162088
senate,047746,013,3856,813,0.55837912
senate,047761,017,7345,1831,1.0
senate,047787,030,13554,2552,1.0
senate,047795,030,13470,2582,0.97765998
senate,047795,033,295,59,0.02234002
senate,047803,030,18543,3462,1.0
senate,047829,019,6420,1575,0.97462871
senate,047829,020,166,41,0.02537129
senate,047837,019,4020,1244,1.0
senate,047845,019,9610,2383,0.96166263
senate,047845,020,349,95,0.03833737
senate,047852,019,7749,1991,0.99899649
senate,047852,026,2,2,0.00100351
senate,047878,018,7918,1651,0.99517782
senate,047878,032,52,8,0.00482218
senate,047886,018,18492,3854,0.99689602
senate,047886,032,60,12,0.00310398
senate,047894,018,37419,7625,0.99660175
senate,047894,032,153,26,0.00339825
senate,047902,018,8862,1979,1.0
senate,047928,017,5898,1347,1.0
senate,047936,017,10480,2168,1.0
senate,047944,017,8568,2012,1.0
senate,047951,017,11970,2537,1.0
senate,047969,017,4185,964,1.0
senate,047985,019,105,34,0.01344405
senate,047985,020,10596,2495,0.98655595
senate,047993,020,14207,2726,1.0
senate,048009,003,190,50,0.00614779
senate,048009,015,6297,2024,0.24886266
senate,048009,016,12117,3493,0.42948481
senate,048009,020,10544,2566,0.31550473
senate,048017,020,10661,2670,0.99813084
senate,048017,031,15,5,0.00186916
senate,048025,019,2269,567,0.2264377
senate,048025,020,8726,1937,0.7735623
senate,048033,019,553,145,0.07770632
senate,048033,020,8238,1721,0.92229368
senate,048041,020,28379,7133,1.0
senate,048074,001,5592,1375,0.53564472
senate,048074,012,5435,1157,0.45072069
senate,048074,026,138,35,0.01363459
senate,048082,001,10548,1932,0.89944134
senate,048082,012,1002,216,0.10055866
senate,048090,012,3697,905,1.0
senate,048116,013,24847,7050,1.0
senate,048124,013,24824,5801,1.0
senate,048132,013,6181,1403,1.0
senate,048140,013,6667,1161,1.0
senate,048157,002,2260,401,0.1858202
senate,048157,013,9209,1757,0.8141798
senate,048165,013,11390,2323,1.0
senate,048173,013,23668,3998,1.0
senate,048207,002,31836,7196,0.98561841
senate,048207,011,434,105,0.01438159
senate,048215,011,4972,1385,1.0
senate,048223,002,108,29,0.00465639
senate,048223,011,30416,6199,0.99534361
senate,048231,011,47681,10480,1.0
senate,048256,003,7105,1570,1.0
senate,048264,003,8599,2253,0.68417856
senate,048264,016,42,11,0.00334042
senate,048264,026,3748,1029,0.31248102
senate,048272,003,13239,1979,0.99297541
senate,048272,017,64,14,0.00702459
senate,048298,033,35446,6315,1.0
senate,048306,033,36493,6741,1.0
senate,048314,033,19465,3960,1.0
senate,048322,032,133,29,0.0270775
senate,048322,033,5840,1042,0.9729225
senate,048330,033,1895,354,1.0
senate,048348,033,15060,2869,1.0
senate,048355,033,4172,739,1.0
senate,048363,033,7110,1427,1.0
senate,048371,033,8210,1392,1.0
senate,048389,027,83,2,0.00080483
senate,048389,033,12259,2483,0.99919517
senate,048397,033,3903,682,1.0
senate,048413,001,144,62,0.04332635
senate,048413,019,147,34,0.02375961
senate,048413,026,6537,1335,0.93291405
senate,048421,026,8663,1724,1.0
senate,048439,026,4517,955,1.0
senate,048447,026,16825,2525,1.0
senate,048462,013,1361,250,0.09796238
senate,048462,022,8686,2302,0.90203762
senate,048470,013,10,1,0.00031387
senate,048470,022,15384,3185,0.99968613
senate,048488,022,19687,3688,1.0
senate,048496,022,19779,4837,0.9819326
senate,048496,027,314,89,0.0180674
senate,048512,030,5018,1063,1.0
senate,048520,030,11326,2431,1.0
senate,048538,030,4646,955,1.0
senate,048553,012,4045,1270,1.0
senate,048579,001,1021,273,0.18458418
senate,048579,012,4905,1206,0.81541582
senate,048587,012,4768,1356,1.0
senate,048595,012,4113,1225,1.0
senate,048611,005,10185,2580,1.0
senate,048629,005,8455,1955,0.99846782
senate,048629,012,15,3,0.00153218
senate,048637,005,3349,831,1.0
senate,048652,030,16400,3135,1.0
senate,048678,005,9696,2126,0.99671824
senate,048678,006,52,7,0.00328176
senate,048686,006,5568,1012,1.0
senate,048694,005,544,155,0.03327608
senate,048694,006,19179,4503,0.96672392
senate,048702,005,2,0,0.0
senate,048702,006,21227,4979,1.0
senate,048710,005,6267,1399,0.92710404
senate,048710,006,519,110,0.07289596
senate,048728,005,34543,7282,0.99726102
senate,048728,006,82,20,0.00273898
senate,048736,005,7389,1807,0.75103907
senate,048736,006,2533,599,0.24896093
senate,048744,005,10951,2645,0.99473486
senate,048744,006,24,14,0.00526514
senate,048751,005,37786,8686,0.8803081
senate,048751,006,4686,1181,0.1196919
senate,048777,030,12978,2642,1.0
senate,048793,026,6484,1516,1.0
senate,048801,019,325,59,0.0243701
senate,048801,026,10102,2362,0.9756299
senate,048819,022,343,99,0.0514553
senate,048819,026,7563,1825,0.9485447
senate,048835,031,13037,2862,1.0
senate,048843,020,1418,376,0.1298791
senate,048843,031,11129,2519,0.8701209
senate,048850,031,10344,2232,1.0
senate,048876,019,563,160,0.03701133
senate,048876,031,16886,4163,0.96298867
senate,048884,020,920,171,0.06261443
senate,048884,031,13113,2560,0.93738557
senate,048900,030,6075,1581,1.0
senate,048926,002,9963,2077,1.0
senate,048934,002,4943,600,1.0
senate,048942,002,8427,1790,1.0
senate,048975,002,677,77,1.0
senate,048991,001,3832,938,1.0
senate,049031,001,5331,1306,1.0
senate,049056,020,14408,3402,1.0
senate,049064,017,4373,1012,1.0
senate,049080,003,9218,1885,0.70731707
senate,049080,017,3726,780,0.29268293
senate,049098,003,24873,5847,0.97158524
senate,049098,020,739,171,0.02841476
senate,049106,003,8280,1850,1.0
senate,049122,014,550,130,0.10869565
senate,049122,017,4287,1066,0.89130435
senate,049130,014,66,24,0.01232033
senate,049130,017,8180,1924,0.98767967
senate,049148,017,11140,2549,1.0
senate,049155,017,4284,1134,1.0
senate,049171,027,17955,3943,1.0
senate,049189,027,13650,2373,1.0
senate,049197,027,17494,3276,1.0
senate,049205,027,8699,1878,1.0
senate,049213,027,8699,1763,1.0
senate,049221,027,11127,2273,1.0
senate,049239,027,17069,3299,1.0
senate,049247,027,7937,1664,1.0
senate,049270,005,6665,1488,1.0
senate,049288,005,8959,2053,1.0
senate,049296,005,5491,1264,1.0
senate,049312,001,4631,1204,0.9039039
senate,049312,012,489,128,0.0960961
senate,049320,001,3369,813,1.0
senate,049338,001,1934,478,1.0
senate,049346,001,3444,836,1.0
senate,049353,001,3670,949,1.0
senate,049361,001,2046,586,1.0
senate,049379,001,9180,2376,1.0
senate,049387,001,2651,628,1.0
senate,049395,001,3463,877,0.99659091
senate,049395,012,39,3,0.00340909
senate,049411,019,910,323,0.12347095
senate,049411,022,9842,2293,0.87652905
senate,049429,022,7324,2108,1.0
senate,049437,022,16052,3501,0.93986577
senate,049437,026,1023,224,0.06013423
senate,049445,022,3420,731,1.0
senate,049452,022,27167,4691,1.0
senate,049460,013,890,214,0.15643275
senate,049460,022,4124,1144,0.83625731
senate,049460,026,47,10,0.00730994
senate,049478,022,11380,2377,1.0
senate,049494,003,73,15,0.00861574
senate,049494,017,6948,1726,0.99138426
senate,049502,017,6069,1446,1.0
senate,049510,017,5997,1279,1.0
senate,049528,017,6182,1374,1.0
senate,049536,017,15901,2710,1.0
senate,049544,017,9400,2013,1.0
senate,049569,002,2394,608,0.39868852
senate,049569,026,4266,917,0.60131148
senate,049577,002,2973,626,0.44971264
senate,049577,026,3515,766,0.55028736
senate,049593,014,4482,1000,1.0
senate,049601,014,3510,706,1.0
senate,049619,014,4107,864,1.0
senate,049627,014,7628,1777,1.0
senate,049635,014,9382,2038,1.0
senate,049643,014,6199,1079,1.0
senate,049650,014,7564,1720,1.0
senate,049668,014,8503,1836,1.0
senate,049684,013,626,147,0.12940141
senate,049684,026,4351,989,0.87059859
senate,049700,026,4274,982,1.0
senate,049718,026,1856,455,1.0
senate,049726,026,3116,692,1.0
senate,049759,012,5297,1339,1.0
senate,049767,012,2296,585,1.0
senate,049775,012,2077,480,1.0
senate,049783,012,4070,1129,1.0
senate,049791,012,4689,1181,1.0
senate,049809,001,110,30,0.04310345
senate,049809,012,2495,666,0.95689655
senate,049817,012,1836,514,1.0
senate,049833,029,10752,2110,0.87515554
senate,049833,031,1593,301,0.12484446
senate,049841,029,124,32,0.01277955
senate,049841,031,12043,2472,0.98722045
senate,049858,029,40535,8625,1.0
senate,049866,027,37,2,0.00041034
senate,049866,029,20214,4872,0.99958966
senate,049874,029,18809,4016,1.0
senate,049882,029,14891,2884,1.0
senate,049890,029,5888,1250,0.48487199
senate,049890,033,5894,1328,0.51512801
senate,049908,028,1982,365,0.13931298
senate,049908,029,11094,2246,0.85725191
senate,049908,031,70,9,0.00343511
senate,049916,029,5221,1073,1.0
senate,049916,033,1,0,0.0
senate,049924,029,30454,6053,1.0
senate,049932,029,48655,9534,1.0
senate,049940,029,3411,726,0.43086053
senate,049940,031,3561,729,0.43264095
senate,049940,033,1061,230,0.13649852
senate,049957,029,5448,1187,0.59113546
senate,049957,031,3787,821,0.40886454
senate,049973,027,12413,2443,0.718107
senate,049973,028,7063,959,0.281893
senate,049981,027,13516,2928,0.66035183
senate,049981,028,8436,1506,0.33964817
senate,049999,027,411,123,0.06243655
senate,049999,028,12212,1847,0.93756345
senate,050005,028,8746,1746,1.0
senate,050013,028,27492,6103,1.0
senate,050021,027,2303,615,0.09390747
senate,050021,028,23074,5934,0.90609253
senate,050039,027,1345,242,0.27468785
senate,050039,028,2799,639,0.72531215
senate,050047,027,32877,5895,1.0
senate,050054,027,20028,4294,0.91361702
senate,050054,028,1953,406,0.08638298
senate,050062,027,374,57,0.01684895
senate,050062,028,18074,3326,0.98315105
senate,050070,027,27452,6245,1.0
senate,050096,032,4396,1610,1.0
senate,050112,032,5708,1605,1.0
senate,050120,032,8447,1413,1.0
senate,050138,032,9385,1820,1.0
senate,050153,032,6861,1087,1.0
senate,050161,032,22153,3825,1.0
senate,050179,032,5957,1094,1.0
senate,050187,032,12664,2391,1.0
senate,050195,032,11916,2180,1.0
senate,050203,032,3332,582,1.0
senate,050211,032,5065,921,1.0
senate,050229,032,3817,816,1.0
senate,050237,032,3720,802,1.0
senate,050245,032,8198,1318,1.0
senate,050252,032,4812,861,0.87234043
senate,050252,033,602,126,0.12765957
senate,050278,019,1828,690,0.18883415
senate,050278,031,9764,2964,0.81116585
senate,050286,031,10188,2303,1.0
senate,050294,031,4670,892,1.0
senate,050302,031,10182,2092,1.0
senate,050328,003,596,161,0.09247559
senate,050328,026,6330,1580,0.90752441
senate,050336,019,304,67,0.03394124
senate,050336,026,7905,1907,0.96605876
senate,050351,001,4632,1125,1.0
senate,050369,001,4321,1108,1.0
senate,050393,017,12746,2792,1.0
senate,050419,005,42,8,0.00352734
senate,050419,006,1290,296,0.13051146
senate,050419,007,8926,1964,0.8659612
senate,050427,006,902,295,0.03044376
senate,050427,007,34052,9395,0.96955624
senate,050435,007,30187,7495,1.0
senate,050443,007,36574,9333,0.99871589
senate,050443,014,48,12,0.00128411
senate,050450,004,868,189,0.01298166
senate,050450,007,53673,14370,0.98701834
senate,050468,007,9235,2156,0.9862763
senate,050468,010,112,30,0.0137237
senate,050484,030,5931,1347,1.0
senate,050492,030,4679,928,1.0
senate,050500,030,14279,3024,1.0
senate,050518,030,3397,808,1.0
senate,050534,031,9068,1813,1.0
senate,050542,031,7644,2144,1.0
senate,050559,031,7001,1650,1.0
senate,050567,022,129,27,0.01378254
senate,050567,031,8038,1932,0.98621746
senate,050575,022,464,148,0.07411117
senate,050575,031,7462,1849,0.92588883
senate,050583,019,2969,940,0.14148104
senate,050583,031,15665,5704,0.85851896
senate,050591,019,142,37,0.01237872
senate,050591,031,13273,2952,0.98762128
senate,050617,001,3800,851,1.0
senate,050625,001,3221,773,1.0
senate,050633,001,3589,787,1.0
senate,050641,001,4094,952,1.0
senate,050658,001,3494,681,1.0
senate,050674,002,8774,1977,1.0
senate,050682,001,92,26,0.01670951
senate,050682,002,6061,1530,0.98329049
senate,050690,002,11632,2371,1.0
senate,050708,001,26,9,0.00896414
senate,050708,002,4161,995,0.99103586
senate,050716,002,5114,1093,1.0
senate,050724,001,298,68,0.03019538
senate,050724,002,9480,2184,0.96980462
senate,050740,026,5803,1173,1.0
senate,061903,014,22770,5475,0.97229622
senate,061903,017,666,156,0.02770378
senate,064964,004,188,45,0.25714286
senate,064964,005,459,130,0.74285714
senate,065680,017,15124,3739,1.0
senate,069682,030,7369,1742,0.99942628
senate,069682,031,12,1,0.00057372
senate,091397,005,5582,1219,1.0
senate,139303,004,15671,4333,0.99380734
senate,139303,007,118,27,0.00619266
