school_year,fiscal_year,basis,source,buildings,k12_floor,k12_ceiling,k12_censored,race_floor,race_ceiling,race_censored,out_of_state_floor,out_of_state_ceiling,out_of_state_censored,published_in_state,published_out_of_state,published_total
1977-78,1978,wide-grade-and-race,nonpublic-1977-1978,788,243489,266736,2583,260867,270209,1038,,,,,,
1978-79,1979,wide-grade-and-race,nonpublic-1977-1978,789,243530,265706,2464,259189,269332,1127,,,,,,
1979-80,1980,wide-grade-and-race,nonpublic-1979-1988,769,234239,257090,2539,250216,260296,1120,,,,,,
1980-81,1981,wide-grade-and-race,nonpublic-1979-1988,774,236301,259278,2553,252141,262230,1121,,,,,,
1981-82,1982,wide-grade-and-race,nonpublic-1979-1988,767,231865,255391,2614,248458,258817,1151,,,,,,
1982-83,1983,wide-grade-and-race,nonpublic-1979-1988,798,228747,254298,2839,246405,257367,1218,,,,,,
1983-84,1984,wide-grade-and-race,nonpublic-1979-1988,799,226358,256616,3362,241332,252573,1249,,,,,,
1984-85,1985,wide-grade-and-race,nonpublic-1979-1988,820,221924,254963,3671,238464,249948,1276,,,,,,
1985-86,1986,wide-grade-and-race,nonpublic-1979-1988,811,216542,250085,3727,232729,243997,1252,,,,,,
1986-87,1987,wide-grade-and-race,nonpublic-1979-1988,800,208446,242754,3812,225518,236894,1264,,,,,,
1987-88,1988,wide-grade-and-race,nonpublic-1979-1988,829,206271,243657,4154,224503,236185,1298,,,,,,
1988-89,1989,wide-grade-and-race,nonpublic-1979-1988,826,203502,240474,4108,221714,233144,1270,,,,,,
1989-90,1990,wide-grade-and-race,nonpublic-1989-1998,823,200521,237106,4065,218594,230285,1299,,,,,,
1990-91,1991,wide-grade-and-race,nonpublic-1989-1998,838,200409,238479,4230,219294,231435,1349,,,,,,
1991-92,1992,wide-grade-and-race,nonpublic-1989-1998,848,202980,240546,4174,221529,233580,1339,,,,,,
1992-93,1993,wide-grade-and-race,nonpublic-1989-1998,823,204376,241132,4084,220833,232749,1324,,,,,,
1993-94,1994,wide-grade-and-race,nonpublic-1989-1998,843,206617,244012,4155,224849,236936,1343,,,,,,
1994-95,1995,wide-grade-and-race,nonpublic-1989-1998,867,212232,249222,4110,230134,242896,1418,,,,,,
1995-96,1996,wide-grade-and-race,nonpublic-1989-1998,878,215229,252957,4192,231426,243324,1322,,,,,,
1996-97,1997,wide-grade-and-race,nonpublic-1989-1998,880,218542,257188,4294,235146,247512,1374,,,,,,
1997-98,1998,wide-grade-and-race,nonpublic-1989-1998,892,219631,259321,4410,236206,248446,1360,,,,,,
1998-99,1999,wide-grade-and-race,nonpublic-1989-1998,900,218799,259497,4522,235369,247663,1366,,,,,,
1999-00,2000,wide-grade-and-race,nonpublic-1999-2007,910,217950,260241,4699,234343,246664,1369,,,,,,
2000-01,2001,wide-grade-and-race,nonpublic-1999-2007,943,215672,261752,5120,234042,246426,1376,,,,,,
2001-02,2002,wide-grade-and-race,nonpublic-1999-2007,959,211064,259340,5364,229889,242840,1439,,,,,,
2002-03,2003,wide-grade-and-race,nonpublic-1999-2007,950,203155,253348,5577,,,,,,,,,
2003-04,2004,wide-grade-and-race,nonpublic-1999-2007,923,193668,244590,5658,,,,,,,,,
2004-05,2005,wide-grade-and-race,nonpublic-1999-2007,897,184663,235081,5602,,,,,,,,,
2005-06,2006,wide-grade-and-race,nonpublic-1999-2007,879,179128,228844,5524,,,,,,,,,
2006-07,2007,wide-grade-and-race,nonpublic-1999-2007,855,176811,225384,5397,,,,,,,,,
2007-08,2008,by-grade-and-sex,nonpublic-1999-2007,833,173716,221011,5255,,,,374,5891,613,,,
2008-09,2009,by-grade-and-sex,nonpublic-2008,798,168562,215110,5172,,,,312,5694,598,,,
2009-10,2010,building-adm,nonpublic-2009,787,187994,187994,0,,,,,,,187994,,
2010-11,2011,by-grade-and-sex,nonpublic-2010,756,156920,200300,4820,,,,382,5665,587,,,
2011-12,2012,by-grade-and-sex,nonpublic-2011,747,153867,197643,4864,,,,329,5864,615,,,
2012-13,2013,by-grade-and-sex,nonpublic-2012,742,150684,195477,4977,,,,337,6196,651,,,
2013-14,2014,by-grade-and-sex,nonpublic-2013,731,148951,193663,4968,,,,290,6023,637,,,
2013-14,2014,ps12-compilation,nonpublic-2013-2018,727,,,,,,,,,,174108,1582,175690
2014-15,2015,by-grade-and-sex,nonpublic-2014,717,149323,191911,4732,,,,343,6175,648,,,
2014-15,2015,ps12-compilation,nonpublic-2013-2018,713,,,,,,,,,,173030,1671,174701
2015-16,2016,by-grade-and-sex,nonpublic-2015,707,147309,190266,4773,,,,379,5896,613,144512,1623,146135
2015-16,2016,ps12-compilation,nonpublic-2013-2018,704,,,,,,,,,,171395,1595,172990
2016-17,2017,by-grade-and-sex,nonpublic-2016,,,,,,,,,,,171426,1537,172963
2016-17,2017,ps12-compilation,nonpublic-2013-2018,701,,,,,,,,,,169901,1525,171426
2017-18,2018,by-grade-and-sex,nonpublic-2017,707,141997,186574,4953,,,,375,5748,597,167558,1533,169091
2017-18,2018,ps12-compilation,nonpublic-2013-2018,704,,,,,,,,,,167558,1533,169091
2018-19,2019,by-grade-and-sex,nonpublic-2018,706,139948,184705,4973,,,,317,5456,571,165346,1462,166808
2018-19,2019,ps12-compilation,nonpublic-2013-2018,705,,,,,,,,,,165511,1283,166794
2019-20,2020,by-grade-and-sex,nonpublic-2019,707,139828,184720,4988,,,,349,5344,555,164774,1415,166189
2020-21,2021,by-grade-and-sex,nonpublic-2020,707,135943,182293,5150,,,,303,5010,523,161664,1253,162917
2021-22,2022,by-grade-and-sex,nonpublic-2021,705,140114,185843,5081,,,,374,5387,557,166013,1375,167388
2022-23,2023,by-grade-and-sex,nonpublic-2022,712,142665,188007,5038,,,,408,5250,538,168111,1403,169514
2023-24,2024,by-grade-and-sex,nonpublic-2023,711,146078,192095,5113,,,,432,5004,508,171830,1326,173156
2024-25,2025,by-grade-and-sex,nonpublic-2024,722,153937,200170,5137,,,,507,5313,534,179693,1478,181171
2025-26,2026,by-grade-and-sex,nonpublic-2025,749,158007,207237,5470,,,,508,5341,537,184069,1444,185513
