program,fiscal_year,measure,value,pupils_per_point
traditional-edchoice,2007,participants,3657.5,233.883
traditional-edchoice,2008,participants,8119.6,233.883
traditional-edchoice,2009,participants,10926.2,233.883
traditional-edchoice,2010,participants,13197.4,233.883
traditional-edchoice,2011,participants,14714.9,233.883
traditional-edchoice,2012,participants,17157.0,233.883
traditional-edchoice,2013,participants,17521.5,233.883
traditional-edchoice,2014,participants,17072.9,233.883
traditional-edchoice,2015,participants,19149.5,233.883
traditional-edchoice,2016,participants,20665.2,233.883
traditional-edchoice,2017,participants,21757.0,233.883
traditional-edchoice,2018,participants,22602.0,233.883
traditional-edchoice,2019,participants,23471.8,233.883
traditional-edchoice,2020,participants,30095.4,233.883
traditional-edchoice,2021,participants,33126.8,233.883
traditional-edchoice,2022,participants,36719.1,233.883
traditional-edchoice,2023,participants,39017.7,233.883
traditional-edchoice,2024,participants,41237.8,233.883
traditional-edchoice,2025,participants,42605.5,233.883
edchoice-expansion,2014,participants,1055.1,763.394
edchoice-expansion,2015,participants,3512.3,763.394
edchoice-expansion,2016,participants,5704.0,763.394
edchoice-expansion,2017,participants,7535.0,763.394
edchoice-expansion,2018,participants,9559.8,763.394
edchoice-expansion,2019,participants,10842.0,763.394
edchoice-expansion,2020,participants,12306.2,763.394
edchoice-expansion,2021,participants,17155.0,763.394
edchoice-expansion,2022,participants,20736.3,763.394
edchoice-expansion,2023,participants,23300.9,763.394
edchoice-expansion,2024,participants,88067.1,763.394
edchoice-expansion,2025,participants,100952.3,763.394
cleveland,1997,participants,6233.3,55.547
cleveland,1998,participants,8804.6,55.547
cleveland,1999,participants,7339.7,55.547
cleveland,2000,participants,7353.2,55.547
cleveland,2001,participants,5013.5,55.547
cleveland,2002,participants,5893.3,55.547
cleveland,2003,participants,7239.9,55.547
cleveland,2004,participants,8473.0,55.547
cleveland,2005,participants,8599.1,55.547
cleveland,2006,participants,8686.3,55.547
cleveland,2007,participants,8499.0,55.547
cleveland,2008,participants,8765.7,55.547
cleveland,2009,participants,8459.6,55.547
cleveland,2010,participants,7373.1,55.547
cleveland,2011,participants,6626.5,55.547
cleveland,2012,participants,6219.9,55.547
cleveland,2013,participants,6599.4,55.547
cleveland,2014,participants,6353.3,55.547
cleveland,2015,participants,6813.1,55.547
cleveland,2016,participants,7532.6,55.547
cleveland,2017,participants,7979.6,55.547
cleveland,2018,participants,7679.7,55.547
cleveland,2019,participants,7439.7,55.547
cleveland,2020,participants,7619.8,55.547
cleveland,2021,participants,7793.0,55.547
cleveland,2022,participants,7899.7,55.547
cleveland,2023,participants,7799.1,55.547
cleveland,2024,participants,8026.2,55.547
cleveland,2025,participants,8346.3,55.547
autism,2004,participants,69.4,45.835
autism,2005,participants,300.7,45.835
autism,2006,participants,476.7,45.835
autism,2007,participants,735.3,45.835
autism,2008,participants,900.3,45.835
autism,2009,participants,1450.4,45.835
autism,2010,participants,1780.3,45.835
autism,2011,participants,2121.4,45.835
autism,2012,participants,2412.9,45.835
autism,2013,participants,2621.8,45.835
autism,2014,participants,2973.8,45.835
autism,2015,participants,3166.5,45.835
autism,2016,participants,3320.4,45.835
autism,2017,participants,3501.8,45.835
autism,2018,participants,3672.4,45.835
autism,2019,participants,3815.5,45.835
autism,2020,participants,3980.4,45.835
autism,2021,participants,4228.0,45.835
autism,2022,participants,4404.0,45.835
autism,2023,participants,4695.5,45.835
autism,2024,participants,5069.5,45.835
autism,2025,participants,6016.5,45.835
jon-peterson,2014,applications,2603.8,64.621
jon-peterson,2015,applications,3402.4,64.621
jon-peterson,2016,applications,4208.9,64.621
jon-peterson,2017,applications,4890.7,64.621
jon-peterson,2018,applications,5620.3,64.621
jon-peterson,2019,applications,6434.6,64.621
jon-peterson,2020,applications,6853.1,64.621
jon-peterson,2021,applications,7403.9,64.621
jon-peterson,2022,applications,7791.6,64.621
jon-peterson,2023,applications,8186.4,64.621
jon-peterson,2024,applications,8551.4,64.621
jon-peterson,2025,applications,8675.6,64.621
