tax_year,income_class,claimed,returns
2021,Under 0,9203,15
2021,0-5000,32792,80
2021,5001-10000,12189,33
2021,10001-15000,16619,53
2021,15001-20000,18881,45
2021,20001-25000,15922,46
2021,25001-30000,11229,26
2021,30001-35000,11351,33
2021,35001-40000,6525,12
2021,40001-45000,*,*
2021,45001-50000,*,*
2021,50001-55000,*,*
2021,55001-60000,*,*
2021,60001-65000,*,*
2021,65001-70000,*,*
2021,70001-75000,*,*
2021,75001-80000,6700,10
2021,80001-85000,*,*
2021,85001-90000,*,*
2021,90001-95000,7592,10
2021,95001-100000,*,*
2021,100001-125000,12821,20
2021,125001-150000,9325,15
2021,150001-175000,13350,15
2021,175001-200000,*,*
2021,200001-250000,9000,11
2021,250001-300000,*,*
2021,300001-350000,*,*
2021,350001-400000,*,*
2021,400001-450000,*,*
2021,450001-500000,*,*
2021,500001-750000,12250,11
2021,750001-1000000,*,*
2021,1000001-1500000,*,*
2021,1500001-2000000,*,*
2021,2000001-3000000,*,*
2021,3000001-4000000,*,*
2021,4000001-5000000,*,*
2021,5000001-10000000,*,*
2021,Over 10000000,*,*
2021,Total,268616,523
2022,Under 0,27245,31
2022,0-5000,14873,44
2022,5001-10000,29307,64
2022,10001-15000,26478,65
2022,15001-20000,24633,59
2022,20001-25000,30909,73
2022,25001-30000,23898,66
2022,30001-35000,46832,93
2022,35001-40000,41233,77
2022,40001-45000,56064,98
2022,45001-50000,72045,105
2022,50001-55000,63816,108
2022,55001-60000,90699,133
2022,60001-65000,106255,155
2022,65001-70000,122809,166
2022,70001-75000,117338,151
2022,75001-80000,156103,190
2022,80001-85000,163752,203
2022,85001-90000,189511,219
2022,90001-95000,168378,180
2022,95001-100000,190292,216
2022,100001-125000,1130103,1134
2022,125001-150000,1050043,972
2022,150001-175000,970912,855
2022,175001-200000,825438,699
2022,200001-250000,1201510,974
2022,250001-300000,853864,685
2022,300001-350000,676430,528
2022,350001-400000,577770,437
2022,400001-450000,370600,283
2022,450001-500000,343897,258
2022,500001-750000,943075,714
2022,750001-1000000,427473,312
2022,1000001-1500000,352350,260
2022,1500001-2000000,132200,100
2022,2000001-3000000,131300,94
2022,3000001-4000000,54750,38
2022,4000001-5000000,26250,19
2022,5000001-10000000,67250,49
2022,Over 10000000,27000,20
2022,Total,11924685,10927
2023,Under 0,42973,41
2023,0-5000,20253,60
2023,5001-10000,31928,70
2023,10001-15000,33492,73
2023,15001-20000,35228,79
2023,20001-25000,31841,67
2023,25001-30000,50055,114
2023,30001-35000,68544,126
2023,35001-40000,95327,170
2023,40001-45000,142778,239
2023,45001-50000,156654,259
2023,50001-55000,160865,273
2023,55001-60000,228010,371
2023,60001-65000,279905,390
2023,65001-70000,323177,422
2023,70001-75000,357355,447
2023,75001-80000,334622,416
2023,80001-85000,418749,498
2023,85001-90000,432643.7,487
2023,90001-95000,456138,497
2023,95001-100000,464526,502
2023,100001-125000,2684247.74,2588
2023,125001-150000,2609660,2293
2023,150001-175000,2311070.66,1963
2023,175001-200000,2012800,1624
2023,200001-250000,2878499,2282
2023,250001-300000,1955901,1508
2023,300001-350000,1420028,1102
2023,350001-400000,1122175,832
2023,400001-450000,819387,601
2023,450001-500000,695090,510
2023,500001-750000,1888641,1354
2023,750001-1000000,832435,595
2023,1000001-1500000,688346,489
2023,1500001-2000000,265812,191
2023,2000001-3000000,202600,147
2023,3000001-4000000,77250,52
2023,4000001-5000000,52110,39
2023,5000001-10000000,78765,55
2023,Over 10000000,48250,34
2023,Total,26808131.1,23860
2024,Under 0,41100,33
2024,0-5000,9702,13
2024,5001-10000,9175,18
2024,10001-15000,7191,14
2024,15001-20000,21110,30
2024,20001-25000,21524.56,40
2024,25001-30000,29608,49
2024,30001-35000,67068,131
2024,35001-40000,106492,180
2024,40001-45000,134643,223
2024,45001-50000,190917.98,282
2024,50001-55000,234918.08,361
2024,55001-60000,284385,433
2024,60001-65000,322509,482
2024,65001-70000,373762,497
2024,70001-75000,404348.33,507
2024,75001-80000,466082.45,576
2024,80001-85000,465539,561
2024,85001-90000,533606,589
2024,90001-95000,582804.14,633
2024,95001-100000,584099,620
2024,100001-125000,3301381.85,3203
2024,125001-150000,3526662.01,3017
2024,150001-175000,3066941.85,2533
2024,175001-200000,2619485,2118
2024,200001-250000,4137437,3215
2024,250001-300000,2657859.16,2024
2024,300001-350000,1995108,1490
2024,350001-400000,1550188,1146
2024,400001-450000,1256153,915
2024,450001-500000,867150,625
2024,500001-750000,2558221,1829
2024,750001-1000000,1103890,793
2024,1000001-1500000,904600,639
2024,1500001-2000000,366576,259
2024,2000001-3000000,322121,230
2024,3000001-4000000,152750,111
2024,4000001-5000000,66000,47
2024,5000001-10000000,111000,76
2024,Over 10000000,55800,42
2024,Total,35509908.41,30584
