table_year	ein	certified	valid_through	name	dba	address
2021	34-1417866	2021-11-10	2022-12-22	Buckeye Christian Schools Organization	Buckeye Christian Scholarship Granting Organization	2400 Chandlersville Road, Zanesville, Ohio 43701
2021	87-3123075	2021-11-15	2022-12-13	Christian Heritage Education Fund		2000 Broad Ave., Findlay, Ohio 45840
2021	85-0803381	2021-11-29	2022-12-06	Diocesan Education Corp		197 E. Gay St., Columbus, Ohio 43215
2021	87-3643424	2021-11-30	2022-12-22	Diocese of Toledo Scholarship Fund		1933 Spielbusch Ave, Toledo, Ohio 43604
2021	31-1639134	2021-11-30	2022-12-16	Northwest Ohio Scholarship Fund		5800 Monroe St. Suite F5, Sylvania, Ohio 43560
2021	87-3705201	2021-11-29	2022-12-16	The Diocese of Youngstown Scholarship Granting Organization		144 W. Wood Street, Youngstown, Ohio 44503
2021	87-3652751	2021-11-29	2022-12-19	The Scholarship Granting Organization of the Catholic Community Foundation	Angel Scholarship Fund	1404 East 9th Street, Cleveland, Ohio 44114
2022	45-5404691	2022-08-29	2023-09-06	Archdiocese of Cincinnati Foundation for Catholic Education, Inc.	137601	100 East Eighth St., Cincinnati, Ohio 45202
2022	92-1086456	2022-11-30	2023-12-22	Beaumont School Scholarship Granting Organization		3301 North Park Boulevard, Cleveland Heights, Ohio 44118
2022	34-1417866	2022-11-15	2023-12-13	Buckeye Christian School Organization	Buckeye Christian Scholarship Granting Organization	2400 Chandlersville Rd, Zanesville, Ohio 43701
2022	88-3566633	2022-12-15	2023-12-19	Christ the Teacher Diocesan Scholarship Fund, Inc.		422 Washington Street, P.O. Box 969, Steubenville, Ohio 43952
2022	87-3123075	2022-10-24	2023-12-13	CHRISTIAN HERITAGE EDUCATION FUND	CHEF	2000 Broad Ave., Findlay, Ohio 45840
2022	88-3142134	2022-07-13	2023-07-18	CISE - SGO		100 East Eighth Street, Cincinnati, Ohio 45202
2022	88-3027225	2022-11-23	2023-12-06	Dayton Reformation Scholarship Granting Organization		1501 East Third Street, DAYTON, Ohio 45405
2022	85-0803381	2022-07-15	2023-07-31	Diocesan Education Corporation	Emmaus Road Scholarship Fund	197 E. Gay St., Columbus, Ohio 43215
2022	87-3643424	2022-12-13	2023-12-21	Diocese of Toledo Scholarship Fund		1933 Spielbusch Ave, Toledo, Ohio 43604
2022	88-3430474	2022-09-20	2023-09-26	Falcon SGO Inc.	Falcon SGO Inc.	659 Stonequarry Rd, Dayton, Ohio 45414
2022	84-2307726	2022-08-02	2023-08-11	Forever 49 Foundation	Forever 49 Foundation	7863 SHEED RD, CINCINNATI, Ohio 45247
2022	88-4044004	2022-09-13	2023-09-13	Legacy Education Affordability Fund		1101 Wesley AVe., Xenia, Ohio 45385
2022	88-1678940	2022-09-09	2023-09-11	Lucas Family Education Foundation		4835 Squire Drive, Northfield, Ohio 44067
2022	87-3374872	2022-01-04	2023-01-06	Lutheran Scholarship Granting Organization of Ohio, Inc.		6055 Rockside Woods Blvd N, Suite 200, Cleveland, Ohio 44131
2022	92-0896222	2022-11-08	2023-11-09	Lyceum Scholarship Fund		PO Box 21466, South Euclid, Ohio 44121
2022	92-0983697	2022-11-17	2023-11-17	Magnificat Scholarship Granting Organization		20770 Hilliard Blvd, Rocky River, Ohio 44116
2022	92-0934296	2022-11-17	2023-11-20	Northside Christian Scholarship Fund		2655 Schrock Road, Westerville, Ohio 43081
2022	31-1639134	2022-12-05	2023-12-27	Northwest Ohio Scholarship Fund		10262 Sylvania Metamora, Sylvania, Ohio 43560
2022	88-1481999	2022-05-31	2023-06-13	Notre Dame Schools Scholarship Granting Organization	LionSGO	13000 Auburn Road, Chardon, Ohio 44024
2022	87-4616853	2022-02-16	2023-02-23	Ohio Association of Independent Schools Scholarship Granting Organization		49 Joy Lane, Granville, Ohio 43023
2022	31-1787824	2022-02-07	2023-02-23	Ohio Christian Education Network Scholarship Granting Organization		PO BOX 2945, COLUMBUS, Ohio 43216
2022	88-2306443	2022-09-09	2023-09-13	Ohio EduCare, Inc.		1921 County Road 140, Sugarcreek, Ohio 44681
2022	88-2008090	2022-09-19	2023-10-10	Ohio Scholarship Fund	Every Child Every Family	1335 Dublin, Ste. 50-A, Columbus, Ohio 43215
2022	86-1586689	2022-11-29	2023-12-11	Ritton Family Foundation	fka Milo C. Ritton Foundation	114 A Westview Avenue, Marietta, Ohio 45750
2022	87-3652751	2022-09-26	2023-12-19	Scholarship Granting Organization of the Catholic Community Foundation	Angel Scholarship Fund	1404 East 9th Street, Cleveland, Ohio 44114
2022	92-0387488	2022-10-20	2023-11-03	SEHS Scholarship Granting Organization		13500 Detroit Avenue, Lakewood, Ohio 44107
2022	92-0379316	2022-10-11	2023-10-11	St. Ignatius High School Scholarship Granting Organization	Wildcat Ohio Tax Credit Fund	1911 W 30th St, Cleveland, Ohio 44113
2022	88-1952902	2022-10-24	2023-10-26	The Columbus Opportunity Scholarship Fund, Inc.		1000 Bonham Ave., Columbus, Ohio 43211
2022	87-3705201	2022-11-23	2023-12-16	The Diocese of Youngstown Scholarship Granting Organization	Good Samaritan Scholarship Fund	144 West Wood Street, Youngstown, Ohio 44503
2022	88-2898447	2022-07-14	2023-07-20	The Way They Should Go Fund		2177 Emmanuel Way, SPRINGFIELD, Ohio 45502
2022	27-0669799	2022-11-10	2023-11-15	TOLEDO CHRISTIAN SCHOOLS FOUNDATION	NA	2303 BROOKFORD DRIVE, TOLEDO, Ohio 43614
2022	92-1047755	2022-11-28	2023-12-06	Walsh Jesuit High School Scholarship Granting Organization		4550 Wyoga Lake Road, Cuyahoga Falls, Ohio 44224
2022	92-0669051	2022-10-26	2023-10-31	Xavier-SGO		600 W North Bend Road, Cincinnati, Ohio 45224
2023	92-2763217	2023-03-30	2024-03-29	Akron Chesterton Scholarship Fund	Chesterton Academy of Akron	433 Mission Drive, Akron, Ohio 44301
2023	93-1421420	2023-08-23	2024-08-13	Archbishop Hoban High School Scholarship Granting Organization	Knights Ohio Tax Credit Fund	One Holy Cross Blvd, Akron, Ohio 44306
2023	92-1086456	2023-11-22	2024-11-20	Beaumont School Scholarship Granting Organization		3301 North Park Blvd, cleveland Heights, Ohio 44118
2023	93-3673104	2023-11-21	2024-11-20	Bengal SGO		2900 Martin Luther King Dr, Cleveland, Ohio 44104
2023	34-1417866	2023-12-13	2024-12-13	Buckeye Christian School Organization	Buckeye Christian Scholarship Granting Organization	2400 Chandlersville Rd, Zanesville, Ohio 43701
2023	45-4423429	2023-12-22	2024-12-21	CENTRAL PENNSYLVANIA SCHOLARSHIP FUND		227 JEFFERSON AVE, TYRONE, Pennsylvania 16686
2023	92-3742217	2023-10-11	2024-10-10	Chesterton Society of St Joseph Scholarship Foundation	Chesterton Academy of St Joseph Scholarship Foundation	138 W FIRST ST, DAYTON, Ohio 45402
2023	88-3566633	2023-11-21	2024-11-30	Christ the Teacher Diocesan Scholarship Fund, Inc.	CTDSF	422 Washington Street, Steubenville, Ohio 43952
2023	87-3123075	2023-12-01	2024-12-13	CHRISTIAN HERITAGE EDUCATION FUND	CHEF	2000 Broad Ave., Findlay, Ohio 45840
2023	88-3142134	2023-06-26	2024-06-25	CISE - SGO		100 East Eighth Street, Cincinnati, Ohio 45202
2023	93-4311008	2023-12-04	2024-12-03	Dayton Christian SGO		9391 WASHINGTON CHURCH ROAD, Miamisburg, Ohio 45342
2023	88-3027225	2023-12-04	2024-12-06	Dayton Reformation Scholarship Granting Organization		1501 East Third Street, DAYTON, Ohio 45403
2023	85-0803381	2023-07-27	2024-07-31	Diocesan Education Corporation	Emmaus Road Scholarship Fund	197 E. Gay St., Columubus, Ohio 43215
2023	87-3643424	2023-12-14	2024-12-21	Diocese of Toledo Scholarship Fund		1933 Spielbusch Ave, Toledo, Ohio 43604
2023	93-4479115	2023-12-27	2024-12-06	Faith Islamic Academy Scholarship Foundation		152 E Steels Corners Rd, Cuyahoga Falls, Ohio 44224
2023	88-3430474	2023-06-26	2024-06-12	Falcon SGO Inc	Falcon SGO Inc	659 Stonequarry Rd, Dayton, Ohio 45414
2023	84-2307726	2023-08-09	2024-08-11	Forever 49 Foundation	Forever 49 Foundation	7863 SHEED RD, CINCINNATI, Ohio 45247
2023	82-3009941	2024-01-17	2024-12-28	Friends of Around the Sun Montessori Inc	FOATSMPTO	4797 Sharon Copley Rd, Medina, Ohio 44256
2023	88-4044004	2023-09-15	2024-09-14	Legacy Education Affordability Fund	LEAF	1101 Wesley Avenue, Xenia, Ohio 45385
2023	88-1678940	2023-05-18	2024-05-17	Lucas Family Education Foundation		4835 Squire Dr, Northfield, Ohio 44067
2023	87-3374872	2022-12-27	2024-01-05	Lutheran Scholarship Granting Organization of Ohio	CLHSA	3870 Linden Rd, Rocky River, Ohio 44116
2023	92-0896222	2023-11-07	2024-11-09	Lyceum Scholarship Fund		1545 S. Green Road, South Euclid, Ohio 44121
2023	92-0983697	2023-11-01	2024-10-31	Magnificat Scholarship Granting Organization		20770 Hilliard Blvd, Rocky River, Ohio 44116
2023	92-1550922	2023-08-07	2024-07-30	Mars Hill SGO	Mars Hill SGO	4230 Aero Drive, Mason, Ohio 45040
2023	92-3287314	2023-07-10	2024-07-06	Mount Notre Dame SGO		711 E Columbia Avenue, Cincinnati, Ohio 45215
2023	83-1341078	2023-03-17	2024-03-16	Mustard Seed Education Foundation		100 N Summit St, Suite 400, Toledo, Ohio 43604
2023	92-2756655	2023-03-23	2024-03-21	Nordonia Hills Schools Scholarship Granting Organization	NHSSGO	9821 Olde 8 Rd, Suite M, Northfield Center, Ohio 44067
2023	92-0934296	2023-11-17	2024-11-20	Northside Christian Scholarship Fund	NCSF	2655 Schrock Road, Westerville, Ohio 43081
2023	31-1639134	2023-12-21	2024-12-20	Northwest Ohio Scholarship Fund	Year	5800 Monroe Street Building F, Sylvania, Ohio 43560
2023	82-3446307	2023-08-14	2024-08-10	Notre Dame Academy Foundation		3535 W. Sylvania Avenue, Toledo, Ohio 43623
2023	88-1481999	2023-05-18	2024-06-13	Notre Dame Schools Scholarship Granting Organization	LionSGO	13000 Auburn Road, Chardon, Ohio 44024
2023	87-4616853	2023-02-22	2024-02-23	Ohio Association of Independent Schools Scholarship Granting Organization	OAIS SGO	49 Joy Lane, Granville, Ohio 43023
2023	31-1787824	2023-04-24	2024-02-23	Ohio Christian Education Network Scholarship Granting Organization		P.O. Box 2945, Columbus, Ohio 43216
2023	93-1881429	2023-09-27	2024-09-26	Ohio Christian Scholarship Granting Organization Inc		2215 Egypt Pike, Chillicothe, Ohio 45601
2023	88-2306443	2023-09-06	2024-09-13	Ohio EduCare Inc		7625 Nebraska Rd NW, Dundee, Ohio 44624
2023	88-2008090	2023-10-03	2024-10-02	Ohio Scholarship Fund	Every Child Every Family	1335 Dublin Road, Ste. 50-A, Columbus, Ohio 43215
2023	32-0609289	2023-12-14	2024-12-13	Omega Community Enrichment Foundation	Omega Housing Foundation	901 Old Leonard Ave, Columbus, Ohio 43203
2023	92-1110497	2023-12-18	2024-12-17	Saint John Scholarship Granting Organization		7911 Depot road, Ashtabula, Ohio 44004
2023	92-1890302	2023-02-22	2024-02-21	Saint Joseph Academy Scholarship Granting Organization		3470 Rocky River Drive, Cleveland, Ohio 44111
2023	87-3652751	2023-10-06	2024-10-19	Scholarship Granting Organization of the Catholic Community Foundation	Angel Scholarship Fund	1404 East 9th Street, Cleveland, Ohio 44114
2023	92-0387488	2023-11-03	2024-11-03	SEHS Scholarship Granting Organization	Eagle Ohio Tax Credit Fund	950 Main Ave Suite 1100, Cleveland, Ohio 44113
2023	20-8250727	2023-06-30	2024-06-29	Servant Partners, Inc.		P.O. Box 221, Berlin, Ohio 44610
2023	92-2947353	2023-07-13	2024-07-12	Seton Catholic School Scholarship Granting Organization		6923 Stow Road, Hudson, Ohio 44236
2023	92-2429826	2023-03-20	2024-03-19	Seton Cincinnati SGO		3901 Glenway Avenue, Cincinnati, Ohio 45202
2023	93-1632132	2023-11-28	2024-11-27	SMDPHS Scholarship Granting Organization		950 Main Ave Suite 1100, Cleveland, Ohio 44113
2023	93-4609327	2023-12-04	2024-12-03	SSMS Scholarship Granting Organization		4450 Oakes Road Building 6, Brecksville, Ohio 44141
2023	34-1696266	2023-05-05	2024-05-04	St. Francis de Sales High School Foundation		2323 W Bancroft St, Toledo, Ohio 43607
2023	92-0379316	2023-09-28	2024-09-27	St. Ignatius High School Scholarship Granting Organization	Wildcat Ohio Tax Credit Fund	1911 W 30th St, Cleveland, Ohio 44113
2023	93-4771435	2023-12-14	2024-12-13	St. Joseph Scholarship Fund		5411 Main Street, Sylvania, Ohio 43560
2023	34-1886759	2023-04-18	2024-04-16	St. Ursula Academy Foundation, Inc.	St. Ursula Academy Foundation	4025 Indian Rd, Toledo, Ohio 43606
2023	92-2540704	2023-05-05	2024-05-04	St. Ursula Academy Scholarship Granting Organization		1339 E. McMillan St., Cincinnati, Ohio 45206
2023	45-5404691	2023-08-15	2024-09-06	The Catholic Education Foundation for The Archdiocese of Cincinnati		100 East Eighth St., Cincinnati, Ohio 45202
2023	88-1952902	2023-10-18	2024-10-26	The Columbus Opportunity Scholarship Fund, Inc.		1000 Bonham Ave., Columbus, Ohio 43211
2023	87-3705201	2023-12-08	2024-12-16	The Diocese of Youngstown Scholarship Granting Organization	Good Samaritan Scholarship Fund	144 W. Wood, Youngstown, Ohio 44503
2023	93-2535315	2023-09-19	2024-09-18	The Ohio Commodores Scholarship Fund		10400 Slough Road, Canal Winchester, Ohio 43110
2023	92-2707224	2023-05-22	2024-05-17	The St. John's Jesuit Scholarship Granting Organization		5901 Airport Highway, Toledo, Ohio 43615
2023	88-2898447	2023-07-13	2024-07-19	The Way They Should Go Fund	Emmanuel Christian Academy	2177 Emmanuel Way, SPRINGFIELD, Ohio 45502
2023	93-1650311	2023-07-31	2024-07-30	Thunderbird Scholarship Granting Organization		720 S Cable Road, Lima, Ohio 45805
2023	27-0669799	2023-10-18	2024-11-15	Toledo Christian Schools Foundation		2303 Brookford Dr, Toledo, Ohio 43614
2023	31-1233054	2023-11-09	2024-11-08	Ursuline Foundation		5535 Pfeiffer Road, Cincinnati, Ohio 45242
2023	93-3579746	2023-11-29	2024-11-28	Waldorf Method Education Scholarship Association	The Juniper School	1812 Staffordshire Rd, Columbus, Ohio 43229
2023	92-1047755	2023-11-13	2024-11-12	Walsh Jesuit High School Scholarship Granting Organization		4550 Wyoga Lake Road, Cuyahoga Falls, Ohio 44224
2023	92-0669051	2023-10-10	2024-10-31	Xavier-SGO		600 W North Bend Road, Cincinnati, Ohio 45224
2024	99-4860187	2024-11-20	2025-11-19	3RIVERSSGO	3 Rivers Scholarship Granting Organization	3309 Cherryridge Drive, North Bend, Ohio 45052
2024	92-2763217	2024-04-04	2025-04-03	Akron Chesterton Scholarship Fund		433 Mission Drive, Akron, Ohio 44301
2024	93-1421420	2024-08-06	2025-08-05	Archbishop Hoban High School SGO	Knights Ohio Tax Credit Fund	200 Public Square, Cleveland, Ohio 44114
2024	92-1086456	2024-11-19	2025-11-18	Beaumont School Scholarship Granting Organization		3301 North Park Blvd, cleveland Heights, Ohio 44118
2024	93-3673104	2024-11-14	2025-11-13	BengalSGO	Benedictine High School	2900 Martin Luther King Jr, Drive, Cleveland, Ohio 44104
2024	87-2273743	2024-02-08	2025-02-07	Bluestone Hibernian Charities		956 Quarry Drive, Cleveland Heights, Ohio 44121
2024	34-1417866	2024-12-16	2025-12-15	Buckeye Christian Scholarship Granting Organization	Buckeye Christian Scholarship Granting Organization	2400 Chandlersville Rd, Zanesville, Ohio 43701
2024	99-1384296	2024-04-16	2025-04-15	Chaminade Julienne Catholic Education Fund	CJCEF	505 South Ludlow Street, Dayton, Ohio 45402
2024	99-2814050	2024-06-10	2025-06-09	Chesterton Academy of St. Benedict Scholarship Fund	CASB Scholarship Fund	8869 Cornwallis Ct, Powell, Ohio 43065
2024	92-3742217	2024-12-02	2025-12-01	Chesterton Society of St Joseph Scholarship Fund	Chesterton Academy of St Joseph Scholarship Fund	954 N. Maple Ave., Fairborn, Ohio 45324
2024	88-3566633	2024-10-16	2025-11-30	Christ the Teacher Diocesan Scholarship Fund, Inc.	Christ the Teacher Diocesan Scholarship Fund, Inc.	422 Washington Street, P.O. Box 969, Steubenville, Ohio 43952
2024	99-4641103	2024-09-27	2025-09-26	Christian Education Fund of Allen County	BBCS EduFund	3500 Spencerville Rd, Lima, Ohio 45805
2024	87-3123075	2024-11-22	2025-11-21	CHRISTIAN HERITAGE EDUCATION FUND	CHEF	2000 Broad Ave., Findlay, Ohio 45840
2024	99-3465789	2024-09-03	2025-09-02	Cincinnati Islamic School SGO		4340 UNION RD, MASON, Ohio 45040
2024	88-3142134	2024-05-24	2025-05-23	CISE-SGO	N/A	100 E. 8th Street, Cincinnati, Ohio 45202
2024	93-4311008	2024-11-26	2025-11-25	Dayton Christian SGO		9391 Washington Church Road , Miamisburg, Ohio 45342
2024	88-3027225	2024-11-05	2025-11-04	Dayton Reformation Scholarship Granting Organization		1501 East Third Street, Dayton, Ohio 45403
2024	85-0803381	2024-07-18	2025-07-17	Diocesan Education Corporation	Emmaus Road Scholarship Fund	197 E. Gay St., Columbus, Ohio 43215
2024	87-3643424	2024-11-26	2025-11-25	Diocese of Toledo Scholarship Fund		1933 Spielbusch Ave, Toledo, Ohio 43604
2024	88-2898447	2024-09-24	2025-09-23	Emmanuel Christian Academy	The Way They Should Go Fund	2177 EMMANUEL WAY, SPRINGFIELD, Ohio 45502
2024	93-4479115	2025-01-23	2025-12-03	FAITH ISLAMIC ACADEMY SCHOLARSHIP FOUNDATION		152 E Steels Corners Rd, Cuyahoga Falls, Ohio 44224
2024	88-3430474	2024-06-17	2025-06-16	Falcon SGO Inc		659 Stonequarry Rd, Dayton, Ohio 45414
2024	84-2307726	2024-06-25	2025-06-24	Forever 49 Foundation	F49 Foundation	7863 Sheed Road, CINCINNATI, Ohio 45247
2024	99-5114739	2024-11-13	2025-11-12	Global Horizons SGO		568 Meadoway Park, Worthington, Ohio 43085
2024	88-4044004	2024-11-15	2025-11-14	Legacy Education Affordability Fund	LEAF	1101 Wesley Avenue, Xenia, Ohio 45385
2024	87-3374872	2024-01-05	2025-01-05	Lutheran Scholarship Granting Organization of Ohio Inc	LSGO of Ohio or LSGOO	3870 Linden Rd, Rocky River, Ohio 44116
2024	92-0896222	2024-11-26	2025-11-25	Lyceum Scholarship Fund		1545 South Green Road, South Euclid, Ohio 44121
2024	92-0983697	2024-10-28	2025-10-27	Magnificat Scholarship Granting Organization		20770 Hilliard Blvd, Rocky River, Ohio 44116
2024	92-1550922	2024-07-10	2025-07-29	Mars Hill SGO		4230 Aero Drive, Mason, Ohio 45040
2024	93-3042272	2024-03-29	2025-03-28	NEHEMIAH EDUCATION FUND, INC.		5176 AUSTIN LN NW, STRASBURG, Ohio 44680
2024	92-2756655	2024-01-05	2025-01-04	Nordonia Hills Schools Scholarship Granting Organization	NordoniaSGO	9821 OLDE 8 RD STE M, NORTHFIELD CENTER, Ohio 44067
2024	92-0934296	2024-12-10	2025-12-09	Northside Christian Scholarship Fund		2655 W Schrock Rd, Westerville, Ohio 43081
2024	93-4202386	2024-12-17	2025-12-16	Norwalk Catholic Scholarship Granting Organization		93 East Main Street, Norwalk, Ohio 44857
2024	93-4202386	2024-01-11	2025-01-10	Norwalk Catholic Scholarship Granting Organization		93 E. Main Street, Norwalk, Ohio 44857
2024	88-1481999	2024-06-10	2025-06-09	Notre Dame Schools Scholarship Granting Organization		13000 Auburn Rd., Chardon, Ohio 44024
2024	87-4616853	2024-03-01	2025-02-21	Ohio Association of Independent Schools Scholarship Granting Organization	OAIS SGO	49 Joy Lane, Granville, Ohio 43023
2024	31-1787824	2024-02-05	2025-02-04	Ohio Christian Education Network Scholarship Granting Organization		62 E Broad St, Columbus, Ohio 43215
2024	93-1881429	2024-09-24	2025-09-23	Ohio Christian Scholarship Granting Organization Inc		2215 Egypt Pike, Chillicothe, Ohio 45601
2024	88-2306443	2024-09-03	2025-09-02	Ohio EduCare Inc		PO Box 4, Sugarcreek, Ohio 44681
2024	88-2008090	2024-09-16	2025-09-15	OHIO SCHOLARSHIP FUND	Every Child Every Family	1335 DUBLIN RD STE 50-A, COLUMBUS, Ohio 43215
2024	32-0609289	2024-12-18	2025-12-17	Omega Community Enrichment Foundation		901 Old Leonard Ave, Columbus, Ohio 43203
2024	92-1110497	2024-11-20	2025-11-19	Saint John Scholarship Granting Organization	Burke	7911 Depot Road, Ashtabula, Ohio 44004
2024	92-1890302	2024-02-16	2025-02-15	Saint Joseph Academy Scholarship Granting Organization	SJA SGO	3470 Rocky River Drive, Cleveland, Ohio 44111
2024	87-3652751	2024-08-27	2025-08-26	Scholarship Granting Organization of the Catholic Community Foundation	Angel Scholarship Fund	1404 East 9th Street, Cleveland, Ohio 44114
2024	92-0387488	2024-11-04	2025-11-03	SEHS Scholarship Granting Organization	Eagle Ohio Tax Credit Fund	950 Main Ave Suite 1100, Cleveland, Ohio 44113
2024	20-8250727	2024-07-09	2025-07-08	Servant Partners Inc.		6311 County Road 203, MILLERSBURG, Ohio 44652
2024	92-2947353	2024-07-10	2025-07-09	Seton Catholic School Scholarship Granting Organization		6923 Stow Road, Hudson, Ohio 44236
2024	92-2429826	2024-03-07	2025-03-06	Seton Cincinnati SGO		3901 Glenway Avenue, Cincinnati, Ohio 45205
2024	93-4609327	2024-12-02	2025-12-01	SSMS Scholarship Granting Organization		4450 Oakes Road, Brecksville, Ohio 44141
2024	34-1696266	2024-04-25	2025-04-24	St. Francis de Sales High School Foundation		2323 W Bancroft St, Toledo, Ohio 43607
2024	92-0379316	2024-09-23	2025-09-22	St. Ignatius High School Scholarship Granting Organization	Wildcat Ohio Tax Credit Fund	1911 W 30th St, Cleveland, Ohio 44113
2024	93-4771435	2024-12-17	2025-12-16	St. Joseph Scholarship Fund		5411 Main Street, Sylvania, Ohio 43560
2024	34-1886759	2024-04-11	2025-04-10	St. Ursula Academy Foundation		4025 Indian Rd, Toledo, Ohio 43606
2024	92-2540704	2024-09-26	2025-09-25	St. Ursula Academy Scholarship Granting Organization	SUA SGO	1339 E. McMillan Street, Cincinnati, Ohio 45206
2024	45-5404691	2024-08-27	2025-08-26	The Catholic Education Foundation for the Archdiocese of Cincinnati	The Catholic Education Foundation for the Archdiocese of Cincinnati	100 East Eighth St., Cincinnati, Ohio 45202
2024	88-1952902	2024-10-10	2025-10-09	The Columbus Opportunity Scholarship Fund, Inc.		1000 Bonham Avenue, Columbus, Ohio 43211
2024	87-3705201	2024-11-26	2025-11-25	The Diocese of Youngstown Scholarship Granting Organization	Good Samaritan Scholarship Fund	144 West Wood Street, Youngstown, Ohio 44503
2024	34-1168732	2024-11-26	2025-11-25	The Discovery School, Inc.	Discovery School	855 Millsboro Road, Mansfield, Ohio 44903
2024	83-1341078	2024-04-17	2025-04-16	The Mustard Seed Education Foundation	The Mustard Seed Education Foundation	100 N Summit St, Suite 400, Toledo, Ohio 43604
2024	93-2535315	2024-09-03	2025-09-02	The Ohio Commodores Scholarship Fund		10400 Slough Road, Canal Winchester, Ohio 43110
2024	92-2707224	2024-05-23	2025-05-22	The St. John's Jesuit Scholarship Granting Organization		5901 Airport Hwy, Toledo, Ohio 43615
2024	27-0669799	2024-10-09	2025-10-08	Toledo Christian Schools Foundation		2303 Brookford Dr, Toledo, Ohio 43614
2024	31-1233054	2024-11-18	2025-11-17	Ursuline Foundation		5535 Pfeiffer Road, Cincinnati, Ohio 45242
2024	92-1047755	2024-11-13	2025-11-12	Walsh Jesuit High School Scholarship Granting Organization		4550 Wyoga Lake Road, Cuyahoga Falls, Ohio 44224
2024	92-0669051	2024-09-23	2025-09-22	Xavier-SGO	Xavier-SGO	600 W North Bend Road, Cincinnati, Ohio 45224
2025	99-4860187	2025-12-02	2026-12-02	3Rivers Scholarship Granting Organization	3RiversSGO	3309 Cherryridge Drive, North Bend, Ohio 45052
2025	33-2382950	2025-02-04	2026-02-04	ABC Ohio Foundation	HudsonSGO	351 Aurora Street, Hudson, Ohio 44236
2025	92-2763217	2025-10-14	2026-10-14	Akron Chesterton Scholarship Fund		433 Mission Drive, Akron, Ohio 44301
2025	93-1421420	2025-07-29	2026-07-29	Archbishop Hoban High School Scholarship Granting Organization	Knights Ohio Tax Credit Fund	One Holy Cross Blvd., Akron, Ohio 44306
2025	92-1086456	2025-10-31	2026-10-31	Beaumont School Scholarship Granting Organization		3301 N Park Blvd, Cleveland Heights, Ohio 44118
2025	93-3673104	2025-10-03	2026-10-03	BengalSGO	Benedictine High School	2900 Martin Luther King Jr, Drive, Cleveland, Ohio 44104
2025	87-2273743	2025-03-09	2026-03-09	Bluestone Hibernian Charities	Bluestone Charities	956 Quarry Dr, Cleveland Heights, Ohio 44121
2025	45-5404691	2025-08-19	2026-08-19	Catholic Education Foundation for the Archdiocese of Cincinnati		100 East 8th Street, Cincinnati, Ohio 45202
2025	45-4423429	2026-07-27	2026-07-27	CENTRAL PENNSYLVANIA SCHOLARSHIP FUND		501 3RD STREET, TYRONE, Pennsylvania 16686
2025	99-1384296	2025-04-21	2026-04-21	Chaminade Julienne High School	Chaminade Julienne Catholic Education Fund	505 South Ludlow Street, Dayton, Ohio 45402
2025	92-3742217	2025-12-05	2026-12-05	Chesterton Academy of St Joseph Scholarship Foundation	Chesterton Academy of St Joseph Scholarship Foundation	954 N. Maple Ave, Fairborn, Ohio 45324
2025	99-2814050	2025-06-10	2026-06-10	Chesterton Academy of St. Benedict Scholarship Fund	CASB Scholarship Fund	5830 N High St, Worthington, Ohio 43085
2025	88-3566633	2025-11-14	2026-11-14	Christ the Teacher Diocesan Scholarship Fund, Inc.	Christ the Teacher Diocesan Scholarship Fund, Inc.	422 Washington Street, Steubenville, Ohio 43952
2025	99-4641103	2025-11-12	2026-11-12	Christian Education Fund of Allen County	BBCS EduFund	3500 Spencerville Rd, Lima, Ohio 45805
2025	87-3123075	2025-11-19	2026-11-19	CHRISTIAN HERITAGE EDUCATION FUND	CHEF	2000 Broad Ave., Findlay, Ohio 45840
2025	99-3465789	2025-08-18	2026-08-18	Cincinnati Islamic School SGO	CIS-SGO	4340 UNION RD, Middletown, Ohio 45005
2025	88-3142134	2025-05-23	2026-05-23	CISE		100 E. 8th Street, Cincinnati, Ohio 45202
2025	93-4311008	2025-11-19	2026-11-19	Dayton Christian SGO		91 Washington Church Road, Miamisburg, Ohio 45342
2025	88-3027225	2025-10-09	2026-10-09	Dayton Reformation Scholarship Granting Organization		1501 East Third Street, Dayton, Ohio 45403
2025	85-0803381	2025-07-14	2026-07-14	Diocesan Education Corporation	Emmaus Road Scholarship Fund	197 E. Gay, Columbus, Ohio 43215
2025	87-3643424	2025-11-04	2026-11-04	Diocese of Toledo Scholarship Fund		1933 Spielbusch Ave., Toledo, Ohio 43604
2025	34-1168732	2025-11-26	2026-11-26	Discovery School	Discovery School	855 Millsboro Rd, Mansfield, Ohio 44903
2025	93-4479115	2025-12-12	2026-12-12	FAITH ISLAMIC ACADEMY SCHOLARSHIP FOUNDATION		152 E Steels Corners Rd, Cuyahoga Falls, Ohio 44224
2025	39-5010354	2025-12-08	2026-12-08	FCS Scholarship Committee		1315 DAYTON AVE NW, WASHINGTON COURT HOUSE, Ohio 43160
2025	84-2307726	2025-06-25	2026-06-25	Forever 49 Foundation	F49 Foundation	7863 Sheed Road, Cincinnati, Ohio 45247
2025	88-3430474	2025-06-17	2026-06-17	Gabriel SGO Inc.	Gabriel SGO Inc.	659 STONEQUARRY RD, DAYTON, Ohio 45414
2025	99-5114739	2025-10-17	2026-10-17	Global Horizons SGO		568 Meadoway Park, Worthington, Ohio 43085
2025	33-1279122	2025-01-08	2026-01-08	Julie Billiart Network Scholarship Granting Organization	Sunflower Ohio Tax Credit Fund	4982 Clubside Road, Lyndhurst, Ohio 44124
2025	88-4044004	2025-10-17	2026-10-17	Legacy Education Affordability Fund	LEAF	374 College Hill Drive, Cedarville, Ohio 45314
2025	87-3374872	2025-04-10	2026-04-10	Lutheran Scholarship Granting Organization of Ohio	LSGOO or LSGO of Ohio	3870 Linden Rd, Rocky River, Ohio 44116
2025	92-0896222	2025-11-12	2026-11-12	Lyceum Scholarship Fund		P.O. Box 21466, South Euclid, Ohio 44121
2025	92-0983697	2025-09-29	2026-09-29	Magnificat Scholarship Granting Organization		20770 Hilliard Blvd, Rocky River, Ohio 44116
2025	37-2197548	2025-11-07	2026-11-07	MANSFIELD TEMPLE CHRISTIAN CRUSADER EDUCATION FUND		752 STEWART RD N, Mansfield, Ohio 44905
2025	92-1550922	2025-08-06	2026-08-06	Mars Hill SGO		4230 Aero Drive, Cincinnati, Ohio 45040
2025	92-3287314	2025-03-25	2026-03-25	Mount Notre Dame SGO		711 E. Columbia Avenue, Cincinnati, Alabama 45215
2025	93-3042272	2025-07-17	2026-07-17	Nehemiah Education Fund, Inc.		5176 Austin Lane NW, Strasburg, Ohio 44680
2025	92-2756655	2025-01-06	2026-01-06	Nordonia Hills Schools Scholarship Granting Organization	NordoniaSGO	219 W. Aurora Rd, Northfield Center, Ohio 44067
2025	92-0934296	2025-11-24	2026-11-24	Northside Christian Scholarship Fund		2655 W Schrock Rd, Westerville, Ohio 43081
2025	93-4202386	2025-12-04	2026-12-04	Norwalk Catholic Scholarship Granting Organization		93 East Main Street, Norwalk, Ohio 44857
2025	82-3446307	2025-05-19	2026-05-19	Notre Dame Academy Foundation		3535 W. Sylvania Avenue, Toledo, Ohio 43623
2025	88-1481999	2025-06-09	2026-06-09	Notre Dame Schools Scholarship Granting Organization	LionSGO	13000 Auburn Road, Chardon, Ohio 44024
2025	87-4616853	2025-02-17	2026-02-17	Ohio Association of Independent Schools Scholarship Granting Organizations	OAIS SGO	49 Joy Lane, Granville, Ohio 43023
2025	31-1787824	2025-01-23	2026-01-23	Ohio Christian Education Network Scholarship Granting Organization		62 E Broad St., Columbus, Ohio 43215
2025	31-1787824	2025-12-30	2026-12-30	Ohio Christian Education Network Scholarship Granting Organization		62 E Broad St, Columbus, Ohio 43215
2025	93-1881429	2025-12-22	2026-12-22	Ohio Christian Scholarship Granting Organization, Inc		2215 Egypt Pike, Chillicothe, Ohio 45601
2025	88-2306443	2025-09-03	2026-09-03	Ohio EduCare Inc		7625 Nebraska Rd NW, Dundee, Ohio 44624
2025	88-2008090	2025-08-26	2026-08-26	Ohio Scholarship Fund	Every Child Every Family	1335 Dublin Road, Ste. 50-A, Columbus, Ohio 43215
2025	32-0609289	2025-12-22	2026-12-22	Omega Community Enrichment Foundation		901 Old Leonard Ave, Columbus, Ohio 43203
2025	92-1110497	2025-07-14	2026-07-14	Saint John SGO	Burke	7911 Depot Road, Ashtabula, Ohio 44004
2025	92-1890302	2025-02-20	2026-02-20	Saint Joseph Academy Scholarship Granting Organization		3470 Rocky River Dr, Cleveland, Ohio 44111
2025	87-3652751	2025-06-27	2026-06-27	Scholarship Granting Organization of the Catholic Community Foundation	Angel Scholarship Fund	1404 East Ninth Street, Cleveland, Ohio 44114
2025	92-0387488	2025-11-03	2026-11-03	SEHS Scholarship Granting Organization	Eagle Ohio Tax Credit Fund	13500 Detroit Ave, Lakewood, Ohio 44107
2025	20-8250727	2025-06-17	2026-06-17	Servant Partners Inc.		P.O. Box 221, Berlin, Ohio 44610
2025	92-2947353	2025-07-16	2026-07-16	Seton Catholic School Scholarship Granting Organization		6923 Stow Road, Hudson, Ohio 44236
2025	92-2429826	2025-03-03	2026-03-03	Seton Cincinnati SGO		3901 Glenway Avenue, Cincinnati, Ohio 45205
2025	93-1632132	2025-02-05	2026-02-05	SMDPHS SCHOLARSHIP GRANTING ORGANIZATION	Saint Martin de Porres High School	6202 SAINT CLAIR AVE, CLEVELAND, Ohio 44103
2025	93-4609327	2025-12-11	2026-12-11	SSMS Scholarship Granting Organization		4450 Oakes Road, Building 6, Brecksville, Ohio 44141
2025	34-1696266	2025-04-21	2026-04-21	St. Francis de Sales High School Foundation		2323 W Bancroft St, Toledo, Ohio 43607
2025	92-0379316	2025-09-16	2026-09-16	St. Ignatius High School Scholarship Granting Organization	Wildcat Ohio Tax Credit Fund	1911 W 30th St, Cleveland, Ohio 44114
2025	93-4771435	2025-12-16	2026-12-16	St. Joseph Scholarship Fund		5411 Main Street, Sylvania, Ohio 43560
2025	34-1886759	2025-04-09	2026-04-09	St. Ursula Academy Foundation		4025 Indian Rd., Toledo, Ohio 43606
2025	92-2540704	2025-09-29	2026-09-29	St. Ursula Academy Scholarship Granting Organization	SUA SGO	1339 E. McMillan Street, Cincinnati, Ohio 45206
2025	87-3705201	2025-11-26	2026-11-26	The Diocese of Youngstown Scholarship Granting Organization	Good Samaritan Scholarship Fund	144 West Wood Street, Youngstown, Ohio 44503
2025	93-3579746	2025-02-24	2026-02-24	The Juniper School	Waldorf Method Education Scholarship Association	76 Charleston Ave., Columbus , Ohio 43214
2025	83-1341078	2025-03-26	2026-03-26	The Mustard Seed Education Foundation	The Mustard Seed Education Foundation	100 N Summit St, Suite 400, Toledo, Ohio 43604
2025	93-2535315	2025-09-15	2026-09-15	The Ohio Commodore Scholarship Fund		PO Box 273, Buckeye Lake, Ohio 43008
2025	92-2707224	2025-05-22	2026-05-22	THE ST JOHNS JESUIT SCHOLARSHIP GRANTING ORGANIZATION		5901 Airport Hwy, Toledo, Ohio 43615
2025	88-2898447	2025-10-17	2026-10-17	The Way They Should Go Fund	Emmanuel Christian Academy	2177 EMMANUEL WAY, Springfield, Ohio 45502
2025	93-1650311	2025-11-05	2026-11-05	Thunderbird Scholarship Granting Organization	Thunderbird SGO	720 S. Cable Rd., Lima, Ohio 45805
2025	93-1650311	2025-01-13	2026-01-13	Thunderbird Scholarship Granting Organization	Thunderbird SGO	720 S. Cable Rd., Lima, Ohio 45805
2025	27-0669799	2025-10-31	2026-10-31	Toledo Christian Schools Foundation		2303 Brookford Drive, Toledo, Ohio 43614
2025	39-3355364	2025-11-18	2026-11-18	Troy Christian SGO	Troy Christian Schools	700 S DORSET RD, TROY, Ohio 45373
2025	31-1233054	2025-05-28	2026-05-28	Ursuline Foundation		5535 Pfeiffer Road, Cincinnati, Ohio 45242
2025	92-1047755	2025-11-07	2026-11-07	Walsh Jesuit High School Scholarship Granting Organization		4550 Wyoga Lake Road, Cuyahoga Falls, Ohio 44224
2025	92-0669051	2025-10-01	2026-10-01	Xavier-SGO	Xavier-SGO	600 W North Bend Road, Cincinnati, Ohio 45224
2026	41-3833782	2026-06-02	2027-06-02	1 BBH BEES SGO		9305 OXFORD TRAIL, BRECKSVILLE, Ohio 44141
2026	33-2382950	2026-02-20	2027-02-20	ABC Ohio Foundation	HudsonSGO	351 Aurora Street, Hudson, Ohio 44236
2026	42-1945763	2026-05-18	2027-05-18	American Scholarship Network		4456 N Abbe Rd #305, Sheffield Village, Ohio 44054
2026	93-1421420	2026-07-29	2027-07-29	Archbishop Hoban High School Scholarship Granting Organization	Knights Ohio Tax Credit Fund	One Holy Cross Blvd., Akron, Ohio 44306
2026	41-2906278	2026-01-27	2027-01-27	Aurora City Schools Scholarship Granting Organization	AuroraSGO	PO Box 109, Aurora, Ohio 44202
2026	92-1086456	2026-10-31	2027-10-31	Beaumont School Scholarship Granting Organization		3301 North Park Blvd, Cleveland Heights, Ohio 44118
2026	42-4657091	2026-08-28	2027-08-28	BEEX FOUNDATION SGO		3491 Forestoak Court, Cincinnati, Ohio 45208
2026	93-3673104	2026-10-03	2027-10-03	BengalSGO	Benedictine High School	2900 Martin Luther King Jr. Dr., Cleveland, Ohio 44104
2026	87-2273743	2026-06-16	2027-06-16	Bluestone Hibernian Charities		956 Quarry Drive, Cleveland Heights, Ohio 44121
2026	42-2102215	2026-09-29	2027-09-29	Buckeye Christian Scholarship Granting Organization, Inc		2400 CHANDLERSVILLE RD, ZANESVILLE, Ohio 43701
2026	34-1417866	2026-01-21	2027-01-21	Buckeye Christian School Organization	Buckeye Christian Scholarship Granting Organization	2400 Chandlersville Rd, Zanesville, Ohio 43071
2026	45-5404691	2026-08-19	2027-08-19	Catholic Education Foundation for the Archdiocese of Cincinnati		100 East 8th Street, Cincinnati, Ohio 45202
2026	99-1384296	2026-04-24	2027-04-24	Chaminade Julienne Catholic Education Fund		505 S Ludlow St, Dayton, Ohio 45402
2026	99-3465789	2026-08-18	2027-08-18	Cincinnati Islamic School SGO	Cincinnati Islamic School SGO	4340 UNION RD , Middletown, Ohio 45005
2026	88-3142134	2026-05-01	2027-05-01	CISE-SGO		100 E. 8th Street, Cincinnati, Ohio 45202
2026	88-3027225	2026-10-09	2027-10-09	Dayton Reformation Scholarship Granting Organization	Dayton Reformation Scholarship Granting Organization	1501 East Third Street, Dayton, Ohio 45403
2026	85-0803381	2026-07-13	2027-07-13	Diocesan Education Corporation	Emmaus Road Scholarship Fund	197 E. Gay, Columbus, Ohio 43215
2026	39-2693618	2026-06-09	2027-06-09	EA Academy SGO	Education Alternatives	5445 Smith Rd, Brook Park, Ohio 44142
2026	84-2307726	2026-06-25	2027-06-25	Forever 49 Foundation	Forever 49 Foundation	7863 Sheed Road, Cincinnati, Ohio 45247
2026	88-3430474	2026-06-17	2027-06-17	Gabriel SGO INC.		659 Stonequarry Road, Dayton, Ohio 45414
2026	39-4236057	2026-02-19	2027-02-19	Give For Kids Scholarship Fund		4334 BAINTREE RD, University Heights, Ohio 44118
2026	42-2686924	2026-07-08	2027-07-08	Hearthside Christian Scholarship Fund		329 North Carpenter Road, Brunswick, Ohio 44212
2026	41-4353004	2026-04-16	2027-04-16	Heights Tax Credit SGO	Heights Tax Credit Fund	2260 Fenwick Road, University Heights, Ohio 44118
2026	33-1279122	2026-01-23	2027-01-23	Julie Billiart Network Scholarship Granting Organization	Sunflower Ohio Tax Credit Fund	6140 Parkland Blvd, Ste. 300, Mayfield Heights, Ohio 44124
2026	87-3374872	2026-03-23	2027-03-23	Lutheran Scholarship Granting Organization of Ohio	Lutheran West Triumph Fund, Lutheran East Triumph Fund	3870 Linden Rd, Rocky River, Ohio 44116
2026	92-0983697	2026-09-29	2027-09-29	Magnificat Scholarship Granting Organization		20770 Hilliard Blvd., Rocky River, Ohio 44116
2026	92-1550922	2026-09-15	2027-09-15	Mars Hill SGO		4230 Aero Drive, Mason, Ohio 45040
2026	92-3287314	2026-03-03	2027-03-03	Mount Notre Dame SGO	Mount Notre Dame SGO	711 E. Columbia Avenue, CINCINNATI, Ohio 45215
2026	83-1341078	2026-03-23	2027-03-23	MUSTARD SEED EDUCATION FOUNDATION		43 S. HURON ST., TOLEDO, Ohio 43604
2026	93-3042272	2026-07-17	2027-07-17	Nehemiah Education Fund Inc		5176 Austin Lane NW, Strasburg, Ohio 44680
2026	92-2756655	2026-01-02	2027-01-02	Nordonia Hills Schools Scholarship Granting Organization	NordoniaSGO	219 W AURORA RD STE A, NORTHFIELD, Ohio 44067
2026	82-3446307	2026-05-19	2027-05-19	Notre Dame Academy Foundation		3535 W. Sylvania Avenue, Toledo, Ohio 43623
2026	88-1481999	2026-05-18	2027-05-18	Notre Dame Schools Scholarship Granting Organization	LionSGO	13000 Auburn Road, Chardon, Ohio 44024
2026	87-4616853	2026-02-18	2027-02-18	Ohio Association of Independent Schools Scholarship Granting Organizations		P.O. Box 492, Granville, Ohio 43023
2026	88-2306443	2026-09-03	2027-09-03	Ohio EduCare, Inc.		7625 Nebraska Rd NW, Dundee, Ohio 44624
2026	88-2008090	2026-08-26	2027-08-26	Ohio Scholarship Fund	Every Child Every Family	1335 Dublin Road, Ste. 50-A, Columbus, Ohio 43215
2026	41-4438348	2026-07-01	2027-07-01	Renew Scholarships		1120 Dogwood Blvd., Vinton, Virginia 24179
2026	92-1890302	2026-01-28	2027-01-28	Saint Joseph Academy Scholarship Granting Organization		3470 Rocky River Drive, Cleveland, Ohio 44111
2026	34-1886759	2026-04-10	2027-04-10	Saint Ursula Academy Foundation, Inc.	St. Ursula Academy Foundation	4025 Indian Road, Toledo, Ohio 43606
2026	20-8250727	2026-06-17	2027-06-17	Servant Partners Inc.	Servant Partners Inc.	P.O. Box 221, Berlin, Ohio 44610
2026	92-2947353	2026-07-16	2027-07-16	Seton Catholic School Scholarship Granting Organization		6923 Stow Rd, Hudson, Ohio 44236
2026	92-2429826	2026-03-03	2027-03-03	Seton Cincinnati SGO		3901 Glenway Avenue, Cincinnati, Ohio 45205
2026	93-1632132	2026-01-29	2027-01-29	SMDPHS Scholarship Granting Organization	STMDPHS	6202 St. Clair, CLEVELAND, Ohio 44103
2026	92-0379316	2026-09-16	2027-09-16	St Ignatius High School Scholarship Granting Organization	Wildcat Ohio Tax Credit Fund	1911 W 30th St, Cleveland, Ohio 44113
2026	34-1696266	2026-04-22	2027-04-22	St. Francis de Sales High School Foundation		2323 W Bancroft St, Toledo, Ohio 43607
2026	92-2540704	2026-09-29	2027-09-29	St. Ursula Academy Scholarship Granting Organization	SUA SGO	1339 E. McMillan Street, Cincinnati, Ohio 45206
2026	93-2535315	2026-09-15	2027-09-15	The Ohio Commodores Scholarship Fund		PO Box 273, Buckeye Lake, Ohio 43008
2026	87-3652751	2026-06-27	2027-06-27	THE SCHOLARSHIP GRANTING ORGANIZATION OF THE CATHOLIC COMMUNITY FOUNDATION	Angel Scholarship Fund	1404 East 9th Street, Cleveland, Ohio 44114
2026	92-2707224	2026-05-22	2027-05-22	THE ST JOHNS JESUIT SCHOLARSHIP GRANTING ORGANIZATION		5901 Airport Hwy, Toledo, Ohio 43615
2026	88-2898447	2026-10-17	2027-10-17	The Way They Should Go Fund	Emmanuel Christian Academy	2177 EMMANUEL WAY, Springfield, Ohio 45502
2026	31-1233054	2026-05-28	2027-05-28	Ursuline Foundation		5535 Pfeiffer Road, Cincinnati, Ohio 45242
2026	93-3579746	2026-02-11	2027-02-11	Waldorf Method Education Scholarship Association	The Juniper School	76 Charleston Ave., Columbus, Ohio 43214
2026	92-0669051	2026-10-01	2027-10-01	Xavier-SGO	Xavier-SGO	600 W North Bend Road, Cincinnati, Ohio 45224
